age,job,marital,education,default,balance,housing,loan,contact,month,duration,campaign,previous,poutcome,deposit
45,admin.,married,secondary,no,1018,no,no,unknown,jun,77,1,0,unknown,no
57,retired,married,secondary,no,602,no,no,cellular,jan,230,1,0,unknown,no
29,blue-collar,married,secondary,no,2850,yes,no,cellular,jul,1020,1,0,unknown,yes
46,blue-collar,married,primary,no,500,no,no,cellular,aug,98,3,0,unknown,no
32,technician,married,tertiary,no,7987,no,no,cellular,nov,106,1,3,failure,no
32,technician,single,tertiary,no,686,no,no,cellular,aug,234,4,0,unknown,no
40,management,married,tertiary,no,350,yes,no,cellular,may,799,2,6,other,no
41,admin.,married,secondary,no,-70,no,no,cellular,nov,199,1,0,unknown,no
34,blue-collar,married,secondary,no,-312,yes,no,cellular,jul,264,1,0,unknown,no
38,technician,married,tertiary,no,102,no,no,cellular,aug,204,4,0,unknown,no
31,technician,single,secondary,no,1185,yes,no,cellular,apr,184,3,0,unknown,no
32,management,married,tertiary,no,262,no,no,cellular,jan,455,2,0,unknown,no
69,retired,married,secondary,no,20958,yes,no,cellular,apr,318,2,0,unknown,no
47,management,married,tertiary,no,363,yes,no,cellular,jul,119,5,0,unknown,no
34,retired,married,primary,no,4456,no,no,unknown,may,1683,1,0,unknown,yes
53,unknown,married,primary,no,710,no,no,cellular,oct,784,2,0,unknown,yes
51,management,married,tertiary,no,1235,no,no,cellular,aug,38,4,0,unknown,no
33,management,married,tertiary,no,508,no,no,cellular,feb,334,3,2,failure,yes
49,blue-collar,married,secondary,no,896,yes,no,cellular,aug,151,5,0,unknown,no
26,services,single,secondary,no,36,yes,no,cellular,mar,189,2,8,other,no
46,admin.,married,secondary,no,1324,no,no,telephone,jan,118,2,0,unknown,no
52,management,married,tertiary,no,6780,no,no,cellular,feb,231,1,0,unknown,yes
36,blue-collar,married,primary,no,-1,yes,no,cellular,jul,170,13,0,unknown,no
37,admin.,single,secondary,no,1273,no,no,cellular,jul,87,9,0,unknown,no
39,services,single,secondary,no,601,yes,no,cellular,may,1258,3,0,unknown,yes
48,blue-collar,married,primary,no,5374,yes,no,unknown,may,268,3,0,unknown,no
42,technician,married,secondary,no,1594,yes,no,unknown,may,1409,1,0,unknown,yes
47,admin.,married,unknown,no,3760,no,no,cellular,aug,68,10,0,unknown,no
59,management,divorced,secondary,no,203,no,no,cellular,aug,573,3,0,unknown,yes
26,services,married,secondary,no,177,no,no,cellular,jul,131,6,0,unknown,no
37,services,single,primary,no,-43,no,yes,cellular,feb,147,6,5,other,no
28,blue-collar,single,secondary,no,28,yes,no,cellular,may,91,1,0,unknown,no
60,retired,divorced,tertiary,no,966,yes,no,cellular,jul,330,1,4,success,yes
31,services,married,secondary,no,326,no,no,cellular,dec,161,2,0,unknown,yes
40,admin.,divorced,secondary,no,178,yes,no,cellular,may,202,2,0,unknown,no
38,technician,single,secondary,no,444,yes,no,cellular,jan,225,2,0,unknown,no
59,self-employed,married,tertiary,no,2474,no,no,cellular,nov,398,2,0,unknown,yes
42,management,married,tertiary,no,1436,no,no,unknown,oct,339,1,0,unknown,yes
33,services,married,secondary,no,65,no,yes,unknown,jul,685,1,0,unknown,yes
39,services,single,secondary,no,299,yes,no,unknown,may,57,1,0,unknown,no
28,management,single,tertiary,no,432,no,no,cellular,sep,855,1,4,success,yes
52,technician,married,secondary,no,321,yes,no,cellular,feb,218,1,5,failure,yes
30,entrepreneur,married,secondary,no,2403,yes,no,unknown,jun,133,2,0,unknown,no
43,technician,single,secondary,no,666,yes,no,unknown,may,47,1,0,unknown,no
31,management,single,secondary,no,1436,no,no,cellular,aug,512,2,0,unknown,no
51,blue-collar,married,primary,no,106,no,no,telephone,apr,480,1,0,unknown,yes
38,services,married,secondary,no,2783,yes,no,unknown,jun,601,1,0,unknown,yes
25,management,single,tertiary,no,1310,no,no,cellular,may,179,1,0,unknown,yes
28,admin.,single,secondary,no,418,yes,no,unknown,may,739,6,0,unknown,yes
33,self-employed,single,tertiary,no,-87,yes,no,cellular,may,785,1,0,unknown,yes
44,technician,divorced,secondary,no,2471,no,no,cellular,aug,903,3,0,unknown,yes
31,management,single,tertiary,no,1997,no,no,cellular,apr,217,1,0,unknown,yes
38,services,married,secondary,no,3180,yes,no,unknown,may,145,2,0,unknown,no
19,student,single,unknown,no,708,no,no,cellular,nov,242,2,0,unknown,yes
35,blue-collar,married,primary,no,486,yes,no,cellular,may,92,2,0,unknown,no
61,retired,married,secondary,no,-12,no,no,cellular,oct,130,1,0,unknown,yes
31,management,single,tertiary,no,40,no,no,cellular,aug,157,2,0,unknown,no
50,admin.,divorced,secondary,no,703,yes,no,telephone,jul,56,8,0,unknown,no
42,technician,married,secondary,no,1174,no,yes,cellular,aug,118,8,0,unknown,no
27,technician,married,tertiary,no,-62,yes,yes,unknown,may,265,2,0,unknown,no
56,management,married,tertiary,no,385,yes,yes,cellular,may,223,1,3,failure,no
83,retired,married,primary,no,8627,no,no,cellular,jul,451,1,0,unknown,yes
39,admin.,single,secondary,no,574,no,no,cellular,jul,1334,2,0,unknown,yes
38,management,married,secondary,no,373,no,no,cellular,apr,440,1,1,success,yes
52,technician,married,secondary,no,133,no,no,cellular,aug,92,5,0,unknown,no
28,self-employed,single,tertiary,no,416,no,no,cellular,nov,439,2,4,success,yes
35,student,married,tertiary,no,324,yes,no,cellular,may,1024,3,3,failure,yes
37,housemaid,married,secondary,no,319,no,no,unknown,jun,167,1,0,unknown,no
71,retired,married,secondary,no,1824,no,no,cellular,oct,505,1,0,unknown,yes
37,management,married,tertiary,no,1209,no,no,cellular,apr,231,1,0,unknown,yes
35,unknown,married,primary,no,472,no,no,cellular,jul,204,2,0,unknown,no
37,blue-collar,married,primary,no,4602,yes,no,cellular,may,348,1,0,unknown,no
26,student,single,unknown,no,2453,no,no,cellular,feb,92,2,0,unknown,no
33,technician,married,secondary,no,521,yes,no,cellular,jan,266,1,1,other,no
29,admin.,married,secondary,no,156,yes,no,cellular,may,1216,3,1,failure,no
46,blue-collar,married,secondary,no,-161,no,yes,cellular,aug,117,1,0,unknown,no
40,management,married,tertiary,no,248,no,no,cellular,jul,108,8,0,unknown,no
30,entrepreneur,single,tertiary,yes,-383,yes,yes,cellular,aug,698,2,0,unknown,yes
35,entrepreneur,married,tertiary,no,1767,yes,no,cellular,jul,223,2,0,unknown,no
52,management,single,tertiary,no,-28,no,no,cellular,aug,1203,6,0,unknown,yes
38,admin.,married,secondary,no,276,yes,no,cellular,jun,90,1,0,unknown,yes
40,entrepreneur,married,tertiary,no,992,yes,no,cellular,aug,873,3,1,other,yes
41,blue-collar,married,secondary,no,531,no,no,cellular,jul,316,2,0,unknown,yes
37,admin.,single,secondary,no,54,yes,no,cellular,may,23,2,5,failure,no
39,blue-collar,married,primary,no,113,no,no,unknown,may,797,1,0,unknown,yes
42,blue-collar,married,primary,no,-137,no,no,cellular,jul,67,5,0,unknown,no
40,admin.,single,unknown,no,441,yes,no,cellular,apr,350,2,6,other,no
51,blue-collar,married,primary,no,4851,no,yes,unknown,jun,76,7,0,unknown,no
78,retired,divorced,secondary,no,3350,no,no,cellular,feb,148,1,0,unknown,yes
31,technician,single,tertiary,no,2941,yes,no,cellular,may,520,2,0,unknown,yes
55,blue-collar,married,secondary,no,3893,yes,no,cellular,may,566,1,0,unknown,yes
55,technician,divorced,secondary,no,170,yes,no,unknown,may,167,3,0,unknown,no
39,blue-collar,married,secondary,no,275,yes,no,unknown,may,207,2,0,unknown,no
29,blue-collar,single,secondary,no,125,yes,no,cellular,may,260,3,0,unknown,no
38,blue-collar,single,secondary,no,-107,no,no,cellular,aug,219,2,1,failure,no
58,management,married,tertiary,no,1268,no,no,cellular,sep,399,2,1,success,yes
48,management,married,secondary,no,2763,no,no,cellular,jul,433,1,1,success,yes
39,blue-collar,single,primary,no,460,yes,no,cellular,feb,248,1,1,other,yes
28,management,single,tertiary,no,9671,no,no,cellular,oct,761,2,0,unknown,no
49,services,married,secondary,no,1370,yes,no,unknown,may,1103,1,0,unknown,no
38,services,single,tertiary,no,1218,yes,no,unknown,jun,237,2,0,unknown,no
41,blue-collar,married,primary,no,-65,yes,yes,unknown,may,246,1,0,unknown,no
46,management,married,tertiary,no,44,yes,no,cellular,may,473,2,1,failure,no
42,blue-collar,single,secondary,no,124,yes,no,unknown,may,943,3,0,unknown,yes
30,management,single,tertiary,no,351,yes,no,unknown,jun,168,9,0,unknown,no
35,blue-collar,divorced,secondary,no,1183,yes,yes,cellular,nov,145,2,0,unknown,no
47,housemaid,divorced,secondary,no,1269,no,no,unknown,jun,301,1,0,unknown,no
38,technician,married,secondary,no,1434,no,no,cellular,aug,91,12,0,unknown,no
64,management,married,unknown,no,2019,no,no,cellular,may,176,2,11,success,yes
41,self-employed,married,secondary,no,-152,no,no,unknown,jun,70,1,0,unknown,no
40,management,married,secondary,no,640,yes,no,cellular,apr,73,2,1,failure,no
39,blue-collar,married,secondary,no,956,yes,yes,cellular,may,203,1,0,unknown,no
44,management,married,tertiary,no,1256,no,no,unknown,oct,295,1,0,unknown,yes
56,management,divorced,tertiary,no,322,yes,no,cellular,may,371,2,1,failure,no
38,management,married,tertiary,no,1519,yes,no,cellular,jan,45,2,0,unknown,no
41,blue-collar,married,secondary,no,471,yes,no,cellular,may,851,1,1,failure,yes
59,technician,divorced,secondary,no,2857,yes,no,cellular,aug,396,2,0,unknown,no
26,student,single,unknown,no,992,no,no,cellular,jan,179,1,0,unknown,no
39,management,married,tertiary,no,-99,no,no,unknown,may,194,8,0,unknown,no
41,management,married,tertiary,no,-34,no,no,cellular,nov,323,1,0,unknown,no
28,technician,single,secondary,no,1743,yes,no,unknown,may,370,2,0,unknown,no
53,admin.,married,secondary,no,963,no,no,cellular,aug,69,2,0,unknown,no
74,retired,married,primary,no,2499,no,no,cellular,feb,417,2,3,success,yes
30,technician,single,secondary,no,-14,yes,no,cellular,may,72,1,0,unknown,no
30,management,single,tertiary,no,62,yes,no,cellular,may,160,2,0,unknown,no
39,self-employed,married,secondary,no,-252,yes,no,cellular,may,632,1,0,unknown,yes
38,entrepreneur,married,tertiary,no,648,no,yes,cellular,nov,83,2,1,failure,no
27,technician,single,secondary,no,-44,no,no,unknown,jul,643,2,0,unknown,yes
38,management,married,tertiary,no,320,no,no,cellular,apr,352,3,3,other,yes
47,admin.,married,secondary,no,496,no,no,cellular,aug,302,1,4,other,yes
57,admin.,married,secondary,no,554,no,no,cellular,nov,275,1,3,failure,yes
31,management,married,tertiary,no,1335,yes,no,cellular,aug,1154,4,0,unknown,yes
29,blue-collar,single,secondary,no,1268,no,no,telephone,jan,211,2,17,other,no
36,management,married,tertiary,no,-680,yes,no,cellular,jul,108,1,0,unknown,no
35,management,single,tertiary,no,2936,no,no,cellular,feb,700,1,0,unknown,yes
59,retired,divorced,tertiary,no,3288,no,no,cellular,aug,231,1,2,success,yes
47,self-employed,married,tertiary,no,1031,no,no,cellular,oct,782,1,0,unknown,yes
36,self-employed,married,secondary,no,1700,no,no,cellular,jul,600,2,0,unknown,yes
48,management,single,secondary,no,1472,no,yes,cellular,jul,265,1,0,unknown,no
26,services,single,secondary,no,242,no,no,telephone,jan,379,2,0,unknown,no
27,blue-collar,married,secondary,no,2865,yes,no,cellular,jul,989,1,0,unknown,yes
43,management,married,primary,no,5592,yes,no,cellular,may,575,2,1,success,yes
33,self-employed,single,tertiary,no,-115,no,no,cellular,aug,846,3,0,unknown,yes
37,admin.,married,secondary,no,2108,yes,yes,cellular,jun,474,1,3,failure,yes
27,blue-collar,single,secondary,no,296,no,no,cellular,aug,118,1,0,unknown,yes
27,blue-collar,single,tertiary,no,489,no,no,cellular,nov,254,2,1,success,yes
32,admin.,single,secondary,no,217,yes,no,cellular,may,872,2,2,failure,yes
32,admin.,divorced,tertiary,no,973,no,no,cellular,may,414,2,0,unknown,yes
36,blue-collar,married,secondary,no,4682,yes,no,unknown,may,496,1,0,unknown,yes
38,blue-collar,single,secondary,no,796,yes,yes,telephone,nov,82,1,0,unknown,no
31,management,single,tertiary,no,-43,yes,no,unknown,may,380,2,0,unknown,no
27,blue-collar,single,tertiary,no,722,no,no,cellular,may,469,3,3,success,yes
59,services,married,secondary,no,377,yes,no,unknown,may,736,3,0,unknown,yes
37,management,single,tertiary,no,123,no,no,unknown,jun,1142,1,0,unknown,yes
52,management,married,tertiary,no,366,no,no,cellular,aug,98,4,0,unknown,no
37,self-employed,divorced,tertiary,no,1427,no,no,unknown,may,519,1,0,unknown,no
29,management,single,tertiary,no,-145,yes,no,cellular,feb,220,3,0,unknown,yes
34,blue-collar,single,secondary,no,400,no,no,cellular,apr,324,1,0,unknown,yes
40,services,married,secondary,no,620,yes,no,cellular,jul,385,3,0,unknown,yes
46,technician,married,secondary,no,749,yes,no,cellular,aug,192,3,0,unknown,no
33,services,married,secondary,no,929,no,yes,cellular,jul,144,2,0,unknown,no
26,admin.,single,tertiary,no,-20,no,no,cellular,jun,106,2,0,unknown,yes
47,unemployed,married,secondary,yes,161,no,no,cellular,nov,99,2,0,unknown,no
26,services,single,secondary,no,-334,yes,no,unknown,jun,81,9,0,unknown,no
49,blue-collar,married,tertiary,no,5496,yes,no,cellular,nov,85,3,0,unknown,no
44,admin.,divorced,secondary,no,95,yes,yes,cellular,feb,158,1,1,other,yes
42,blue-collar,married,primary,no,-133,yes,no,unknown,may,146,1,0,unknown,no
33,technician,married,secondary,no,80,no,no,cellular,jul,628,1,0,unknown,no
54,admin.,married,tertiary,no,162,no,no,unknown,may,649,2,0,unknown,yes
59,technician,married,primary,no,71,no,yes,cellular,jul,16,5,0,unknown,no
58,retired,married,primary,no,-179,no,no,cellular,jun,496,2,0,unknown,yes
56,management,married,tertiary,no,500,no,no,cellular,nov,168,2,0,unknown,no
46,admin.,married,secondary,no,3475,no,no,cellular,apr,447,1,0,unknown,yes
38,entrepreneur,married,tertiary,no,-190,no,no,cellular,jul,530,2,0,unknown,yes
49,technician,married,secondary,no,12,yes,yes,cellular,jul,69,4,0,unknown,no
60,blue-collar,married,unknown,no,2042,yes,no,cellular,may,967,2,0,unknown,yes
27,unemployed,single,secondary,no,524,no,no,cellular,oct,186,1,3,other,yes
37,technician,married,tertiary,no,161,yes,no,cellular,aug,168,1,1,success,yes
35,entrepreneur,single,tertiary,no,1345,yes,no,cellular,may,104,1,12,other,no
47,self-employed,married,primary,no,3095,no,no,cellular,aug,75,8,0,unknown,no
33,services,single,secondary,no,249,no,no,cellular,jul,781,1,0,unknown,yes
68,retired,divorced,tertiary,no,511,no,no,cellular,aug,439,1,0,unknown,yes
36,management,married,tertiary,no,1628,no,no,telephone,feb,27,2,1,failure,no
23,blue-collar,single,secondary,no,346,yes,no,cellular,may,192,1,2,other,no
54,admin.,married,unknown,no,156,no,no,telephone,apr,496,2,2,failure,yes
43,unemployed,divorced,secondary,no,1650,no,no,cellular,apr,318,1,0,unknown,yes
30,management,single,tertiary,no,8355,no,no,cellular,jun,395,2,0,unknown,yes
36,self-employed,divorced,tertiary,no,1445,yes,no,unknown,may,748,2,0,unknown,yes
41,management,married,tertiary,no,221,yes,yes,unknown,may,141,3,0,unknown,no
38,admin.,married,secondary,no,-390,yes,no,cellular,apr,677,2,0,unknown,no
34,self-employed,married,tertiary,no,1946,yes,no,cellular,jul,32,2,0,unknown,no
29,admin.,single,tertiary,no,366,yes,no,cellular,feb,742,2,0,unknown,yes
34,services,single,tertiary,no,3134,no,no,cellular,oct,325,1,0,unknown,yes
41,management,married,tertiary,no,-327,no,no,cellular,nov,676,3,0,unknown,yes
44,blue-collar,married,secondary,no,259,yes,no,unknown,may,56,2,0,unknown,no
44,technician,divorced,secondary,no,6928,no,no,cellular,nov,199,1,2,failure,no
52,management,divorced,tertiary,no,6403,yes,no,telephone,jul,190,2,0,unknown,no
33,blue-collar,married,secondary,no,671,yes,no,cellular,apr,651,2,0,unknown,yes
47,admin.,single,secondary,no,3567,no,no,cellular,jan,743,4,0,unknown,yes
29,blue-collar,married,secondary,no,7680,yes,no,cellular,may,1130,1,0,unknown,yes
37,unemployed,divorced,secondary,no,984,no,no,cellular,aug,412,3,0,unknown,yes
39,admin.,single,unknown,no,88,yes,no,cellular,may,63,1,0,unknown,no
35,management,married,tertiary,no,1271,no,no,cellular,sep,205,1,0,unknown,yes
36,technician,single,tertiary,no,416,no,no,cellular,apr,269,1,0,unknown,yes
33,blue-collar,married,secondary,no,652,no,no,cellular,apr,157,1,0,unknown,yes
57,retired,divorced,secondary,no,-758,yes,no,cellular,may,225,1,2,failure,no
42,blue-collar,married,secondary,no,-70,yes,no,cellular,may,132,1,0,unknown,no
33,management,single,tertiary,no,930,no,no,cellular,feb,395,2,8,success,yes
59,management,married,tertiary,no,4694,no,no,telephone,nov,402,1,0,unknown,yes
50,blue-collar,married,primary,no,542,yes,yes,cellular,aug,23,3,0,unknown,no
35,services,married,secondary,no,4623,no,no,cellular,jun,154,1,5,success,yes
36,technician,married,secondary,no,110,no,no,cellular,aug,105,4,0,unknown,no
42,blue-collar,married,primary,no,1135,yes,no,cellular,nov,1048,1,0,unknown,yes
30,management,single,tertiary,no,1877,no,no,unknown,jun,299,2,0,unknown,no
77,retired,married,secondary,no,9354,no,no,telephone,mar,517,1,0,unknown,yes
57,management,married,tertiary,no,1274,no,no,cellular,jul,180,1,5,failure,no
41,technician,single,tertiary,no,333,no,no,cellular,jul,1822,2,0,unknown,yes
44,management,married,tertiary,no,-1698,yes,yes,cellular,may,272,1,0,unknown,no
30,technician,single,secondary,no,969,yes,no,unknown,nov,170,1,0,unknown,yes
38,management,married,tertiary,no,38,no,no,cellular,sep,252,12,6,failure,no
57,self-employed,married,unknown,no,-55,no,no,cellular,aug,154,1,0,unknown,no
28,admin.,married,secondary,no,228,yes,yes,cellular,jul,149,2,0,unknown,no
30,technician,married,secondary,no,1956,no,no,cellular,dec,437,1,2,failure,yes
32,student,single,tertiary,no,7630,no,no,cellular,oct,357,1,0,unknown,yes
35,admin.,single,secondary,no,2766,no,no,unknown,jun,30,12,0,unknown,no
29,management,single,tertiary,no,384,yes,no,cellular,dec,378,3,0,unknown,yes
39,management,married,tertiary,no,438,no,no,cellular,sep,213,1,5,success,yes
43,blue-collar,married,secondary,no,837,yes,yes,cellular,nov,1251,2,2,other,yes
37,blue-collar,married,secondary,yes,-597,yes,yes,unknown,jun,7,3,0,unknown,no
51,management,married,tertiary,yes,-26,no,yes,cellular,jul,189,6,0,unknown,no
61,self-employed,married,tertiary,no,3576,no,no,cellular,feb,184,3,0,unknown,no
33,management,divorced,tertiary,no,2287,no,no,cellular,mar,307,2,1,success,yes
37,blue-collar,married,secondary,no,1446,no,no,unknown,jun,296,2,0,unknown,no
31,management,single,tertiary,no,12577,yes,no,cellular,feb,201,1,1,success,yes
29,management,single,tertiary,no,442,no,no,cellular,aug,178,3,0,unknown,no
24,management,single,tertiary,no,2546,no,no,cellular,feb,490,1,0,unknown,yes
77,retired,married,secondary,no,398,no,no,telephone,apr,260,4,0,unknown,yes
34,blue-collar,single,primary,no,529,yes,no,unknown,may,355,1,0,unknown,no
28,student,single,tertiary,no,1279,no,no,cellular,oct,828,1,4,success,yes
49,management,married,tertiary,no,5413,yes,no,unknown,jun,801,1,0,unknown,yes
28,admin.,married,tertiary,no,309,yes,yes,cellular,feb,135,2,0,unknown,no
52,unemployed,married,secondary,no,510,yes,no,unknown,may,94,2,0,unknown,no
39,blue-collar,single,secondary,no,39,no,no,cellular,nov,1001,1,0,unknown,yes
71,retired,divorced,unknown,no,618,no,no,telephone,jul,287,2,0,unknown,yes
58,retired,married,secondary,no,245,no,no,unknown,may,366,3,0,unknown,no
40,retired,single,secondary,no,1559,no,no,unknown,jun,14,7,0,unknown,no
54,management,married,secondary,no,2885,yes,no,cellular,feb,11,2,1,failure,no
76,retired,divorced,secondary,no,2173,no,no,telephone,nov,155,1,0,unknown,no
33,self-employed,married,secondary,no,69,yes,yes,cellular,jul,133,4,0,unknown,no
46,blue-collar,married,primary,no,216,yes,no,unknown,may,488,5,0,unknown,yes
37,blue-collar,divorced,secondary,no,-35,yes,no,cellular,apr,124,4,0,unknown,yes
29,management,single,tertiary,no,5653,yes,no,cellular,feb,221,1,1,success,yes
59,blue-collar,married,secondary,no,2537,no,no,cellular,jan,68,2,0,unknown,no
47,entrepreneur,married,tertiary,no,-119,no,no,telephone,nov,106,2,0,unknown,no
24,admin.,single,secondary,no,701,yes,yes,unknown,may,218,1,0,unknown,no
44,admin.,married,unknown,no,120,no,yes,unknown,may,175,2,0,unknown,no
36,blue-collar,single,secondary,no,360,yes,no,cellular,may,630,1,0,unknown,yes
62,retired,married,secondary,no,-109,no,no,cellular,aug,143,1,0,unknown,no
37,entrepreneur,married,tertiary,no,7874,no,no,cellular,nov,108,1,0,unknown,no
38,technician,divorced,secondary,no,1462,yes,yes,cellular,aug,82,7,0,unknown,no
33,management,married,tertiary,no,2046,yes,no,unknown,jun,119,4,0,unknown,no
50,technician,married,primary,no,536,no,no,unknown,jun,25,3,0,unknown,no
42,management,divorced,secondary,no,-380,no,no,cellular,jul,180,1,0,unknown,no
56,blue-collar,married,secondary,no,1359,no,no,unknown,jun,922,1,0,unknown,yes
43,technician,married,secondary,no,8041,yes,no,cellular,aug,216,2,0,unknown,no
41,technician,married,secondary,no,1895,no,no,cellular,aug,121,2,0,unknown,no
45,admin.,married,unknown,no,6,no,yes,unknown,may,139,2,0,unknown,no
38,blue-collar,married,secondary,no,-145,yes,no,unknown,may,233,1,0,unknown,no
41,services,married,tertiary,no,1055,no,no,cellular,oct,245,3,0,unknown,yes
30,blue-collar,married,primary,no,6177,yes,yes,cellular,nov,418,1,1,failure,no
46,technician,divorced,secondary,no,249,no,no,cellular,jul,219,1,0,unknown,no
39,services,married,secondary,no,-341,yes,no,cellular,jul,180,10,0,unknown,no
24,blue-collar,single,secondary,no,-107,yes,no,cellular,jul,663,1,0,unknown,yes
31,technician,single,secondary,no,1679,yes,no,unknown,may,219,2,0,unknown,no
34,housemaid,married,tertiary,no,1042,no,no,cellular,aug,210,4,0,unknown,no
41,admin.,married,secondary,no,366,yes,no,cellular,may,324,1,5,success,yes
48,technician,divorced,tertiary,no,2181,no,no,cellular,aug,135,7,0,unknown,no
61,retired,married,secondary,no,478,no,no,cellular,nov,727,2,0,unknown,yes
53,management,married,tertiary,no,3929,no,no,cellular,may,220,4,8,success,yes
37,technician,married,secondary,no,1879,yes,no,cellular,jul,121,2,2,other,no
25,student,single,tertiary,no,38,no,no,cellular,jul,105,5,0,unknown,yes
23,unemployed,single,secondary,no,2364,no,no,cellular,may,371,2,0,unknown,yes
41,self-employed,married,secondary,no,33,no,no,cellular,aug,52,4,0,unknown,no
32,services,single,secondary,no,-74,yes,no,cellular,may,11,8,7,other,no
40,entrepreneur,married,tertiary,no,3501,no,no,unknown,jun,223,3,0,unknown,no
67,retired,married,secondary,no,2736,yes,no,telephone,jul,553,2,0,unknown,yes
28,management,single,tertiary,no,624,yes,no,cellular,feb,326,1,0,unknown,no
27,technician,single,tertiary,no,707,no,no,cellular,jan,856,2,0,unknown,yes
44,technician,single,tertiary,no,17,no,no,cellular,aug,81,4,0,unknown,no
41,housemaid,married,tertiary,no,896,yes,no,unknown,may,721,3,0,unknown,no
33,technician,married,secondary,yes,173,yes,no,unknown,may,635,1,0,unknown,no
70,housemaid,divorced,primary,no,1359,no,no,cellular,nov,306,2,1,success,yes
34,admin.,married,secondary,no,-90,yes,no,cellular,apr,624,1,1,failure,no
39,blue-collar,married,secondary,no,233,yes,no,cellular,jul,174,4,0,unknown,no
71,retired,married,primary,no,814,no,no,cellular,apr,395,2,0,unknown,yes
57,blue-collar,married,primary,no,8343,no,no,unknown,jun,8,11,0,unknown,no
24,blue-collar,married,secondary,no,989,yes,no,cellular,apr,388,1,0,unknown,no
50,blue-collar,married,primary,no,-252,yes,no,unknown,may,88,3,0,unknown,no
55,technician,divorced,secondary,no,1047,no,yes,cellular,jul,676,1,0,unknown,yes
39,entrepreneur,married,secondary,no,1128,yes,no,telephone,jul,48,2,0,unknown,no
37,blue-collar,married,secondary,no,270,yes,yes,cellular,may,493,1,0,unknown,no
58,management,married,tertiary,no,1433,no,no,cellular,jul,184,1,5,failure,no
43,services,married,secondary,no,112,yes,yes,cellular,may,647,4,1,failure,yes
36,management,single,tertiary,no,1696,yes,no,unknown,may,152,2,0,unknown,no
27,management,single,tertiary,no,1876,no,no,cellular,apr,264,1,0,unknown,yes
82,retired,married,secondary,no,61,no,no,telephone,feb,316,1,0,unknown,yes
55,management,married,primary,no,2628,no,no,cellular,sep,355,2,2,success,yes
45,technician,single,secondary,no,406,yes,no,cellular,aug,1746,4,0,unknown,yes
26,admin.,single,secondary,no,1177,no,no,cellular,mar,161,4,0,unknown,no
42,admin.,married,secondary,no,-4,yes,no,unknown,may,23,24,0,unknown,no
27,self-employed,single,tertiary,no,1506,no,no,cellular,jan,171,1,3,failure,yes
22,student,single,secondary,no,258,no,no,cellular,feb,223,3,2,success,yes
52,admin.,divorced,secondary,no,2084,yes,no,unknown,may,59,1,0,unknown,no
45,self-employed,single,tertiary,no,1564,yes,no,cellular,apr,1200,3,1,other,yes
41,management,married,tertiary,no,280,yes,no,unknown,may,506,2,0,unknown,no
54,technician,married,secondary,no,1016,yes,no,cellular,feb,230,1,1,failure,no
30,blue-collar,married,secondary,no,3130,no,no,unknown,may,186,2,0,unknown,no
35,admin.,single,tertiary,no,1053,no,no,cellular,apr,401,1,2,failure,yes
28,management,single,tertiary,no,1911,no,no,cellular,jun,211,1,8,other,yes
35,technician,married,tertiary,no,1362,no,no,cellular,jun,257,2,0,unknown,yes
57,admin.,married,secondary,no,166,no,no,cellular,nov,296,1,3,failure,yes
30,admin.,married,secondary,no,650,yes,no,unknown,may,719,3,0,unknown,yes
32,admin.,married,tertiary,no,324,no,no,unknown,jul,163,2,0,unknown,no
34,technician,single,secondary,no,1265,yes,no,cellular,oct,352,3,10,success,yes
50,services,married,secondary,no,563,yes,yes,unknown,may,45,2,0,unknown,no
57,management,divorced,unknown,no,115,no,no,unknown,may,89,1,0,unknown,no
47,entrepreneur,married,secondary,no,0,no,no,unknown,jun,555,2,0,unknown,no
44,blue-collar,married,secondary,no,1211,yes,no,unknown,jun,217,1,0,unknown,no
26,student,single,secondary,no,-95,no,no,cellular,feb,1234,2,0,unknown,yes
47,admin.,married,secondary,no,259,yes,no,cellular,jul,1370,2,0,unknown,yes
29,self-employed,single,tertiary,no,599,no,no,cellular,mar,266,1,0,unknown,yes
50,unemployed,married,secondary,no,3423,yes,no,unknown,may,325,3,0,unknown,no
23,blue-collar,single,secondary,yes,-203,yes,no,unknown,jun,484,3,0,unknown,yes
33,technician,married,secondary,no,3740,yes,no,cellular,nov,103,2,0,unknown,no
48,admin.,married,unknown,no,3658,no,no,cellular,aug,49,10,0,unknown,no
23,admin.,married,secondary,no,164,yes,no,unknown,jun,126,1,0,unknown,no
46,management,married,tertiary,no,527,no,no,cellular,sep,413,3,0,unknown,no
53,management,married,tertiary,no,-745,yes,no,unknown,may,506,2,0,unknown,no
48,technician,married,primary,no,491,no,no,cellular,sep,410,2,3,success,yes
31,management,married,tertiary,no,642,no,no,cellular,aug,209,5,0,unknown,no
43,technician,married,tertiary,no,14249,yes,no,cellular,aug,663,4,0,unknown,yes
32,technician,married,secondary,no,618,yes,no,cellular,jul,895,1,0,unknown,yes
41,management,married,secondary,yes,-32,no,no,cellular,feb,177,1,0,unknown,no
44,technician,divorced,secondary,no,613,yes,no,unknown,aug,2,1,1,success,no
54,services,married,secondary,no,2599,yes,no,unknown,may,577,1,0,unknown,yes
40,technician,single,secondary,no,-140,yes,no,cellular,apr,534,1,0,unknown,yes
43,management,divorced,unknown,no,7620,no,no,cellular,may,483,1,2,success,yes
28,admin.,single,secondary,no,288,yes,yes,cellular,jan,240,3,6,success,yes
31,management,married,tertiary,no,252,no,no,cellular,jul,36,1,0,unknown,no
41,technician,married,secondary,no,-293,yes,no,cellular,feb,361,1,2,failure,no
51,self-employed,single,secondary,no,-251,no,no,cellular,oct,1702,2,0,unknown,yes
21,student,single,secondary,no,2076,no,no,cellular,nov,440,2,10,other,yes
34,technician,single,secondary,no,127,no,yes,cellular,aug,46,2,0,unknown,no
32,technician,married,secondary,no,996,no,no,cellular,aug,21,13,0,unknown,no
43,services,divorced,secondary,no,848,yes,no,unknown,may,539,3,0,unknown,yes
40,blue-collar,married,primary,no,201,yes,no,unknown,may,110,1,0,unknown,no
58,unknown,married,unknown,no,1637,no,no,telephone,aug,1185,4,0,unknown,yes
42,services,divorced,secondary,no,671,no,no,cellular,nov,164,1,0,unknown,no
55,unemployed,married,primary,no,1450,no,yes,cellular,jul,123,1,0,unknown,no
48,blue-collar,married,secondary,no,776,yes,no,cellular,apr,225,1,0,unknown,no
52,admin.,married,secondary,no,711,no,no,cellular,oct,89,2,3,failure,no
43,management,married,tertiary,no,1568,yes,no,unknown,may,393,3,0,unknown,no
27,unemployed,married,primary,no,7733,yes,no,cellular,feb,961,5,2,failure,yes
59,management,single,tertiary,no,19,yes,no,unknown,may,171,2,0,unknown,no
34,admin.,divorced,primary,no,9871,yes,no,unknown,may,40,2,0,unknown,no
30,technician,single,tertiary,no,-117,yes,no,cellular,jul,109,1,8,success,yes
33,management,married,tertiary,no,157,no,no,cellular,jul,100,2,0,unknown,no
42,blue-collar,married,unknown,no,625,yes,no,cellular,nov,355,2,0,unknown,no
55,unemployed,married,secondary,no,1595,yes,no,cellular,feb,950,2,0,unknown,no
40,blue-collar,single,tertiary,no,147,yes,no,cellular,feb,160,2,2,failure,yes
27,unemployed,single,secondary,no,444,no,no,cellular,jul,542,1,0,unknown,yes
32,technician,single,secondary,no,1906,yes,no,cellular,apr,110,1,0,unknown,yes
34,blue-collar,married,secondary,no,416,yes,no,unknown,may,109,1,0,unknown,no
36,blue-collar,married,primary,no,189,yes,no,cellular,jul,175,13,0,unknown,no
57,blue-collar,married,primary,no,148,no,no,unknown,jun,105,1,0,unknown,no
62,retired,married,secondary,no,18152,no,no,cellular,jul,361,1,0,unknown,yes
31,blue-collar,married,secondary,no,3094,yes,no,unknown,may,1374,2,0,unknown,yes
52,blue-collar,married,primary,no,66698,no,no,cellular,aug,110,3,0,unknown,no
23,student,single,secondary,no,66,no,no,cellular,jun,127,1,0,unknown,no
59,unemployed,married,secondary,no,1015,no,no,cellular,feb,135,3,0,unknown,yes
36,entrepreneur,single,tertiary,no,238,yes,no,cellular,jul,796,2,0,unknown,yes
26,management,single,tertiary,no,58,no,no,cellular,apr,459,1,0,unknown,yes
37,services,married,secondary,no,1667,yes,yes,cellular,jan,398,2,6,failure,no
36,blue-collar,married,secondary,no,2007,yes,no,cellular,apr,22,1,0,unknown,no
40,management,married,tertiary,no,148,no,no,cellular,feb,119,3,0,unknown,no
33,management,married,tertiary,no,51,no,no,cellular,aug,161,1,0,unknown,no
50,management,married,tertiary,no,-97,no,no,unknown,jun,323,1,0,unknown,yes
48,self-employed,married,secondary,no,326,no,no,cellular,aug,131,8,0,unknown,no
33,services,married,secondary,no,-154,yes,yes,cellular,may,187,1,0,unknown,no
42,technician,married,secondary,no,-67,no,no,cellular,aug,274,4,0,unknown,no
43,management,married,tertiary,no,7127,no,no,unknown,jun,108,2,0,unknown,no
25,student,single,secondary,no,1916,no,no,cellular,jun,1192,4,1,failure,yes
30,blue-collar,single,secondary,yes,138,yes,no,unknown,may,382,1,0,unknown,yes
52,self-employed,married,secondary,no,-362,yes,no,unknown,may,326,1,0,unknown,no
58,management,married,tertiary,no,3590,yes,no,unknown,jun,326,1,0,unknown,no
39,technician,married,tertiary,no,341,no,no,cellular,aug,403,2,0,unknown,yes
39,blue-collar,single,secondary,no,1297,no,no,unknown,jun,382,1,0,unknown,no
54,management,married,tertiary,no,-88,yes,yes,telephone,may,72,5,0,unknown,no
34,technician,married,tertiary,no,3241,yes,no,cellular,nov,487,2,1,failure,yes
35,management,single,tertiary,no,91,no,no,cellular,aug,357,2,1,failure,yes
23,technician,single,secondary,no,4511,no,no,cellular,jun,204,1,0,unknown,no
27,management,single,tertiary,no,825,yes,no,unknown,jun,571,3,0,unknown,yes
32,admin.,married,secondary,no,20031,no,no,cellular,apr,232,1,0,unknown,no
38,blue-collar,married,secondary,no,339,yes,no,unknown,may,93,2,0,unknown,no
93,retired,married,unknown,no,729,no,no,cellular,jul,865,2,7,success,yes
52,management,married,tertiary,no,80,no,no,telephone,oct,52,1,0,unknown,no
32,blue-collar,single,primary,no,682,yes,no,unknown,may,172,2,0,unknown,no
38,admin.,married,secondary,no,224,yes,yes,unknown,jun,176,2,0,unknown,no
34,services,single,secondary,no,2313,no,yes,telephone,jan,568,2,0,unknown,no
33,management,married,tertiary,no,1235,no,no,cellular,feb,371,1,0,unknown,yes
34,management,married,tertiary,no,2560,yes,no,cellular,jul,167,1,0,unknown,no
59,retired,married,secondary,no,671,no,no,cellular,apr,240,1,0,unknown,yes
48,blue-collar,married,primary,no,1318,no,no,cellular,aug,46,5,0,unknown,no
38,management,married,tertiary,no,-550,no,no,cellular,aug,86,6,0,unknown,no
38,housemaid,married,primary,no,17,yes,no,cellular,jul,377,3,0,unknown,no
54,blue-collar,married,primary,yes,-287,no,no,cellular,jan,441,1,0,unknown,yes
43,blue-collar,married,primary,no,-119,no,no,cellular,jul,341,9,0,unknown,no
37,entrepreneur,married,tertiary,no,305,no,no,cellular,jun,292,2,0,unknown,yes
31,management,married,tertiary,no,6157,no,no,cellular,oct,151,2,5,failure,yes
47,blue-collar,married,primary,no,814,no,no,cellular,aug,999,1,0,unknown,yes
33,blue-collar,married,tertiary,no,17729,no,no,cellular,nov,550,1,0,unknown,no
28,technician,single,secondary,no,20,yes,yes,cellular,may,534,2,1,failure,yes
32,blue-collar,married,primary,no,965,yes,no,unknown,may,116,2,0,unknown,no
30,technician,single,secondary,no,519,no,no,cellular,nov,60,7,0,unknown,no
56,technician,married,secondary,no,-192,yes,yes,cellular,apr,123,1,3,other,no
32,management,married,tertiary,no,3211,yes,no,cellular,may,1142,5,0,unknown,yes
31,blue-collar,single,secondary,no,970,yes,yes,unknown,may,75,2,0,unknown,no
41,blue-collar,married,primary,no,65,no,no,cellular,jul,71,5,0,unknown,no
28,self-employed,single,tertiary,no,241,yes,no,unknown,may,1520,2,0,unknown,yes
39,management,married,tertiary,no,7606,no,no,telephone,may,359,1,1,other,no
51,admin.,single,secondary,no,288,no,yes,cellular,jul,208,3,0,unknown,no
35,blue-collar,single,secondary,no,3497,no,no,unknown,nov,111,1,1,success,yes
54,technician,single,secondary,no,315,yes,yes,cellular,nov,116,1,2,failure,no
28,management,single,tertiary,no,898,no,no,cellular,feb,170,2,2,success,yes
28,services,single,tertiary,no,1406,yes,no,cellular,jul,187,1,0,unknown,no
37,technician,single,tertiary,no,-106,yes,no,cellular,jul,361,6,0,unknown,yes
29,services,married,secondary,no,171,yes,no,unknown,may,109,23,0,unknown,no
30,services,divorced,secondary,no,286,yes,no,cellular,apr,1087,2,0,unknown,yes
36,blue-collar,married,secondary,no,6740,yes,no,cellular,apr,206,3,0,unknown,no
34,admin.,divorced,secondary,no,1279,no,no,cellular,mar,116,7,0,unknown,yes
21,student,single,primary,no,8294,no,no,cellular,oct,451,1,0,unknown,yes
39,unemployed,married,secondary,no,1758,no,no,unknown,jun,265,6,0,unknown,no
37,services,divorced,secondary,no,287,yes,no,unknown,may,157,2,0,unknown,no
31,management,single,secondary,no,35,yes,no,cellular,nov,239,3,0,unknown,no
30,blue-collar,married,primary,no,1035,yes,no,telephone,may,44,1,1,failure,no
46,management,single,tertiary,no,2526,no,no,cellular,aug,216,5,0,unknown,no
31,blue-collar,married,secondary,no,5212,yes,no,cellular,nov,250,1,0,unknown,no
34,management,divorced,tertiary,no,2795,no,no,cellular,feb,317,2,4,other,yes
44,services,married,secondary,no,5982,yes,yes,cellular,may,210,1,0,unknown,no
55,housemaid,married,primary,no,1477,yes,no,cellular,nov,137,2,0,unknown,no
52,management,married,tertiary,no,925,no,no,cellular,nov,88,1,0,unknown,no
46,technician,married,secondary,no,721,yes,no,cellular,nov,1525,2,0,unknown,yes
28,self-employed,single,tertiary,no,896,no,no,cellular,mar,110,2,2,success,yes
50,blue-collar,married,unknown,no,580,yes,no,unknown,may,181,1,0,unknown,no
60,blue-collar,married,primary,no,359,no,no,cellular,oct,400,1,0,unknown,yes
39,admin.,married,tertiary,no,1420,yes,no,cellular,sep,150,3,1,other,no
29,technician,married,tertiary,no,-851,no,yes,unknown,jun,126,4,0,unknown,no
48,unemployed,single,tertiary,no,2999,no,no,unknown,jun,1080,1,0,unknown,yes
28,student,single,tertiary,no,-399,no,no,cellular,may,360,1,10,other,yes
60,retired,married,primary,no,545,no,no,cellular,aug,100,6,0,unknown,no
35,blue-collar,married,secondary,no,1151,yes,no,unknown,may,120,7,0,unknown,no
44,admin.,single,secondary,no,839,yes,no,cellular,nov,48,2,4,failure,no
41,entrepreneur,married,secondary,no,364,no,no,cellular,nov,82,2,0,unknown,no
55,admin.,divorced,secondary,no,1615,no,no,cellular,apr,1266,1,2,other,yes
36,entrepreneur,single,tertiary,no,1432,yes,no,cellular,may,110,1,12,other,no
35,technician,single,secondary,no,499,yes,no,cellular,may,503,2,3,failure,yes
59,technician,married,secondary,no,181,no,no,cellular,mar,241,1,0,unknown,yes
42,unemployed,married,secondary,no,766,yes,no,cellular,may,768,3,2,failure,yes
31,management,married,tertiary,no,2503,yes,yes,cellular,may,926,1,0,unknown,yes
36,housemaid,married,primary,no,41,yes,no,cellular,jul,933,2,0,unknown,yes
32,management,divorced,tertiary,no,861,yes,no,cellular,dec,785,1,5,other,yes
36,unemployed,single,tertiary,no,1304,no,no,cellular,aug,146,1,2,success,yes
39,blue-collar,married,primary,no,2728,yes,no,unknown,jun,199,3,0,unknown,no
38,blue-collar,married,primary,no,3018,yes,no,cellular,apr,417,1,3,failure,yes
32,services,single,secondary,no,2867,no,no,cellular,nov,853,1,0,unknown,yes
31,services,single,secondary,no,63,no,no,cellular,apr,339,1,0,unknown,yes
46,technician,married,secondary,no,95,no,no,cellular,may,443,1,1,success,yes
44,technician,divorced,secondary,no,6925,no,no,cellular,nov,179,1,2,failure,no
31,technician,married,secondary,no,-393,no,no,unknown,may,197,3,0,unknown,no
30,technician,married,secondary,no,427,no,yes,cellular,jul,66,4,0,unknown,no
44,management,married,tertiary,no,31373,no,no,cellular,jul,571,7,0,unknown,yes
29,self-employed,single,tertiary,no,1316,no,no,cellular,jul,167,1,4,success,yes
29,technician,single,tertiary,no,6562,yes,no,cellular,aug,252,8,0,unknown,no
45,services,divorced,secondary,no,645,yes,yes,cellular,may,1122,3,30,failure,yes
31,management,single,tertiary,no,225,no,no,cellular,sep,241,1,1,failure,yes
28,blue-collar,single,secondary,no,481,no,no,unknown,jun,405,1,6,other,yes
37,housemaid,single,tertiary,no,526,no,no,cellular,nov,207,1,2,failure,no
44,admin.,married,secondary,no,-97,yes,no,cellular,mar,246,2,0,unknown,yes
35,admin.,single,secondary,no,2613,yes,no,unknown,jun,96,2,0,unknown,no
57,entrepreneur,divorced,tertiary,no,725,no,no,unknown,jun,447,3,0,unknown,no
49,technician,married,secondary,no,112,yes,no,unknown,jun,319,4,0,unknown,no
22,management,single,tertiary,no,2632,yes,no,unknown,may,267,6,0,unknown,no
50,blue-collar,divorced,primary,no,95,no,no,cellular,nov,32,1,0,unknown,no
53,services,divorced,secondary,no,689,yes,no,cellular,may,946,3,7,other,yes
41,management,married,tertiary,no,166,no,yes,cellular,feb,32,4,0,unknown,no
54,services,married,unknown,no,349,no,yes,unknown,jun,877,1,0,unknown,yes
31,self-employed,married,secondary,no,-101,yes,no,unknown,may,275,1,0,unknown,no
49,technician,married,tertiary,no,623,no,no,unknown,jul,317,2,0,unknown,no
42,admin.,divorced,secondary,no,-110,yes,no,unknown,may,216,2,0,unknown,no
46,management,single,tertiary,no,-39,no,no,cellular,feb,1081,1,0,unknown,yes
71,retired,divorced,secondary,no,4439,no,no,cellular,sep,355,1,0,unknown,yes
66,retired,married,primary,no,1317,no,no,cellular,jan,523,2,3,failure,yes
27,services,single,secondary,no,258,no,no,cellular,jul,93,1,0,unknown,no
46,management,married,tertiary,no,282,no,no,cellular,nov,709,2,3,other,yes
41,management,divorced,tertiary,no,652,no,no,cellular,aug,170,3,0,unknown,no
25,admin.,single,secondary,no,-76,no,yes,telephone,jul,444,7,0,unknown,no
44,services,divorced,secondary,no,88,yes,no,unknown,may,170,2,0,unknown,no
37,management,married,tertiary,no,-99,yes,no,unknown,may,164,10,0,unknown,no
39,technician,married,secondary,no,65,no,no,cellular,feb,143,1,0,unknown,no
51,blue-collar,married,primary,no,2220,yes,no,cellular,may,42,7,0,unknown,no
52,unknown,married,unknown,no,836,no,no,cellular,jul,487,1,6,failure,yes
38,management,married,primary,no,2112,no,no,unknown,jun,159,2,0,unknown,no
30,admin.,married,secondary,no,128,yes,no,unknown,may,118,2,0,unknown,no
35,management,single,tertiary,no,-13,yes,no,unknown,may,71,3,0,unknown,no
59,retired,married,secondary,no,408,yes,no,cellular,may,467,2,0,unknown,no
34,technician,single,secondary,no,3429,yes,no,cellular,may,150,3,1,other,no
44,technician,divorced,unknown,yes,80,no,yes,unknown,jul,151,3,0,unknown,no
55,technician,divorced,secondary,no,1428,no,no,cellular,aug,74,1,0,unknown,no
40,technician,single,tertiary,no,574,no,no,cellular,jan,435,1,0,unknown,no
35,blue-collar,married,secondary,no,900,yes,no,cellular,may,412,3,0,unknown,yes
20,student,single,secondary,no,2510,no,no,cellular,oct,177,1,0,unknown,yes
58,management,married,tertiary,no,2340,no,no,cellular,aug,370,6,1,success,yes
33,technician,married,tertiary,no,-65,yes,no,cellular,jul,90,3,0,unknown,no
33,blue-collar,married,secondary,no,664,yes,no,cellular,jul,946,1,0,unknown,yes
38,self-employed,married,secondary,no,359,yes,no,unknown,may,125,5,0,unknown,no
44,management,married,tertiary,no,-760,yes,no,cellular,jul,187,8,0,unknown,no
52,self-employed,married,tertiary,no,4171,no,no,cellular,aug,620,3,5,other,yes
37,technician,married,secondary,no,1710,yes,no,cellular,jul,541,2,3,failure,yes
48,entrepreneur,married,secondary,no,-219,no,yes,cellular,jul,455,2,0,unknown,yes
42,management,single,tertiary,no,1579,yes,no,cellular,aug,233,1,3,failure,yes
87,retired,married,primary,no,2207,no,no,telephone,jan,502,2,0,unknown,yes
52,entrepreneur,divorced,tertiary,no,2164,no,no,cellular,apr,120,1,2,success,no
55,admin.,married,secondary,no,592,no,no,cellular,sep,348,1,5,success,yes
29,blue-collar,single,secondary,no,2704,yes,no,cellular,may,286,1,0,unknown,no
55,retired,married,secondary,no,1064,no,no,telephone,jan,646,1,2,success,yes
59,retired,married,secondary,no,1247,no,no,cellular,may,419,1,1,failure,yes
30,technician,single,primary,no,2636,yes,no,cellular,apr,318,1,0,unknown,no
21,blue-collar,single,secondary,no,2248,no,no,cellular,feb,78,2,0,unknown,yes
50,technician,married,secondary,no,6533,no,no,telephone,jul,234,1,0,unknown,yes
38,blue-collar,single,secondary,no,4800,no,yes,cellular,jul,641,4,0,unknown,yes
45,entrepreneur,married,primary,no,407,yes,no,telephone,jul,95,11,0,unknown,no
49,management,married,tertiary,no,32,no,no,telephone,aug,633,2,4,success,yes
41,self-employed,single,tertiary,no,3800,yes,no,unknown,may,80,2,0,unknown,no
40,technician,single,unknown,no,5533,yes,no,cellular,jan,234,3,0,unknown,yes
38,blue-collar,married,primary,no,-36,yes,yes,cellular,may,683,1,0,unknown,yes
31,technician,married,secondary,no,219,no,no,cellular,mar,330,2,0,unknown,yes
26,management,single,tertiary,no,54,no,no,cellular,apr,150,1,1,failure,yes
54,unknown,married,secondary,no,2157,no,no,cellular,may,249,1,4,success,yes
68,retired,divorced,secondary,no,4411,no,no,telephone,jul,907,2,0,unknown,yes
58,housemaid,married,primary,no,-10,yes,no,telephone,jul,124,7,0,unknown,no
61,retired,married,secondary,no,2549,yes,yes,cellular,mar,230,1,0,unknown,yes
50,blue-collar,married,primary,no,261,no,no,cellular,aug,464,2,0,unknown,no
25,blue-collar,single,secondary,no,-196,yes,no,cellular,jul,595,1,0,unknown,yes
36,blue-collar,married,primary,no,224,yes,no,cellular,nov,229,2,0,unknown,no
36,management,single,tertiary,no,5,no,yes,cellular,nov,284,1,4,failure,no
28,services,married,secondary,no,-198,no,no,cellular,jan,517,3,0,unknown,no
42,unemployed,married,secondary,no,994,no,no,cellular,oct,1176,3,6,success,yes
36,blue-collar,single,secondary,no,5278,no,yes,cellular,jul,654,4,0,unknown,yes
33,technician,single,secondary,no,697,yes,no,cellular,apr,452,2,6,failure,yes
33,services,single,unknown,no,2123,no,no,cellular,nov,1117,2,0,unknown,yes
30,management,single,tertiary,no,3128,no,no,cellular,jun,577,2,0,unknown,yes
35,technician,married,secondary,no,-256,no,yes,cellular,aug,850,2,0,unknown,yes
34,management,single,tertiary,no,1086,yes,no,cellular,apr,1253,5,0,unknown,yes
38,blue-collar,divorced,secondary,no,1671,yes,no,unknown,jun,2,28,0,unknown,no
50,technician,married,secondary,no,507,yes,yes,unknown,may,243,1,0,unknown,no
60,retired,married,secondary,no,530,no,no,cellular,jul,1019,1,0,unknown,yes
42,management,married,tertiary,no,2486,yes,no,cellular,jun,273,2,11,failure,yes
37,management,divorced,tertiary,no,516,yes,no,cellular,aug,91,6,0,unknown,no
56,management,married,tertiary,no,1193,yes,no,cellular,nov,68,1,0,unknown,no
73,retired,married,unknown,no,863,no,no,cellular,sep,230,1,0,unknown,yes
42,technician,divorced,secondary,no,-157,no,no,cellular,apr,112,1,0,unknown,yes
26,student,single,secondary,no,241,no,no,cellular,may,279,2,0,unknown,yes
28,unemployed,single,unknown,no,1800,no,no,cellular,sep,246,1,0,unknown,yes
55,management,married,primary,no,230,no,no,telephone,feb,71,1,0,unknown,no
38,admin.,divorced,secondary,no,-162,no,yes,cellular,jul,284,1,0,unknown,no
33,self-employed,single,tertiary,no,84,no,no,cellular,aug,830,3,0,unknown,yes
34,admin.,single,tertiary,no,6,no,no,unknown,may,126,2,0,unknown,no
40,technician,divorced,secondary,no,53,no,no,cellular,aug,680,2,0,unknown,yes
47,management,married,tertiary,no,211,no,no,cellular,mar,186,1,1,success,yes
36,technician,married,tertiary,no,-110,yes,no,cellular,feb,88,1,0,unknown,yes
33,management,married,tertiary,no,96,yes,no,cellular,may,174,1,0,unknown,no
24,student,single,secondary,no,1614,no,no,cellular,feb,388,1,1,success,yes
42,technician,single,secondary,no,-50,no,no,cellular,jan,212,2,0,unknown,no
58,retired,married,primary,no,1245,no,no,unknown,jun,817,1,0,unknown,yes
28,blue-collar,single,tertiary,no,2111,yes,no,cellular,may,21,2,1,failure,no
55,admin.,married,secondary,no,1589,no,no,cellular,jun,105,2,0,unknown,yes
27,unknown,single,secondary,no,939,no,no,telephone,feb,241,1,1,failure,yes
43,blue-collar,married,unknown,no,242,yes,no,cellular,may,17,6,0,unknown,no
42,services,married,secondary,no,2436,yes,no,cellular,jan,337,1,1,failure,no
46,blue-collar,married,secondary,no,809,yes,no,telephone,jul,596,1,0,unknown,yes
29,student,single,secondary,no,286,no,no,cellular,mar,405,1,0,unknown,yes
29,management,married,tertiary,no,-282,yes,no,cellular,nov,614,2,0,unknown,no
42,technician,married,secondary,yes,-201,yes,no,cellular,aug,66,7,0,unknown,no
34,blue-collar,married,secondary,no,217,no,no,cellular,mar,435,1,3,success,yes
31,management,married,tertiary,no,2987,yes,no,cellular,feb,268,4,0,unknown,yes
20,student,single,tertiary,no,2730,yes,no,unknown,may,129,2,0,unknown,no
60,management,married,tertiary,no,-61,no,no,cellular,oct,115,2,0,unknown,yes
35,blue-collar,married,secondary,no,658,yes,no,unknown,may,260,2,0,unknown,no
37,technician,married,tertiary,no,83,no,no,cellular,aug,65,1,0,unknown,no
50,technician,married,primary,no,422,no,no,unknown,jun,55,3,0,unknown,no
39,admin.,divorced,secondary,no,68,yes,no,cellular,aug,156,1,0,unknown,no
37,technician,single,secondary,no,565,no,no,cellular,aug,871,1,0,unknown,yes
54,retired,married,primary,no,-20,yes,yes,cellular,aug,48,10,0,unknown,no
33,services,married,secondary,no,702,yes,no,cellular,nov,527,2,1,failure,yes
34,services,married,secondary,no,3393,yes,no,telephone,oct,178,1,4,failure,yes
39,technician,single,tertiary,no,441,no,no,cellular,mar,294,1,0,unknown,yes
48,blue-collar,married,primary,no,1253,no,no,cellular,aug,65,5,0,unknown,no
32,blue-collar,married,secondary,yes,152,yes,no,cellular,apr,616,1,1,other,yes
67,retired,married,primary,no,1164,no,no,cellular,jan,515,2,3,failure,yes
46,self-employed,single,secondary,no,567,no,no,cellular,apr,535,1,2,other,yes
31,management,single,tertiary,no,118,yes,no,cellular,may,170,1,1,other,no
35,blue-collar,single,primary,no,109,yes,no,cellular,jul,861,4,0,unknown,yes
30,management,married,tertiary,no,161,yes,no,unknown,may,29,2,0,unknown,no
23,blue-collar,married,primary,no,-142,no,no,unknown,may,169,2,0,unknown,no
84,retired,married,secondary,no,81204,no,no,telephone,apr,393,1,3,success,yes
54,management,married,tertiary,no,23121,yes,no,unknown,may,54,1,0,unknown,no
44,management,married,tertiary,no,1127,yes,no,unknown,may,363,3,0,unknown,no
38,admin.,single,secondary,no,769,yes,no,cellular,apr,374,1,1,failure,no
56,management,married,tertiary,no,25333,no,no,cellular,jul,102,12,0,unknown,no
30,management,single,tertiary,no,141,yes,no,unknown,may,393,2,0,unknown,no
40,technician,married,secondary,no,641,yes,no,cellular,nov,383,1,2,failure,no
31,management,single,tertiary,no,187,no,no,cellular,jun,287,5,0,unknown,yes
37,technician,married,secondary,no,252,no,no,cellular,aug,313,4,0,unknown,no
36,entrepreneur,married,secondary,no,2699,no,no,cellular,nov,265,1,8,failure,yes
37,management,married,tertiary,no,261,no,no,cellular,nov,357,3,0,unknown,yes
42,services,single,tertiary,no,263,yes,no,cellular,aug,150,2,4,failure,yes
60,management,married,tertiary,yes,-108,no,no,cellular,aug,151,6,0,unknown,no
76,retired,married,primary,no,2011,no,no,telephone,aug,386,2,1,success,no
53,self-employed,married,primary,no,-47,yes,no,unknown,may,239,2,0,unknown,no
48,blue-collar,married,primary,no,3326,yes,no,cellular,jul,161,2,0,unknown,no
34,technician,single,tertiary,no,1071,no,no,cellular,aug,349,3,0,unknown,no
42,technician,single,secondary,no,-534,no,no,cellular,jan,243,2,0,unknown,no
35,blue-collar,married,secondary,no,1881,yes,yes,cellular,nov,161,1,2,failure,no
49,technician,single,secondary,no,1293,no,no,cellular,aug,935,1,0,unknown,yes
33,unemployed,single,tertiary,no,5032,no,no,telephone,feb,375,2,0,unknown,no
37,management,single,tertiary,no,10276,yes,no,cellular,may,36,2,0,unknown,no
42,admin.,married,primary,no,1750,yes,yes,unknown,may,280,3,0,unknown,no
38,technician,married,tertiary,no,260,no,no,cellular,apr,341,2,0,unknown,yes
32,admin.,married,secondary,no,381,no,no,cellular,jan,436,2,0,unknown,yes
46,technician,married,secondary,no,1082,yes,no,cellular,apr,976,1,5,failure,yes
34,technician,married,secondary,no,1427,no,no,cellular,may,314,1,2,other,yes
29,management,single,tertiary,no,1020,no,no,cellular,nov,274,1,0,unknown,yes
32,admin.,single,secondary,no,1077,no,no,cellular,jan,619,1,0,unknown,yes
53,management,married,secondary,no,2868,no,no,cellular,nov,156,1,0,unknown,no
44,unemployed,divorced,primary,yes,-245,no,no,cellular,aug,442,5,0,unknown,yes
35,admin.,married,secondary,no,-74,yes,no,telephone,may,534,4,2,other,yes
25,admin.,single,secondary,no,376,no,no,cellular,apr,431,1,1,success,yes
48,management,married,tertiary,no,2667,no,no,cellular,nov,687,1,0,unknown,yes
60,retired,married,secondary,no,-45,no,no,telephone,jan,349,1,0,unknown,no
44,management,married,tertiary,no,3011,no,no,cellular,jun,155,1,3,failure,yes
26,services,single,tertiary,no,1112,yes,no,cellular,feb,990,2,0,unknown,yes
34,blue-collar,married,secondary,no,2200,yes,yes,cellular,apr,161,2,1,failure,no
50,technician,married,secondary,no,105,no,yes,cellular,jul,1138,3,0,unknown,yes
30,technician,single,secondary,no,9882,no,yes,cellular,aug,126,10,0,unknown,no
38,blue-collar,married,secondary,no,324,yes,no,cellular,apr,58,3,0,unknown,no
46,technician,divorced,secondary,no,220,yes,yes,unknown,may,204,3,0,unknown,no
43,management,married,primary,no,5385,yes,no,cellular,aug,272,1,3,success,yes
46,admin.,single,secondary,no,566,yes,no,cellular,apr,134,3,0,unknown,no
36,management,married,tertiary,no,245,no,yes,cellular,aug,244,2,0,unknown,no
34,technician,single,secondary,no,4408,no,no,cellular,aug,128,2,0,unknown,no
30,technician,divorced,secondary,no,2927,yes,no,cellular,aug,50,5,0,unknown,no
53,blue-collar,married,secondary,no,1239,yes,yes,unknown,jun,242,3,0,unknown,no
36,services,married,secondary,no,4554,no,no,cellular,dec,154,3,0,unknown,yes
45,blue-collar,married,primary,no,2677,no,no,cellular,aug,299,2,0,unknown,no
51,management,married,tertiary,no,-18,no,no,cellular,jul,200,2,0,unknown,no
36,management,single,tertiary,no,954,no,no,cellular,apr,201,1,0,unknown,yes
29,admin.,married,tertiary,no,76,yes,no,cellular,apr,86,1,1,failure,no
41,technician,married,primary,no,-32,yes,no,cellular,apr,1308,2,0,unknown,yes
35,entrepreneur,single,secondary,no,438,yes,no,cellular,may,647,1,1,failure,yes
45,management,married,tertiary,no,2131,no,no,unknown,may,193,1,0,unknown,no
50,management,married,tertiary,no,365,no,no,cellular,feb,185,1,0,unknown,yes
38,services,single,secondary,no,1585,no,no,unknown,jun,36,12,0,unknown,no
26,management,single,tertiary,no,-89,yes,no,cellular,may,81,4,5,other,no
26,services,married,secondary,no,88,no,yes,cellular,jul,547,1,0,unknown,no
60,retired,married,primary,no,-132,yes,yes,telephone,aug,288,13,0,unknown,no
44,admin.,married,tertiary,no,301,yes,yes,cellular,feb,173,2,0,unknown,yes
33,management,married,tertiary,no,1316,no,no,cellular,aug,458,1,2,failure,yes
56,admin.,married,secondary,no,418,yes,no,cellular,jul,283,1,0,unknown,no
49,admin.,single,secondary,no,697,yes,no,unknown,may,1238,3,0,unknown,yes
62,self-employed,married,tertiary,no,10569,no,no,cellular,oct,232,1,5,success,yes
48,management,married,tertiary,no,2109,no,no,cellular,nov,662,1,0,unknown,yes
29,technician,single,tertiary,no,2103,yes,no,cellular,apr,54,1,1,failure,no
76,retired,married,unknown,no,8826,no,no,cellular,jan,244,1,0,unknown,no
40,admin.,single,tertiary,no,994,no,no,unknown,jun,1306,2,0,unknown,yes
36,management,divorced,tertiary,no,636,yes,yes,cellular,nov,1583,1,0,unknown,yes
55,technician,divorced,tertiary,no,49,no,no,cellular,aug,234,1,0,unknown,yes
65,retired,married,secondary,no,3415,no,no,cellular,apr,434,2,0,unknown,no
46,technician,married,unknown,no,795,yes,no,cellular,oct,70,2,1,failure,no
32,technician,married,secondary,no,688,yes,no,cellular,feb,78,6,3,success,yes
47,management,divorced,tertiary,no,17885,yes,no,cellular,may,198,2,3,other,yes
32,technician,single,secondary,no,429,yes,no,cellular,may,407,1,8,failure,yes
48,management,married,tertiary,no,100,no,no,cellular,nov,726,2,3,other,yes
42,services,single,secondary,no,-81,no,no,cellular,feb,208,3,0,unknown,no
35,blue-collar,married,secondary,no,3533,yes,no,telephone,nov,35,4,0,unknown,no
36,technician,married,tertiary,no,980,yes,yes,cellular,may,259,3,0,unknown,no
48,management,married,tertiary,no,2214,no,no,cellular,aug,295,1,0,unknown,no
43,housemaid,married,primary,no,-79,yes,no,cellular,aug,135,3,0,unknown,no
33,blue-collar,married,tertiary,no,644,no,yes,cellular,jul,549,3,0,unknown,no
28,technician,single,secondary,no,-154,yes,no,cellular,may,498,3,0,unknown,no
78,retired,divorced,secondary,no,598,no,no,telephone,aug,107,1,0,unknown,no
76,retired,married,secondary,no,4145,no,no,telephone,oct,281,2,0,unknown,yes
41,blue-collar,married,secondary,no,2902,yes,no,unknown,may,862,1,0,unknown,yes
26,student,single,secondary,no,491,no,no,cellular,may,207,2,0,unknown,yes
35,management,divorced,tertiary,no,2859,no,no,cellular,aug,209,3,8,other,yes
40,admin.,single,tertiary,no,1461,no,no,unknown,jun,1289,2,0,unknown,yes
55,retired,divorced,tertiary,no,114,no,no,unknown,may,584,1,0,unknown,yes
36,management,married,tertiary,no,717,no,no,cellular,nov,167,1,0,unknown,no
42,management,married,tertiary,no,309,yes,no,cellular,jul,491,1,0,unknown,no
29,self-employed,single,tertiary,no,3212,no,no,cellular,mar,143,1,2,success,yes
68,management,married,tertiary,no,100,no,no,cellular,nov,333,2,2,success,yes
38,blue-collar,divorced,secondary,no,-244,yes,no,telephone,apr,184,1,5,success,yes
58,admin.,married,secondary,no,-56,yes,no,unknown,may,165,1,0,unknown,no
29,services,married,primary,no,-85,no,no,unknown,jul,150,1,0,unknown,no
26,management,married,secondary,no,2181,no,no,cellular,jun,424,1,0,unknown,yes
40,blue-collar,divorced,primary,no,297,yes,no,cellular,apr,1298,2,0,unknown,yes
54,management,divorced,tertiary,no,-63,yes,no,unknown,may,128,1,0,unknown,no
28,unemployed,single,tertiary,no,328,yes,no,cellular,jul,1618,6,0,unknown,yes
32,admin.,single,tertiary,no,478,yes,yes,unknown,jun,265,1,0,unknown,no
40,admin.,married,secondary,no,-243,no,no,unknown,jun,239,2,0,unknown,no
49,entrepreneur,single,tertiary,no,83,yes,no,cellular,feb,1001,4,0,unknown,yes
33,management,divorced,tertiary,no,4,yes,no,cellular,apr,1087,1,5,success,yes
33,blue-collar,single,primary,no,64,yes,no,cellular,apr,247,1,0,unknown,no
30,technician,single,secondary,no,9684,no,yes,cellular,aug,125,10,0,unknown,no
35,entrepreneur,married,secondary,no,2274,no,yes,cellular,jul,1439,3,0,unknown,yes
44,blue-collar,married,secondary,no,966,yes,yes,cellular,nov,1292,2,2,other,yes
41,technician,married,secondary,no,4244,no,no,cellular,apr,341,2,0,unknown,yes
36,management,married,tertiary,no,11510,no,no,unknown,jun,409,1,0,unknown,no
56,self-employed,married,unknown,no,62,no,no,cellular,aug,128,1,0,unknown,no
43,management,married,tertiary,no,2856,no,no,cellular,nov,337,4,0,unknown,yes
52,blue-collar,married,secondary,no,793,no,no,cellular,nov,976,2,0,unknown,yes
25,blue-collar,single,secondary,no,5315,no,yes,cellular,apr,109,1,0,unknown,yes
37,management,single,tertiary,no,1004,yes,no,unknown,may,235,2,0,unknown,no
29,self-employed,single,tertiary,no,361,no,no,cellular,sep,264,4,1,success,yes
37,blue-collar,married,secondary,no,2953,yes,no,cellular,jul,741,1,0,unknown,no
36,management,married,tertiary,no,444,no,no,cellular,jun,176,1,9,success,yes
60,retired,married,secondary,no,1750,no,no,unknown,jun,1452,4,0,unknown,yes
39,management,married,primary,no,1536,yes,no,unknown,jun,228,1,0,unknown,no
49,technician,married,secondary,no,369,yes,no,unknown,may,152,4,0,unknown,no
35,management,married,tertiary,no,372,no,no,cellular,oct,353,2,1,success,yes
49,technician,married,secondary,no,184,yes,no,unknown,jun,311,4,0,unknown,no
47,admin.,married,secondary,no,711,yes,yes,cellular,may,393,1,6,other,yes
49,blue-collar,married,primary,yes,-243,yes,no,cellular,nov,187,2,0,unknown,no
60,technician,single,primary,no,11528,no,no,cellular,aug,324,1,0,unknown,yes
39,management,married,tertiary,no,-46,yes,no,cellular,may,840,2,0,unknown,yes
56,admin.,married,secondary,no,648,no,no,cellular,sep,353,1,5,success,yes
73,retired,married,primary,no,808,no,no,cellular,apr,902,1,3,success,yes
39,blue-collar,married,secondary,no,12015,yes,no,cellular,may,29,9,0,unknown,no
45,admin.,single,secondary,no,181,no,yes,unknown,sep,2,1,6,failure,no
39,self-employed,divorced,secondary,no,-214,yes,no,unknown,may,224,2,0,unknown,no
48,self-employed,married,secondary,no,4328,yes,yes,cellular,nov,448,1,0,unknown,yes
53,blue-collar,married,secondary,no,1818,no,no,unknown,jun,88,2,0,unknown,no
29,services,single,secondary,no,147,no,yes,unknown,jul,609,3,0,unknown,yes
33,management,single,tertiary,no,327,no,no,cellular,aug,986,1,0,unknown,yes
54,technician,single,tertiary,no,407,no,no,cellular,apr,277,1,0,unknown,yes
26,blue-collar,single,secondary,no,2991,no,no,cellular,jun,352,1,2,success,yes
38,technician,single,unknown,no,29,no,no,unknown,jun,43,1,0,unknown,no
35,blue-collar,married,secondary,no,233,yes,no,cellular,apr,244,5,0,unknown,no
41,blue-collar,married,primary,no,-161,yes,yes,unknown,may,253,1,0,unknown,no
40,services,divorced,secondary,no,-68,yes,no,cellular,apr,990,2,0,unknown,yes
34,admin.,married,secondary,no,1541,no,no,cellular,apr,718,2,0,unknown,yes
56,retired,married,secondary,no,1313,no,no,telephone,jul,555,1,3,success,yes
56,retired,married,tertiary,no,150,yes,no,cellular,apr,889,1,0,unknown,no
75,retired,divorced,secondary,no,2510,no,no,telephone,nov,136,1,0,unknown,no
54,technician,divorced,secondary,no,2146,yes,no,cellular,feb,270,1,4,failure,yes
40,blue-collar,married,primary,no,574,no,no,cellular,feb,923,1,0,unknown,yes
57,services,married,secondary,no,-73,yes,no,cellular,may,27,9,3,other,no
39,entrepreneur,married,primary,no,3920,yes,yes,unknown,may,107,1,0,unknown,no
40,management,divorced,tertiary,no,5256,no,no,cellular,apr,254,9,5,other,yes
29,technician,single,tertiary,no,765,yes,no,cellular,feb,831,3,0,unknown,yes
39,student,single,tertiary,no,1266,yes,no,telephone,apr,405,4,0,unknown,no
41,admin.,married,secondary,no,-234,no,no,unknown,jun,87,1,0,unknown,no
59,retired,divorced,tertiary,no,524,no,no,cellular,jul,221,1,0,unknown,no
34,entrepreneur,married,secondary,no,4782,yes,no,cellular,may,37,3,0,unknown,no
35,management,single,tertiary,no,2462,no,no,cellular,aug,90,7,0,unknown,no
20,management,single,tertiary,no,115,no,yes,cellular,oct,502,1,3,success,yes
58,retired,married,secondary,no,5262,no,no,cellular,jun,169,1,0,unknown,yes
29,management,single,secondary,no,-397,no,yes,cellular,jul,90,8,0,unknown,no
43,management,divorced,tertiary,no,1172,no,no,cellular,aug,97,2,0,unknown,no
34,management,married,tertiary,no,282,no,yes,cellular,feb,117,4,2,other,no
43,services,married,primary,no,2400,yes,no,telephone,oct,141,3,5,success,yes
41,technician,married,tertiary,no,341,no,no,cellular,aug,864,2,0,unknown,yes
57,self-employed,married,tertiary,no,437,no,no,unknown,jun,139,4,0,unknown,no
35,management,single,tertiary,no,2919,no,no,cellular,aug,901,8,0,unknown,yes
36,services,married,secondary,no,4770,no,no,cellular,dec,140,3,0,unknown,yes
78,retired,married,primary,no,29039,no,no,cellular,mar,270,1,2,other,yes
36,blue-collar,divorced,primary,no,-291,yes,no,cellular,may,754,1,0,unknown,yes
31,unemployed,married,secondary,no,303,yes,yes,unknown,jun,965,2,0,unknown,yes
31,services,married,secondary,no,2070,yes,no,cellular,nov,287,5,0,unknown,no
32,technician,married,secondary,no,1703,no,no,cellular,oct,263,1,4,other,yes
40,admin.,divorced,secondary,no,153,yes,yes,cellular,feb,74,2,0,unknown,no
50,retired,married,primary,no,90,no,no,unknown,jun,120,5,0,unknown,no
39,services,married,secondary,no,13,yes,no,cellular,nov,30,1,2,failure,no
38,technician,married,secondary,no,1280,no,no,cellular,apr,287,1,0,unknown,yes
23,student,single,secondary,no,8747,no,no,cellular,aug,157,2,0,unknown,no
85,retired,married,primary,no,877,no,no,telephone,jul,238,1,3,success,yes
32,blue-collar,married,primary,no,61,yes,yes,cellular,may,307,1,0,unknown,no
40,admin.,married,secondary,no,1557,yes,yes,unknown,may,73,2,0,unknown,no
49,housemaid,married,primary,no,625,no,no,telephone,jul,384,1,0,unknown,yes
25,technician,single,secondary,no,7267,yes,no,cellular,may,194,3,1,failure,yes
51,blue-collar,married,secondary,no,474,no,no,cellular,may,457,1,0,unknown,no
75,retired,married,primary,no,3163,no,no,cellular,nov,122,1,3,success,yes
55,housemaid,married,primary,no,1474,yes,no,cellular,nov,148,2,0,unknown,no
37,blue-collar,married,secondary,no,428,yes,no,unknown,may,951,3,0,unknown,no
48,entrepreneur,married,secondary,no,172,yes,no,unknown,jun,200,9,0,unknown,no
39,blue-collar,married,primary,no,100,yes,no,cellular,may,97,1,0,unknown,no
53,management,married,tertiary,no,98,no,no,cellular,aug,591,2,0,unknown,yes
48,entrepreneur,married,secondary,no,209,no,yes,cellular,jul,416,2,0,unknown,yes
70,retired,married,primary,no,141,no,no,cellular,aug,633,1,6,other,yes
55,blue-collar,married,primary,no,833,yes,no,cellular,feb,129,3,2,failure,no
56,technician,married,primary,no,3468,yes,no,telephone,jun,420,2,0,unknown,yes
48,blue-collar,married,primary,no,194,yes,no,unknown,may,279,1,0,unknown,no
37,services,married,secondary,no,-106,yes,no,unknown,may,77,2,0,unknown,no
39,blue-collar,married,secondary,no,173,yes,no,cellular,apr,228,1,0,unknown,no
35,unemployed,married,secondary,no,1905,yes,no,telephone,apr,262,3,0,unknown,no
29,technician,single,tertiary,no,929,no,no,cellular,mar,671,1,0,unknown,yes
66,retired,married,secondary,no,1080,no,no,cellular,nov,221,1,2,failure,yes
34,management,married,secondary,no,-296,yes,no,unknown,may,308,2,0,unknown,no
52,housemaid,married,primary,no,599,no,no,cellular,jul,1183,2,0,unknown,yes
67,management,married,unknown,no,2080,yes,no,cellular,may,147,2,11,success,yes
35,management,married,tertiary,no,147,no,yes,cellular,aug,260,2,0,unknown,no
36,management,married,tertiary,no,-5,no,yes,cellular,jul,269,6,0,unknown,no
34,management,single,tertiary,no,-84,no,no,cellular,aug,388,2,0,unknown,yes
42,management,married,tertiary,no,27262,no,no,cellular,may,202,2,5,success,yes
52,admin.,single,secondary,no,565,yes,no,cellular,may,707,1,9,failure,yes
32,blue-collar,divorced,primary,no,680,yes,no,unknown,may,648,2,0,unknown,yes
57,self-employed,married,secondary,no,11399,no,no,cellular,nov,196,1,0,unknown,no
37,technician,married,secondary,no,109,yes,no,cellular,aug,134,1,2,failure,no
52,admin.,divorced,unknown,no,-203,no,no,cellular,aug,171,4,0,unknown,no
27,services,single,secondary,no,509,no,no,cellular,dec,339,1,1,success,yes
32,services,single,secondary,no,-99,yes,no,cellular,may,193,2,0,unknown,yes
32,management,single,tertiary,no,2956,yes,no,cellular,jul,264,1,3,failure,yes
42,technician,married,secondary,no,942,yes,yes,unknown,may,228,1,0,unknown,no
37,management,single,unknown,no,686,yes,no,unknown,may,262,2,0,unknown,no
70,retired,married,tertiary,no,198,no,no,cellular,sep,1102,2,2,other,yes
37,management,married,tertiary,no,543,yes,no,cellular,apr,548,2,0,unknown,yes
38,management,married,tertiary,no,-119,no,no,cellular,jul,295,2,3,success,yes
27,student,single,secondary,no,84,no,no,cellular,mar,133,1,2,failure,yes
40,management,married,tertiary,no,7645,no,no,telephone,may,356,1,1,other,no
33,admin.,married,secondary,no,233,yes,no,cellular,may,1779,2,3,other,yes
40,admin.,single,secondary,no,25,no,no,cellular,may,841,1,0,unknown,yes
57,retired,married,primary,no,3395,yes,no,cellular,aug,620,3,0,unknown,yes
49,blue-collar,married,primary,no,4720,yes,no,unknown,jun,359,1,0,unknown,no
50,entrepreneur,married,primary,no,843,yes,no,cellular,aug,126,4,0,unknown,no
22,student,single,unknown,no,621,no,no,cellular,sep,165,1,0,unknown,no
37,entrepreneur,married,tertiary,no,684,yes,no,unknown,jun,219,1,0,unknown,no
47,management,married,tertiary,no,-173,yes,no,cellular,sep,221,2,6,failure,yes
40,blue-collar,married,secondary,no,81,yes,no,cellular,apr,612,2,0,unknown,no
37,admin.,single,secondary,no,126,yes,no,unknown,may,785,1,0,unknown,yes
31,unemployed,divorced,secondary,no,7373,no,no,cellular,dec,317,2,0,unknown,yes
23,services,single,secondary,no,873,no,no,cellular,jul,314,4,0,unknown,yes
58,management,married,secondary,no,18,no,no,cellular,aug,81,11,0,unknown,no
33,self-employed,married,secondary,no,60,yes,no,cellular,jul,547,12,0,unknown,no
39,blue-collar,married,secondary,no,601,yes,no,cellular,feb,83,4,4,failure,no
43,management,married,tertiary,no,1409,no,no,cellular,aug,518,3,0,unknown,yes
38,technician,married,secondary,no,164,yes,no,unknown,may,236,2,0,unknown,no
37,technician,married,secondary,no,320,yes,no,cellular,jul,471,3,0,unknown,no
32,technician,married,secondary,no,242,yes,yes,cellular,jul,375,1,0,unknown,no
30,blue-collar,single,secondary,no,398,no,no,cellular,feb,194,3,0,unknown,no
58,retired,divorced,primary,no,718,no,no,telephone,feb,149,4,0,unknown,yes
37,management,single,tertiary,no,75,yes,no,unknown,jun,1102,1,0,unknown,yes
30,admin.,single,secondary,no,3507,no,no,cellular,aug,263,1,2,failure,yes
26,technician,single,tertiary,no,4513,no,no,cellular,apr,107,1,0,unknown,yes
40,blue-collar,married,primary,no,497,yes,no,cellular,may,86,3,2,failure,no
34,self-employed,single,tertiary,no,-139,yes,no,cellular,may,991,2,0,unknown,yes
35,services,married,secondary,no,3096,yes,no,unknown,jun,406,1,0,unknown,yes
63,management,divorced,tertiary,no,5892,no,no,telephone,feb,194,4,0,unknown,yes
26,student,single,unknown,no,214,no,no,cellular,feb,178,1,0,unknown,no
41,management,single,tertiary,no,77,yes,no,cellular,feb,254,2,6,failure,yes
30,technician,single,secondary,no,477,yes,no,unknown,jun,165,15,0,unknown,no
54,technician,married,secondary,no,4012,no,yes,cellular,oct,608,2,2,success,yes
54,management,married,tertiary,no,85,no,no,cellular,nov,59,1,0,unknown,no
49,entrepreneur,divorced,secondary,no,2758,no,no,unknown,jun,337,1,0,unknown,no
46,technician,married,secondary,no,140,yes,yes,unknown,jun,92,3,0,unknown,no
34,management,single,tertiary,no,18299,no,no,cellular,aug,183,4,0,unknown,yes
55,blue-collar,married,primary,no,5740,no,no,cellular,aug,2368,6,0,unknown,yes
32,blue-collar,single,primary,no,613,yes,no,unknown,may,507,3,0,unknown,yes
34,services,married,secondary,no,1023,no,no,cellular,may,155,1,6,success,yes
42,entrepreneur,married,secondary,no,54,no,no,cellular,feb,1019,1,0,unknown,no
45,services,married,secondary,no,543,yes,no,unknown,may,347,7,0,unknown,no
41,technician,divorced,secondary,no,1677,yes,no,cellular,aug,161,2,0,unknown,no
36,management,married,tertiary,no,472,no,no,cellular,aug,84,5,0,unknown,no
34,entrepreneur,single,tertiary,no,1346,yes,no,cellular,may,111,1,12,other,no
32,services,married,secondary,no,219,yes,no,unknown,may,361,1,0,unknown,no
44,admin.,divorced,tertiary,no,363,yes,no,cellular,mar,265,2,0,unknown,yes
37,management,married,tertiary,no,897,no,yes,unknown,jun,332,2,0,unknown,no
30,services,single,secondary,no,1755,yes,no,cellular,jul,151,2,0,unknown,no
33,technician,single,tertiary,no,131,yes,no,cellular,apr,579,2,17,failure,yes
27,unemployed,single,secondary,no,536,no,no,cellular,feb,181,1,0,unknown,yes
59,admin.,single,secondary,no,-401,yes,yes,cellular,apr,90,1,0,unknown,no
41,blue-collar,married,unknown,no,169,yes,no,cellular,may,481,3,0,unknown,yes
32,management,single,secondary,no,1998,no,no,cellular,aug,1225,1,0,unknown,yes
47,services,married,secondary,no,633,yes,no,cellular,jul,474,4,0,unknown,yes
44,self-employed,divorced,tertiary,no,1187,yes,no,cellular,aug,140,2,3,success,yes
52,technician,married,tertiary,no,905,no,no,cellular,nov,964,3,0,unknown,yes
58,admin.,single,secondary,no,4596,no,no,cellular,sep,869,1,0,unknown,yes
68,retired,divorced,secondary,no,4105,no,no,telephone,jul,880,2,0,unknown,yes
28,blue-collar,single,primary,no,-89,yes,yes,unknown,jun,387,4,0,unknown,no
37,blue-collar,married,secondary,no,-173,no,no,unknown,may,685,2,0,unknown,yes
63,retired,married,unknown,no,558,no,no,telephone,nov,154,1,0,unknown,yes
39,management,married,tertiary,no,-144,no,no,cellular,apr,313,3,3,other,yes
37,management,married,tertiary,no,479,no,yes,unknown,jun,320,2,0,unknown,no
31,admin.,single,secondary,no,-67,yes,no,cellular,dec,312,1,1,success,yes
26,blue-collar,single,tertiary,no,638,no,no,cellular,may,434,1,0,unknown,yes
59,unknown,divorced,unknown,no,100,no,no,unknown,may,344,3,0,unknown,no
57,admin.,married,unknown,no,2246,no,no,cellular,aug,632,1,2,failure,yes
52,blue-collar,married,unknown,no,238,no,no,unknown,jun,61,3,0,unknown,no
51,self-employed,married,secondary,no,9768,no,no,cellular,aug,644,2,0,unknown,yes
58,admin.,married,secondary,no,1660,yes,no,telephone,jul,6,1,0,unknown,no
32,technician,single,tertiary,no,2590,yes,no,cellular,may,545,2,0,unknown,yes
37,technician,single,secondary,no,1012,no,no,cellular,feb,177,1,0,unknown,yes
27,blue-collar,married,secondary,no,-52,yes,yes,unknown,may,171,1,0,unknown,no
28,services,single,secondary,no,-31,yes,no,cellular,may,108,1,3,failure,no
48,technician,married,tertiary,no,2356,no,no,unknown,jun,176,3,0,unknown,no
34,housemaid,married,tertiary,no,1009,yes,no,unknown,jun,396,3,0,unknown,no
48,management,divorced,tertiary,no,2191,no,no,cellular,jul,860,2,0,unknown,yes
28,technician,single,secondary,no,2000,no,no,telephone,feb,223,2,0,unknown,no
34,housemaid,married,primary,no,2573,no,no,cellular,aug,550,2,0,unknown,yes
57,services,divorced,secondary,no,419,no,no,cellular,aug,322,1,0,unknown,yes
49,technician,married,primary,no,-8,no,no,cellular,sep,414,2,3,success,yes
56,management,married,tertiary,no,1028,no,no,cellular,apr,200,1,0,unknown,no
49,services,married,primary,no,1861,yes,no,cellular,feb,151,1,0,unknown,yes
43,unemployed,married,secondary,no,396,no,no,telephone,feb,120,1,0,unknown,no
59,blue-collar,married,primary,no,29381,no,no,telephone,jun,102,2,0,unknown,no
87,retired,married,secondary,no,508,no,no,telephone,dec,154,1,0,unknown,no
51,management,married,tertiary,no,357,no,no,cellular,aug,242,1,6,success,yes
42,management,single,tertiary,no,-182,yes,yes,unknown,may,541,2,0,unknown,yes
32,student,single,tertiary,no,100,no,no,cellular,jun,596,4,5,failure,yes
48,management,married,tertiary,no,1320,yes,no,cellular,nov,926,1,0,unknown,yes
52,technician,married,secondary,no,-36,no,no,unknown,jun,626,1,0,unknown,no
32,admin.,single,secondary,no,825,yes,yes,cellular,apr,218,2,0,unknown,no
32,blue-collar,married,secondary,no,-334,yes,yes,unknown,may,329,1,0,unknown,no
32,management,married,tertiary,no,6,yes,no,cellular,oct,184,2,0,unknown,yes
36,blue-collar,divorced,primary,no,79,yes,no,cellular,jul,326,1,0,unknown,no
41,technician,married,secondary,no,-390,no,no,telephone,feb,2,8,9,other,no
53,entrepreneur,married,secondary,no,-66,no,no,unknown,jun,107,1,0,unknown,no
28,self-employed,married,tertiary,no,2280,no,no,cellular,may,78,2,0,unknown,no
40,unemployed,married,tertiary,no,-154,no,no,cellular,oct,398,3,0,unknown,yes
60,retired,married,secondary,no,914,no,no,cellular,sep,328,1,1,failure,yes
32,technician,single,tertiary,no,318,no,no,cellular,aug,249,4,0,unknown,no
33,services,single,unknown,no,493,yes,no,unknown,may,76,1,0,unknown,yes
30,technician,single,primary,no,3031,yes,no,cellular,apr,301,1,0,unknown,no
31,student,married,primary,no,-222,yes,no,cellular,jul,499,1,0,unknown,yes
45,management,divorced,tertiary,no,1442,no,no,cellular,jul,285,2,0,unknown,yes
28,management,single,tertiary,no,353,yes,no,cellular,apr,224,1,0,unknown,no
28,blue-collar,single,secondary,no,180,no,yes,cellular,jul,355,1,0,unknown,no
35,management,single,tertiary,no,185,yes,no,cellular,may,259,2,0,unknown,no
62,housemaid,married,primary,no,268,no,no,telephone,oct,317,1,0,unknown,no
44,management,married,tertiary,no,172,no,no,cellular,aug,121,7,0,unknown,no
42,technician,single,tertiary,no,1285,yes,no,unknown,may,259,2,0,unknown,no
40,technician,married,tertiary,no,1155,yes,yes,cellular,aug,265,2,0,unknown,no
53,admin.,married,secondary,no,2024,no,no,telephone,mar,276,1,2,success,yes
47,management,married,tertiary,no,812,no,no,cellular,aug,373,1,2,success,yes
39,technician,married,secondary,no,1629,yes,no,cellular,aug,234,8,0,unknown,no
52,technician,married,tertiary,no,963,no,no,cellular,may,587,3,0,unknown,yes
36,management,married,tertiary,no,-728,yes,no,cellular,jul,127,1,0,unknown,no
55,retired,married,secondary,no,1268,no,yes,cellular,jan,111,1,0,unknown,no
33,management,married,tertiary,no,267,no,yes,telephone,jul,167,3,0,unknown,no
38,admin.,married,secondary,no,-12,no,no,cellular,feb,101,1,3,success,no
27,admin.,married,secondary,no,462,yes,yes,cellular,may,671,1,2,success,yes
31,admin.,married,secondary,no,147,no,no,cellular,dec,329,3,3,success,yes
44,blue-collar,married,primary,no,6572,no,no,cellular,aug,213,2,0,unknown,no
26,admin.,divorced,secondary,no,-277,yes,no,unknown,jun,344,2,0,unknown,no
49,entrepreneur,married,primary,no,6320,no,no,cellular,nov,411,1,0,unknown,yes
58,retired,married,primary,no,1244,yes,no,telephone,apr,386,3,0,unknown,no
30,services,single,unknown,no,2285,no,no,cellular,nov,1140,2,0,unknown,yes
35,services,single,secondary,no,870,yes,no,cellular,sep,136,3,5,other,yes
53,self-employed,married,primary,no,-91,yes,no,unknown,may,227,2,0,unknown,no
27,technician,married,secondary,no,43,yes,no,unknown,may,68,1,0,unknown,no
59,retired,married,secondary,no,-195,yes,no,cellular,may,234,2,0,unknown,no
35,admin.,divorced,secondary,no,1219,no,no,cellular,feb,162,6,12,other,yes
50,technician,married,secondary,no,424,no,no,unknown,jun,192,2,0,unknown,no
50,management,married,tertiary,no,-159,no,no,cellular,aug,226,3,3,other,no
30,management,married,tertiary,no,1407,yes,no,telephone,aug,65,2,0,unknown,no
34,blue-collar,married,secondary,no,-525,yes,yes,cellular,may,520,3,0,unknown,no
38,technician,single,secondary,no,3278,no,no,cellular,aug,659,14,0,unknown,yes
41,management,divorced,tertiary,no,3230,no,no,cellular,jun,57,2,3,failure,yes
32,self-employed,married,primary,no,-214,yes,no,cellular,jul,565,1,0,unknown,yes
26,services,divorced,primary,no,720,yes,no,unknown,may,316,2,0,unknown,no
28,student,single,unknown,no,7808,no,no,cellular,mar,117,2,1,failure,yes
45,management,married,tertiary,no,2126,no,no,cellular,jul,557,2,0,unknown,yes
49,blue-collar,married,primary,no,225,yes,no,unknown,may,97,3,0,unknown,no
36,management,divorced,secondary,no,1385,yes,no,cellular,nov,132,2,0,unknown,no
47,entrepreneur,married,tertiary,no,62,no,no,cellular,feb,254,2,0,unknown,yes
45,admin.,married,secondary,no,-143,no,no,cellular,aug,706,2,0,unknown,yes
35,technician,divorced,secondary,no,97,no,no,cellular,aug,1253,3,0,unknown,yes
31,management,married,tertiary,no,188,no,no,cellular,aug,140,2,0,unknown,no
59,technician,married,secondary,no,324,no,no,cellular,mar,221,1,0,unknown,yes
28,student,single,secondary,no,5765,no,no,cellular,may,251,1,5,failure,no
57,management,married,tertiary,no,10704,no,no,cellular,sep,348,3,3,success,yes
58,retired,married,primary,no,1838,no,no,cellular,jun,260,1,0,unknown,yes
38,admin.,married,secondary,no,48,yes,no,cellular,apr,84,2,0,unknown,no
35,admin.,single,secondary,no,47,yes,no,cellular,may,373,3,0,unknown,no
33,admin.,married,tertiary,no,907,yes,no,unknown,nov,89,1,3,failure,yes
32,blue-collar,single,secondary,no,863,yes,no,cellular,apr,451,1,2,other,no
31,blue-collar,married,secondary,no,497,yes,no,cellular,jul,157,2,3,failure,yes
54,technician,married,secondary,no,36,no,no,telephone,feb,737,3,0,unknown,yes
40,management,single,tertiary,no,3,no,no,cellular,aug,163,6,0,unknown,no
37,management,married,tertiary,no,605,yes,no,cellular,jul,1378,9,0,unknown,yes
40,management,married,tertiary,no,2805,yes,no,unknown,jun,503,2,0,unknown,yes
36,technician,married,secondary,no,152,yes,no,unknown,may,58,1,0,unknown,no
32,management,single,tertiary,no,-62,no,no,cellular,aug,692,5,0,unknown,yes
33,management,single,tertiary,no,2549,no,no,cellular,apr,191,1,0,unknown,yes
56,entrepreneur,married,tertiary,no,82,yes,no,unknown,may,376,5,0,unknown,no
35,management,single,tertiary,no,235,no,no,cellular,aug,219,2,23,other,yes
34,management,single,tertiary,no,6110,yes,no,cellular,sep,150,1,1,success,yes
42,management,married,unknown,no,1762,no,no,cellular,oct,196,1,1,success,yes
59,technician,married,secondary,no,279,no,no,cellular,aug,378,4,3,failure,yes
60,management,divorced,secondary,no,65,no,no,cellular,aug,596,3,0,unknown,yes
39,management,divorced,tertiary,no,81,yes,no,cellular,may,662,2,0,unknown,yes
65,entrepreneur,married,tertiary,no,2412,no,no,telephone,feb,263,1,1,success,yes
25,blue-collar,single,secondary,no,223,no,no,cellular,jun,262,1,1,success,yes
50,management,married,primary,no,6426,yes,no,unknown,jun,21,3,0,unknown,no
35,management,married,tertiary,no,1904,no,no,cellular,jul,339,4,0,unknown,yes
63,retired,married,primary,no,438,no,no,cellular,jun,230,1,0,unknown,yes
27,services,single,secondary,no,35,no,no,cellular,jul,401,2,0,unknown,no
36,self-employed,married,secondary,no,371,yes,no,cellular,jul,665,1,0,unknown,no
59,retired,married,tertiary,no,1124,no,no,cellular,aug,863,11,0,unknown,no
38,self-employed,single,tertiary,no,419,no,no,telephone,jun,1606,10,0,unknown,yes
35,admin.,single,tertiary,no,618,no,yes,unknown,aug,13,1,0,unknown,yes
60,technician,married,secondary,no,637,no,no,cellular,jul,392,1,2,success,yes
37,management,married,tertiary,no,428,no,no,cellular,sep,75,1,5,success,yes
66,retired,divorced,tertiary,no,636,no,no,cellular,aug,436,1,0,unknown,yes
48,blue-collar,married,secondary,no,849,no,no,cellular,feb,74,2,2,other,no
53,retired,married,primary,no,448,no,no,cellular,aug,930,2,0,unknown,yes
37,services,single,secondary,no,-73,yes,no,cellular,jul,124,1,0,unknown,no
31,technician,single,secondary,no,-143,no,no,cellular,aug,195,2,0,unknown,no
59,technician,married,secondary,no,7692,yes,no,cellular,feb,1440,1,1,failure,yes
51,technician,married,secondary,no,6958,no,no,telephone,jul,290,1,0,unknown,yes
35,technician,single,secondary,no,1989,no,no,cellular,aug,383,3,2,success,yes
41,technician,married,tertiary,no,1196,yes,yes,cellular,aug,264,2,0,unknown,no
33,blue-collar,divorced,secondary,no,1089,yes,yes,unknown,jun,124,1,0,unknown,no
60,retired,divorced,tertiary,no,691,yes,no,cellular,jan,344,3,1,failure,yes
40,blue-collar,married,primary,no,-69,yes,no,cellular,may,180,3,0,unknown,no
59,retired,married,primary,no,1763,yes,yes,cellular,aug,860,1,0,unknown,yes
66,retired,married,secondary,no,370,yes,no,cellular,oct,523,1,0,unknown,yes
36,blue-collar,married,secondary,no,612,yes,yes,cellular,jul,831,1,0,unknown,yes
30,blue-collar,married,secondary,no,1093,yes,yes,cellular,nov,199,1,5,failure,no
59,admin.,married,secondary,no,162,yes,no,cellular,may,135,2,1,failure,no
44,management,divorced,tertiary,no,83,yes,yes,unknown,jun,43,8,0,unknown,no
38,management,married,tertiary,no,402,yes,no,unknown,may,1012,3,0,unknown,no
34,technician,single,tertiary,no,569,no,no,cellular,aug,121,2,0,unknown,no
60,blue-collar,married,secondary,no,19434,yes,no,telephone,jul,191,1,0,unknown,no
35,management,single,tertiary,no,5,no,no,cellular,aug,121,2,0,unknown,no
53,unemployed,married,secondary,no,2311,yes,no,unknown,jun,67,9,0,unknown,no
28,blue-collar,married,secondary,no,-109,yes,no,cellular,may,2,4,0,unknown,no
23,technician,single,secondary,no,1490,yes,yes,cellular,may,494,2,0,unknown,no
50,technician,divorced,unknown,no,419,no,no,cellular,jan,316,1,0,unknown,yes
38,management,married,tertiary,no,866,yes,no,cellular,jul,225,2,0,unknown,no
40,admin.,married,primary,no,87,yes,no,unknown,may,154,2,0,unknown,no
38,blue-collar,married,primary,no,412,yes,no,telephone,nov,621,1,1,other,yes
25,admin.,married,secondary,no,478,yes,no,unknown,jun,633,4,0,unknown,no
28,entrepreneur,single,tertiary,no,302,yes,no,cellular,may,75,2,1,failure,no
50,technician,married,secondary,no,307,no,no,cellular,dec,867,1,0,unknown,yes
37,management,married,tertiary,no,1283,yes,no,unknown,jun,300,1,0,unknown,no
50,admin.,married,secondary,no,722,yes,no,cellular,aug,1238,4,0,unknown,yes
27,blue-collar,single,tertiary,no,746,no,no,cellular,nov,232,2,1,success,yes
35,admin.,divorced,tertiary,no,4849,no,no,cellular,dec,266,1,1,failure,yes
38,management,single,tertiary,no,3871,yes,no,cellular,may,1737,2,1,other,yes
40,technician,single,secondary,no,-208,yes,no,cellular,may,158,1,0,unknown,no
40,admin.,divorced,secondary,no,223,yes,yes,cellular,jul,78,4,0,unknown,no
52,admin.,married,secondary,no,794,no,no,cellular,oct,100,2,3,failure,no
39,blue-collar,married,secondary,no,-74,yes,no,cellular,jul,228,1,0,unknown,no
49,entrepreneur,married,secondary,no,650,yes,no,unknown,may,139,2,0,unknown,no
51,blue-collar,married,primary,no,66588,no,no,cellular,aug,94,3,0,unknown,no
40,unemployed,married,secondary,no,1895,no,no,unknown,jun,260,6,0,unknown,no
27,management,single,secondary,no,351,yes,no,cellular,may,478,1,1,other,yes
51,housemaid,married,unknown,no,112,no,no,telephone,jul,300,3,0,unknown,no
31,management,single,tertiary,no,469,no,no,cellular,apr,215,2,0,unknown,yes
39,blue-collar,married,primary,no,392,yes,no,cellular,may,254,1,0,unknown,no
40,services,single,secondary,no,654,yes,no,cellular,may,344,1,0,unknown,no
52,housemaid,married,primary,no,209,no,no,cellular,jul,1154,2,0,unknown,yes
47,admin.,divorced,secondary,no,2629,no,no,cellular,may,411,1,1,success,yes
71,retired,married,secondary,no,1061,no,no,cellular,aug,194,1,0,unknown,yes
30,admin.,married,secondary,no,-170,no,no,unknown,may,284,3,0,unknown,no
81,retired,married,secondary,no,1929,no,no,telephone,feb,743,1,2,failure,yes
30,unemployed,married,secondary,no,-18,yes,no,unknown,may,342,4,0,unknown,no
30,management,single,unknown,no,414,no,no,cellular,feb,181,1,0,unknown,no
50,blue-collar,married,primary,no,373,yes,yes,cellular,aug,38,3,0,unknown,no
60,retired,married,primary,no,8445,no,no,cellular,oct,501,1,0,unknown,yes
27,unemployed,single,tertiary,no,2968,no,no,cellular,jan,535,1,0,unknown,no
33,technician,married,secondary,no,132,no,no,cellular,aug,128,6,0,unknown,no
48,blue-collar,divorced,primary,no,189,yes,no,cellular,may,710,1,1,success,yes
53,self-employed,married,tertiary,no,216,no,yes,cellular,jul,288,3,0,unknown,no
54,retired,divorced,primary,no,-139,no,no,unknown,jun,210,3,0,unknown,no
39,services,single,secondary,no,2506,yes,no,cellular,may,969,3,0,unknown,yes
38,housemaid,divorced,secondary,no,96,no,no,cellular,jun,243,1,0,unknown,yes
51,blue-collar,married,primary,no,1964,no,no,unknown,jun,37,3,0,unknown,no
36,management,married,tertiary,no,814,yes,no,cellular,nov,306,2,3,success,no
41,management,married,tertiary,no,1153,yes,no,cellular,mar,261,3,0,unknown,yes
52,blue-collar,married,unknown,no,111,yes,no,telephone,jul,18,43,0,unknown,no
44,technician,married,secondary,no,997,yes,no,cellular,aug,204,1,0,unknown,no
50,management,married,tertiary,no,673,no,no,cellular,oct,194,1,1,success,yes
46,blue-collar,married,secondary,no,80,no,no,cellular,jul,26,2,0,unknown,no
56,retired,married,tertiary,no,73,yes,yes,unknown,may,633,1,0,unknown,yes
34,management,married,tertiary,no,985,yes,no,cellular,may,570,1,0,unknown,yes
54,blue-collar,married,secondary,no,-77,yes,no,cellular,aug,171,7,0,unknown,no
57,housemaid,married,primary,no,2128,no,no,unknown,jun,199,5,0,unknown,no
46,unknown,married,unknown,no,2778,no,no,telephone,jul,32,9,0,unknown,no
56,admin.,married,secondary,no,-23,no,no,telephone,jul,82,2,0,unknown,no
41,management,divorced,tertiary,no,846,no,no,cellular,oct,186,2,0,unknown,yes
25,services,single,secondary,no,655,yes,yes,cellular,feb,182,1,0,unknown,no
49,admin.,married,secondary,no,852,no,no,cellular,aug,144,4,0,unknown,no
30,student,single,secondary,no,1716,no,no,cellular,jun,200,1,1,other,yes
26,admin.,single,tertiary,no,999,yes,no,cellular,may,717,1,1,failure,no
32,entrepreneur,married,unknown,no,-133,yes,no,cellular,nov,158,1,1,failure,no
30,management,single,tertiary,no,443,yes,no,unknown,jun,168,9,0,unknown,no
31,management,single,tertiary,no,100,yes,no,cellular,may,625,1,0,unknown,yes
40,retired,married,secondary,no,393,no,no,cellular,may,155,1,0,unknown,no
36,admin.,divorced,secondary,no,1064,no,no,cellular,feb,209,6,12,other,yes
37,admin.,married,secondary,no,519,yes,no,unknown,jun,35,1,0,unknown,no
29,self-employed,single,tertiary,no,-45,yes,no,unknown,may,20,1,0,unknown,no
29,services,single,secondary,no,247,no,yes,cellular,jul,309,2,0,unknown,no
25,blue-collar,married,secondary,no,1093,yes,no,cellular,apr,367,1,0,unknown,no
44,blue-collar,married,secondary,no,-525,yes,no,unknown,jun,148,2,0,unknown,no
36,management,married,tertiary,no,434,no,no,cellular,aug,264,6,4,success,yes
54,entrepreneur,married,primary,no,587,yes,no,unknown,may,149,1,0,unknown,no
37,management,single,tertiary,no,-17,no,no,cellular,jul,631,3,0,unknown,no
28,admin.,single,secondary,no,570,no,no,cellular,aug,315,2,1,failure,yes
41,technician,married,tertiary,no,122,yes,no,cellular,may,66,1,0,unknown,no
26,technician,single,tertiary,no,225,no,no,cellular,apr,200,2,0,unknown,yes
27,technician,married,secondary,no,6998,yes,no,unknown,may,150,9,0,unknown,no
36,services,married,unknown,no,357,no,no,cellular,aug,317,1,1,success,yes
39,technician,married,secondary,no,90,no,no,telephone,feb,48,2,0,unknown,no
55,blue-collar,married,secondary,no,833,no,no,cellular,aug,135,6,0,unknown,no
39,admin.,single,secondary,no,150,yes,yes,unknown,may,32,9,0,unknown,no
48,self-employed,married,secondary,no,1611,no,no,cellular,feb,140,2,0,unknown,no
28,technician,single,tertiary,no,2606,yes,no,cellular,mar,355,1,5,failure,yes
38,management,married,tertiary,no,429,yes,no,cellular,aug,1362,1,0,unknown,yes
67,retired,divorced,secondary,no,4201,no,no,telephone,jul,881,2,0,unknown,yes
34,management,married,tertiary,no,530,yes,no,cellular,apr,239,2,1,failure,no
38,technician,married,tertiary,no,628,no,no,cellular,mar,209,1,0,unknown,yes
55,unknown,married,secondary,no,2410,no,no,cellular,feb,425,1,3,success,yes
53,management,married,tertiary,no,612,no,no,cellular,aug,121,4,0,unknown,no
49,technician,divorced,secondary,no,-475,yes,no,unknown,may,209,2,0,unknown,no
38,self-employed,married,secondary,no,220,no,no,unknown,may,174,3,0,unknown,no
48,management,married,tertiary,no,1173,yes,yes,cellular,jan,241,2,2,success,yes
70,retired,married,secondary,no,5822,no,no,cellular,nov,726,2,0,unknown,yes
24,services,married,secondary,no,32,yes,no,unknown,may,338,1,0,unknown,no
35,blue-collar,married,primary,no,3861,yes,no,cellular,may,152,1,1,failure,no
47,admin.,married,secondary,no,331,yes,no,cellular,may,187,1,0,unknown,no
46,technician,married,secondary,no,2335,yes,no,cellular,apr,298,2,0,unknown,yes
34,services,married,secondary,no,1219,no,no,cellular,may,163,1,6,success,yes
42,unemployed,married,secondary,no,925,no,no,cellular,aug,107,1,1,failure,no
31,admin.,single,secondary,no,655,no,no,cellular,apr,90,2,0,unknown,no
51,technician,married,secondary,no,7110,no,no,telephone,jul,230,1,0,unknown,yes
38,technician,divorced,secondary,no,313,no,no,cellular,oct,250,1,2,failure,yes
42,management,married,tertiary,no,-672,yes,yes,unknown,may,129,3,0,unknown,no
31,blue-collar,married,secondary,no,-70,no,no,cellular,apr,825,3,0,unknown,yes
36,entrepreneur,married,secondary,no,2761,no,no,cellular,nov,240,1,8,failure,yes
51,technician,married,tertiary,no,1,no,no,telephone,nov,94,1,0,unknown,no
42,management,married,tertiary,no,145,yes,no,cellular,may,574,2,1,success,yes
24,services,single,secondary,no,911,no,no,cellular,dec,332,1,4,success,yes
46,blue-collar,married,secondary,no,864,yes,no,cellular,may,451,1,0,unknown,yes
64,retired,married,primary,no,72,no,no,cellular,sep,147,3,1,success,yes
44,management,married,tertiary,no,2,yes,no,unknown,may,1516,2,0,unknown,no
40,services,married,secondary,no,2226,no,no,unknown,jun,180,3,0,unknown,no
53,blue-collar,married,secondary,no,505,no,no,cellular,jan,350,2,0,unknown,no
35,management,married,tertiary,no,4234,no,no,cellular,nov,552,1,0,unknown,yes
27,services,single,secondary,no,1143,yes,no,unknown,may,759,2,0,unknown,yes
38,technician,married,secondary,no,1584,no,no,cellular,aug,921,4,0,unknown,yes
26,self-employed,single,tertiary,no,670,no,no,cellular,aug,387,4,0,unknown,yes
40,technician,single,tertiary,no,1928,yes,no,cellular,may,380,2,3,success,yes
32,management,single,tertiary,no,743,yes,no,unknown,may,101,1,0,unknown,no
58,entrepreneur,divorced,tertiary,no,816,no,no,unknown,jun,444,3,0,unknown,no
41,blue-collar,married,secondary,no,1873,yes,no,cellular,aug,491,1,0,unknown,yes
46,blue-collar,single,tertiary,no,140,yes,no,unknown,may,1093,2,0,unknown,yes
51,management,divorced,tertiary,no,297,yes,no,cellular,jul,277,1,0,unknown,no
40,admin.,married,secondary,no,164,yes,no,cellular,nov,595,2,0,unknown,no
52,blue-collar,single,secondary,no,1542,yes,no,unknown,may,239,1,0,unknown,no
28,admin.,single,secondary,no,815,no,no,cellular,sep,115,3,0,unknown,yes
34,entrepreneur,married,secondary,no,255,yes,yes,cellular,aug,133,8,0,unknown,no
71,retired,married,primary,no,984,no,no,cellular,apr,363,2,0,unknown,yes
39,blue-collar,married,secondary,no,2031,yes,no,cellular,may,213,1,0,unknown,no
69,retired,divorced,secondary,no,4279,no,no,telephone,jul,908,2,0,unknown,yes
55,admin.,married,secondary,no,681,no,no,cellular,mar,141,2,0,unknown,yes
30,management,single,tertiary,no,2907,no,no,cellular,aug,92,4,0,unknown,no
35,admin.,single,secondary,no,80,yes,no,cellular,may,219,4,1,failure,no
35,management,married,tertiary,no,510,yes,no,cellular,apr,216,6,0,unknown,no
26,unemployed,single,tertiary,no,37,no,no,cellular,apr,191,1,0,unknown,yes
32,technician,single,secondary,no,731,no,yes,cellular,jan,760,1,0,unknown,yes
60,retired,married,secondary,no,8569,no,no,cellular,mar,248,1,7,other,yes
41,management,married,tertiary,no,305,no,no,cellular,sep,290,4,11,other,yes
45,blue-collar,married,primary,yes,-517,yes,yes,cellular,apr,679,1,0,unknown,yes
59,housemaid,married,tertiary,no,-65,no,yes,cellular,jul,357,2,0,unknown,no
26,technician,single,secondary,no,1016,no,yes,cellular,jul,798,1,0,unknown,yes
38,blue-collar,married,secondary,no,570,yes,no,cellular,apr,160,1,0,unknown,no
60,retired,married,primary,no,6389,yes,no,unknown,jun,353,1,0,unknown,no
71,retired,married,secondary,no,1322,no,no,cellular,nov,242,1,1,success,yes
29,blue-collar,married,secondary,no,128,yes,no,cellular,may,920,4,0,unknown,yes
68,retired,married,tertiary,no,2386,no,no,cellular,dec,150,1,2,failure,yes
32,blue-collar,married,tertiary,no,6113,yes,no,unknown,may,379,1,0,unknown,no
33,management,married,tertiary,no,4938,no,no,cellular,jun,180,1,2,other,yes
52,blue-collar,married,secondary,no,5325,no,yes,cellular,jul,1026,3,0,unknown,no
57,admin.,married,secondary,no,216,no,no,cellular,feb,192,1,4,success,yes
59,retired,married,primary,no,5513,yes,yes,unknown,may,88,1,0,unknown,no
52,blue-collar,married,primary,no,222,no,no,cellular,jan,228,1,0,unknown,yes
24,admin.,single,secondary,no,199,no,no,cellular,feb,126,1,0,unknown,no
39,technician,single,tertiary,no,2579,no,no,unknown,jun,191,1,0,unknown,no
43,admin.,married,secondary,no,112,no,no,cellular,may,169,2,1,success,yes
57,retired,married,secondary,no,5,no,no,unknown,may,353,3,0,unknown,no
45,services,divorced,secondary,no,41,yes,no,unknown,may,173,2,0,unknown,no
48,blue-collar,single,secondary,no,9088,yes,no,unknown,may,642,1,0,unknown,no
33,technician,married,tertiary,no,1646,no,no,cellular,jan,235,1,3,success,yes
81,retired,divorced,unknown,no,9188,no,no,telephone,nov,237,2,0,unknown,no
49,services,married,primary,no,2062,yes,no,cellular,aug,234,1,1,success,yes
58,services,married,secondary,no,11897,no,no,unknown,jun,131,5,0,unknown,no
60,retired,married,secondary,no,-38,no,yes,cellular,aug,91,5,0,unknown,no
34,entrepreneur,married,tertiary,no,338,yes,no,unknown,may,249,2,0,unknown,no
38,unemployed,married,secondary,no,1101,no,no,unknown,jul,83,1,0,unknown,no
60,unemployed,married,secondary,no,1010,no,no,cellular,mar,285,1,2,success,yes
79,retired,married,primary,no,-253,no,no,telephone,may,171,1,3,success,yes
52,blue-collar,married,secondary,no,-117,no,no,unknown,jun,325,15,0,unknown,no
27,admin.,married,secondary,no,1626,no,no,cellular,sep,109,1,0,unknown,yes
56,technician,divorced,secondary,no,2858,no,no,cellular,aug,702,2,0,unknown,yes
63,retired,married,primary,no,1048,no,no,cellular,apr,503,1,0,unknown,yes
44,management,married,unknown,no,240,no,no,cellular,mar,720,2,3,success,yes
55,blue-collar,divorced,secondary,no,7267,no,no,unknown,may,301,3,0,unknown,no
46,blue-collar,married,secondary,no,247,yes,no,unknown,may,1163,1,0,unknown,yes
29,management,married,tertiary,no,-108,yes,no,telephone,jul,96,2,0,unknown,no
30,management,single,tertiary,no,301,no,no,cellular,apr,244,2,0,unknown,yes
37,services,married,secondary,no,1262,yes,no,cellular,feb,134,2,0,unknown,yes
40,student,single,secondary,no,365,yes,no,cellular,jun,426,2,0,unknown,yes
41,management,married,tertiary,no,5044,no,no,cellular,jul,266,3,1,failure,yes
54,unemployed,married,primary,no,8749,no,no,telephone,jan,187,2,0,unknown,no
28,student,single,secondary,no,804,no,no,cellular,mar,239,2,0,unknown,no
42,blue-collar,married,secondary,no,-940,yes,no,unknown,may,156,1,0,unknown,no
31,admin.,married,secondary,no,800,yes,no,cellular,may,643,3,0,unknown,yes
34,admin.,married,tertiary,no,1,no,yes,cellular,aug,89,3,6,success,yes
28,student,single,secondary,no,685,no,no,cellular,dec,259,3,19,other,yes
52,blue-collar,married,secondary,no,5790,yes,no,telephone,may,274,2,0,unknown,no
45,technician,divorced,tertiary,no,-1,yes,no,cellular,aug,253,5,0,unknown,no
58,housemaid,married,primary,no,1447,yes,yes,cellular,jul,1218,2,0,unknown,no
24,student,single,secondary,no,9139,no,no,cellular,jun,455,2,0,unknown,no
60,retired,married,secondary,no,-208,no,no,cellular,aug,132,3,0,unknown,no
46,admin.,married,secondary,no,46,yes,no,cellular,mar,216,2,0,unknown,yes
27,admin.,single,secondary,no,-149,yes,yes,cellular,may,425,1,0,unknown,yes
59,admin.,married,secondary,no,1342,no,no,unknown,jun,328,1,0,unknown,no
29,unemployed,married,tertiary,no,670,no,no,cellular,jul,261,1,1,success,yes
33,admin.,single,tertiary,no,540,yes,no,cellular,may,23,1,2,failure,no
48,blue-collar,married,secondary,no,-6,yes,no,unknown,may,380,2,0,unknown,no
65,housemaid,married,primary,no,714,no,no,cellular,mar,364,1,0,unknown,yes
29,self-employed,single,tertiary,no,401,no,yes,cellular,jul,331,1,0,unknown,no
91,retired,divorced,secondary,no,19,no,no,cellular,feb,132,3,0,unknown,yes
47,admin.,married,secondary,no,294,yes,no,cellular,may,174,1,0,unknown,no
34,management,married,tertiary,no,3345,no,no,cellular,jun,73,2,0,unknown,no
43,unemployed,married,secondary,no,-29,yes,yes,cellular,sep,178,2,13,failure,yes
30,unemployed,single,secondary,no,1364,no,no,cellular,feb,980,1,0,unknown,yes
55,blue-collar,divorced,unknown,no,192,yes,no,cellular,jul,763,3,0,unknown,no
42,blue-collar,married,secondary,no,251,yes,no,cellular,feb,448,2,2,success,yes
43,management,single,tertiary,no,2002,yes,no,unknown,may,763,1,0,unknown,yes
60,admin.,married,secondary,no,13023,no,no,cellular,mar,105,1,0,unknown,yes
38,admin.,single,secondary,no,365,no,no,cellular,feb,145,1,2,other,yes
57,management,divorced,tertiary,no,2064,no,no,cellular,may,172,1,5,success,no
43,blue-collar,married,primary,no,3166,yes,no,unknown,jun,438,3,0,unknown,no
32,services,single,secondary,no,572,yes,no,cellular,apr,4,6,0,unknown,no
54,technician,married,secondary,no,2269,yes,no,cellular,apr,574,1,2,failure,yes
44,blue-collar,married,secondary,no,2355,no,no,cellular,sep,267,1,1,success,yes
36,blue-collar,married,primary,no,572,yes,no,unknown,may,277,1,0,unknown,no
61,retired,married,tertiary,no,2530,yes,no,cellular,sep,220,1,7,success,yes
46,services,divorced,secondary,no,552,yes,yes,cellular,apr,250,4,4,failure,no
35,services,single,secondary,no,106,yes,no,cellular,may,1042,4,0,unknown,yes
62,self-employed,married,tertiary,no,11068,no,no,cellular,jul,332,2,3,success,yes
33,management,divorced,tertiary,no,1237,no,yes,cellular,jul,88,1,0,unknown,no
49,management,married,tertiary,no,362,no,yes,cellular,jul,203,4,0,unknown,no
26,management,single,tertiary,no,566,yes,no,cellular,may,75,4,5,other,no
37,management,divorced,tertiary,no,413,yes,no,unknown,may,139,4,0,unknown,no
37,management,single,tertiary,no,557,no,no,cellular,jun,278,4,4,other,yes
31,management,single,tertiary,no,3638,yes,no,unknown,may,103,1,0,unknown,no
22,student,single,secondary,no,994,no,no,telephone,feb,195,1,3,success,yes
56,technician,married,unknown,no,1574,yes,no,unknown,may,119,2,0,unknown,no
48,retired,married,secondary,no,87,yes,no,cellular,aug,296,5,0,unknown,no
28,student,single,secondary,no,1228,yes,no,cellular,may,706,2,0,unknown,yes
41,blue-collar,married,primary,no,155,yes,no,cellular,feb,172,1,0,unknown,yes
44,management,divorced,tertiary,no,3880,yes,no,unknown,may,42,2,0,unknown,no
73,retired,married,tertiary,no,561,no,no,cellular,mar,110,1,0,unknown,yes
23,student,single,secondary,no,842,no,no,cellular,jul,583,3,3,other,yes
28,technician,single,tertiary,no,1758,no,no,cellular,feb,286,1,0,unknown,yes
33,blue-collar,married,secondary,no,821,yes,no,cellular,apr,637,2,0,unknown,yes
26,student,single,unknown,no,555,no,no,telephone,apr,629,2,0,unknown,yes
38,blue-collar,married,primary,no,307,yes,no,unknown,may,95,5,0,unknown,no
54,management,married,tertiary,no,6450,yes,no,cellular,nov,145,1,3,failure,no
31,technician,single,tertiary,no,-62,yes,no,cellular,may,114,3,0,unknown,no
33,admin.,single,secondary,no,318,yes,no,cellular,apr,692,1,0,unknown,yes
34,management,married,secondary,no,478,no,no,cellular,aug,886,3,4,failure,yes
39,technician,divorced,secondary,no,499,no,no,cellular,aug,170,4,0,unknown,no
23,student,single,secondary,no,1016,no,no,cellular,nov,259,1,0,unknown,yes
41,blue-collar,married,primary,no,-47,yes,no,cellular,may,181,3,0,unknown,no
45,admin.,married,secondary,no,-166,no,yes,telephone,jul,174,12,0,unknown,no
54,technician,married,secondary,no,-281,no,no,telephone,nov,984,1,8,failure,no
28,technician,single,tertiary,no,11411,no,no,telephone,may,279,5,1,success,no
45,blue-collar,married,primary,no,925,yes,yes,cellular,may,499,2,58,other,yes
31,management,single,tertiary,no,42,yes,no,cellular,aug,127,4,0,unknown,no
36,technician,single,secondary,no,-217,yes,no,cellular,may,658,3,0,unknown,yes
56,retired,married,secondary,no,736,no,yes,cellular,jul,192,1,2,failure,yes
30,management,divorced,tertiary,no,450,yes,yes,cellular,may,970,1,4,failure,yes
30,technician,married,secondary,no,379,no,no,cellular,feb,2752,2,0,unknown,yes
54,blue-collar,married,secondary,no,970,yes,no,unknown,may,207,2,0,unknown,no
51,housemaid,married,primary,no,227,no,no,cellular,aug,134,1,0,unknown,no
37,management,married,tertiary,no,1067,no,no,cellular,apr,187,1,0,unknown,yes
46,blue-collar,married,secondary,no,1158,no,no,cellular,nov,224,3,2,failure,no
59,retired,married,primary,no,1565,yes,no,unknown,may,592,2,0,unknown,no
26,services,married,secondary,no,112,yes,no,unknown,may,133,1,0,unknown,no
26,admin.,single,secondary,no,98,no,no,cellular,apr,429,1,1,success,yes
41,management,divorced,tertiary,no,1055,no,no,cellular,oct,214,2,0,unknown,yes
56,retired,divorced,tertiary,no,13147,no,no,cellular,may,1058,1,0,unknown,yes
33,technician,single,tertiary,no,330,yes,no,cellular,jul,91,3,0,unknown,no
48,management,single,tertiary,no,376,yes,no,cellular,sep,583,2,12,success,yes
49,services,divorced,secondary,no,-211,yes,yes,cellular,may,671,1,0,unknown,yes
32,management,single,tertiary,no,304,no,no,cellular,nov,70,2,0,unknown,no
30,admin.,married,tertiary,no,320,no,no,cellular,feb,690,2,0,unknown,no
45,unemployed,married,secondary,no,639,yes,no,unknown,jan,101,1,0,unknown,yes
46,services,married,tertiary,no,2310,yes,no,cellular,nov,145,1,0,unknown,no
50,management,married,tertiary,no,544,no,no,cellular,jun,172,1,0,unknown,yes
40,housemaid,married,primary,no,295,yes,no,cellular,jul,376,3,0,unknown,no
54,retired,single,primary,no,678,no,no,unknown,jun,32,2,0,unknown,no
34,admin.,single,secondary,no,150,yes,no,cellular,may,233,4,1,failure,no
79,retired,married,secondary,no,8499,no,no,telephone,jun,710,1,12,failure,yes
56,blue-collar,married,secondary,no,1607,yes,no,cellular,nov,546,1,0,unknown,yes
36,admin.,married,tertiary,no,517,yes,yes,cellular,oct,124,1,0,unknown,no
38,technician,married,secondary,no,-161,yes,no,cellular,nov,56,5,1,success,no
31,self-employed,married,tertiary,no,234,no,no,cellular,feb,164,2,0,unknown,yes
26,blue-collar,single,tertiary,no,779,no,no,cellular,dec,351,1,0,unknown,yes
37,management,married,tertiary,no,-706,yes,no,cellular,feb,55,2,0,unknown,no
41,technician,divorced,secondary,no,1644,yes,no,cellular,aug,168,2,0,unknown,no
33,self-employed,divorced,tertiary,no,638,no,yes,cellular,nov,140,1,0,unknown,no
28,technician,single,tertiary,no,3726,no,no,cellular,mar,260,1,0,unknown,yes
36,services,divorced,secondary,no,230,yes,no,cellular,may,183,1,1,failure,no
27,management,single,secondary,no,258,yes,no,cellular,feb,127,2,0,unknown,no
41,blue-collar,married,primary,no,7836,yes,no,cellular,apr,173,1,2,failure,no
42,housemaid,single,secondary,no,431,no,no,telephone,jan,37,1,0,unknown,no
41,blue-collar,married,primary,no,-98,yes,yes,unknown,may,231,1,0,unknown,no
35,management,married,secondary,no,445,no,no,cellular,aug,216,12,0,unknown,no
27,blue-collar,single,primary,no,502,yes,no,unknown,may,298,2,0,unknown,no
56,services,divorced,secondary,no,-423,yes,no,unknown,may,115,1,0,unknown,no
36,admin.,divorced,tertiary,no,-16,yes,no,unknown,may,174,1,0,unknown,no
48,technician,married,primary,no,326,no,no,cellular,mar,144,2,1,other,yes
30,services,married,secondary,no,1753,yes,no,cellular,may,85,2,0,unknown,no
49,technician,divorced,secondary,no,296,no,no,unknown,jun,742,2,0,unknown,yes
78,retired,divorced,secondary,no,3331,no,no,cellular,feb,132,1,0,unknown,yes
73,retired,married,unknown,no,630,no,no,telephone,feb,282,3,2,success,yes
53,technician,married,tertiary,no,549,yes,no,cellular,jul,180,1,0,unknown,no
42,technician,single,tertiary,no,2,yes,yes,cellular,nov,31,1,5,other,no
37,blue-collar,married,primary,no,715,yes,no,unknown,may,642,2,0,unknown,yes
44,services,married,secondary,no,3691,no,no,cellular,jul,116,6,0,unknown,no
41,management,married,tertiary,no,2684,no,no,cellular,nov,197,2,0,unknown,yes
51,management,married,tertiary,no,2571,yes,no,cellular,jul,564,1,0,unknown,yes
38,admin.,divorced,tertiary,no,65,no,no,cellular,jul,195,1,0,unknown,no
58,housemaid,divorced,primary,no,-114,no,no,unknown,jun,83,1,0,unknown,no
54,management,married,tertiary,no,1246,yes,no,cellular,nov,1191,2,1,other,no
37,blue-collar,married,secondary,yes,-401,yes,yes,unknown,jun,21,3,0,unknown,no
35,technician,married,secondary,no,2054,no,no,telephone,apr,370,1,0,unknown,yes
37,management,married,tertiary,no,3048,yes,no,cellular,may,225,1,10,success,yes
54,blue-collar,married,secondary,no,2821,yes,no,cellular,may,332,1,0,unknown,no
34,admin.,single,tertiary,no,74,yes,no,cellular,sep,277,2,3,success,yes
36,entrepreneur,married,secondary,no,632,no,no,cellular,feb,306,3,0,unknown,no
38,management,married,tertiary,no,151,yes,no,unknown,may,582,4,0,unknown,yes
36,management,married,tertiary,no,915,no,no,cellular,nov,174,1,0,unknown,no
28,blue-collar,married,secondary,no,1223,no,no,cellular,feb,148,4,3,other,no
37,technician,married,secondary,no,78,yes,no,cellular,apr,665,4,1,other,no
47,management,married,secondary,no,643,yes,no,cellular,may,108,6,0,unknown,no
36,technician,married,unknown,no,473,no,no,cellular,oct,247,1,2,success,yes
31,management,single,tertiary,no,4272,no,no,cellular,aug,1314,9,0,unknown,yes
49,management,married,tertiary,no,5323,yes,no,cellular,dec,371,1,2,failure,yes
33,management,married,tertiary,no,636,yes,no,cellular,aug,274,5,0,unknown,no
51,blue-collar,married,unknown,no,108,yes,no,telephone,may,2,4,0,unknown,no
55,entrepreneur,married,tertiary,no,-90,yes,no,unknown,may,370,5,0,unknown,no
70,retired,married,secondary,no,2057,no,no,cellular,oct,333,1,0,unknown,no
31,blue-collar,married,secondary,no,-235,yes,yes,cellular,may,296,3,0,unknown,no
30,services,single,secondary,no,-218,yes,no,cellular,may,433,1,2,failure,yes
32,management,single,tertiary,no,182,yes,no,cellular,may,452,1,1,other,no
43,blue-collar,single,primary,no,11270,no,no,unknown,jun,259,18,0,unknown,no
37,entrepreneur,married,tertiary,no,4739,yes,no,unknown,may,173,2,0,unknown,no
48,technician,married,unknown,no,-159,yes,no,unknown,may,338,4,0,unknown,no
66,retired,married,tertiary,no,2121,no,no,cellular,oct,118,2,2,failure,yes
30,management,single,tertiary,no,519,yes,no,cellular,aug,670,2,0,unknown,no
34,management,married,tertiary,no,43,no,no,cellular,nov,84,1,2,failure,no
39,management,married,tertiary,no,2559,yes,no,cellular,jul,556,1,2,success,yes
57,management,married,tertiary,no,9087,no,yes,unknown,jun,1127,2,0,unknown,yes
28,admin.,single,secondary,no,170,no,no,cellular,jun,347,1,0,unknown,yes
38,services,married,secondary,no,6195,yes,no,cellular,may,621,2,0,unknown,yes
33,management,married,tertiary,no,520,no,no,cellular,aug,913,5,0,unknown,no
36,management,divorced,tertiary,no,2002,yes,no,cellular,jul,839,1,0,unknown,yes
50,blue-collar,married,primary,no,-8,no,yes,cellular,jul,287,1,0,unknown,no
26,student,single,unknown,no,886,no,no,cellular,jan,169,1,0,unknown,no
51,management,married,tertiary,no,176,no,no,unknown,jun,312,1,0,unknown,yes
42,services,married,secondary,no,245,yes,no,telephone,may,333,5,1,other,no
37,blue-collar,married,secondary,no,3876,yes,no,cellular,apr,21,5,0,unknown,no
32,management,divorced,tertiary,no,688,yes,no,cellular,dec,769,1,5,other,yes
32,blue-collar,married,primary,no,384,yes,no,unknown,may,145,3,0,unknown,no
51,admin.,married,secondary,no,4238,yes,no,unknown,may,539,1,0,unknown,no
29,management,single,tertiary,no,3091,no,no,cellular,aug,93,4,0,unknown,no
55,unemployed,married,primary,no,1512,no,yes,cellular,jul,94,1,0,unknown,no
61,retired,divorced,tertiary,no,75,yes,no,cellular,dec,418,1,5,failure,yes
57,self-employed,married,secondary,no,9988,no,no,cellular,jul,412,1,0,unknown,no
59,retired,divorced,tertiary,no,3497,no,no,cellular,aug,258,1,2,success,yes
27,student,single,tertiary,no,5135,yes,no,cellular,may,414,1,2,failure,yes
31,services,single,secondary,no,214,yes,no,cellular,may,188,2,0,unknown,no
26,services,single,secondary,no,4829,yes,no,unknown,may,1299,3,0,unknown,yes
42,admin.,single,secondary,no,56561,no,no,unknown,may,235,1,0,unknown,no
48,blue-collar,married,primary,no,214,no,no,cellular,may,339,3,8,failure,no
44,entrepreneur,married,tertiary,no,1694,yes,no,cellular,nov,81,1,2,failure,no
72,retired,divorced,unknown,no,499,no,no,telephone,jul,264,2,0,unknown,yes
42,admin.,married,secondary,no,385,yes,no,unknown,may,144,2,0,unknown,no
42,admin.,single,secondary,no,51,no,no,telephone,nov,202,1,0,unknown,no
50,management,married,tertiary,no,60,yes,no,cellular,nov,52,2,0,unknown,no
45,admin.,married,secondary,no,826,yes,yes,unknown,may,618,3,0,unknown,yes
40,admin.,married,primary,no,269,yes,no,unknown,may,165,2,0,unknown,no
47,technician,married,secondary,no,124,no,no,cellular,mar,516,1,0,unknown,yes
37,management,married,tertiary,no,119,no,yes,cellular,jul,251,6,0,unknown,no
25,technician,single,tertiary,no,1192,no,no,cellular,aug,261,2,0,unknown,yes
57,management,married,tertiary,no,-143,no,no,cellular,jun,278,2,1,success,yes
40,blue-collar,married,primary,no,873,yes,no,unknown,jun,308,2,0,unknown,no
47,blue-collar,married,primary,no,151,no,no,cellular,aug,75,6,0,unknown,no
35,management,married,secondary,no,879,yes,no,cellular,jul,256,2,0,unknown,no
39,technician,single,secondary,no,570,yes,no,unknown,may,332,1,0,unknown,no
42,blue-collar,married,unknown,no,512,yes,no,cellular,may,12,6,0,unknown,no
36,management,divorced,tertiary,no,941,yes,yes,cellular,aug,239,5,0,unknown,no
28,technician,single,tertiary,no,5234,no,no,cellular,feb,249,21,0,unknown,yes
28,management,married,tertiary,no,147,yes,no,cellular,jul,600,6,0,unknown,no
37,self-employed,divorced,tertiary,no,1551,no,no,unknown,may,510,1,0,unknown,no
39,blue-collar,married,secondary,no,1707,yes,no,cellular,aug,367,1,2,success,yes
38,technician,single,tertiary,no,-98,yes,no,cellular,jun,227,2,0,unknown,yes
39,blue-collar,divorced,secondary,no,1733,yes,no,unknown,jun,9,28,0,unknown,no
57,retired,divorced,primary,yes,-18,no,yes,cellular,jul,139,2,0,unknown,no
32,technician,married,secondary,no,3062,no,no,cellular,feb,359,1,1,other,yes
26,admin.,single,secondary,no,231,yes,no,unknown,may,324,2,0,unknown,no
39,technician,married,tertiary,no,1130,yes,no,cellular,may,361,2,0,unknown,no
55,technician,married,tertiary,no,1223,no,no,cellular,apr,394,2,0,unknown,yes
40,management,single,unknown,no,751,yes,no,unknown,may,626,3,0,unknown,no
43,admin.,single,secondary,no,831,yes,no,cellular,nov,1085,3,0,unknown,yes
34,admin.,single,secondary,no,1625,yes,no,unknown,may,203,2,0,unknown,no
43,unemployed,married,tertiary,no,-22,no,no,cellular,jul,761,1,1,failure,yes
31,technician,single,unknown,no,575,yes,no,unknown,may,396,2,0,unknown,no
25,student,single,tertiary,no,516,yes,no,cellular,may,34,1,0,unknown,no
52,self-employed,married,secondary,no,149,no,yes,cellular,nov,101,1,3,failure,no
56,unemployed,married,secondary,no,849,no,no,cellular,feb,334,4,0,unknown,no
34,management,married,tertiary,no,17,yes,yes,cellular,feb,157,1,0,unknown,no
51,blue-collar,married,primary,no,221,yes,no,cellular,apr,678,3,3,failure,no
53,admin.,divorced,secondary,no,-606,yes,no,unknown,may,114,1,0,unknown,no
48,management,married,tertiary,no,171,yes,no,unknown,may,361,2,0,unknown,no
27,management,single,tertiary,no,1244,no,no,cellular,sep,768,1,0,unknown,yes
32,management,married,tertiary,no,329,yes,no,cellular,jul,28,24,0,unknown,no
28,blue-collar,married,primary,no,-249,yes,no,unknown,may,357,2,0,unknown,no
28,admin.,married,secondary,no,7644,yes,no,cellular,apr,935,2,2,failure,yes
50,entrepreneur,divorced,tertiary,no,157,no,no,cellular,jul,248,5,0,unknown,no
31,technician,single,secondary,no,739,yes,no,unknown,may,709,3,0,unknown,yes
52,blue-collar,married,primary,no,320,yes,no,cellular,may,187,2,2,failure,no
27,self-employed,single,tertiary,no,3469,no,no,cellular,jun,199,2,0,unknown,yes
53,management,married,tertiary,no,133,no,no,cellular,aug,227,2,0,unknown,no
25,services,divorced,primary,no,513,yes,no,unknown,may,333,2,0,unknown,no
54,retired,married,secondary,no,183,yes,no,unknown,jun,14,6,0,unknown,no
56,management,divorced,tertiary,no,3877,yes,no,cellular,jul,38,1,0,unknown,no
43,technician,single,unknown,no,11213,no,no,cellular,oct,493,1,2,success,yes
33,blue-collar,married,primary,no,-374,yes,yes,unknown,may,852,4,0,unknown,no
37,management,married,tertiary,no,5327,no,no,telephone,feb,482,4,0,unknown,yes
28,management,single,tertiary,no,1117,no,no,cellular,jan,258,2,0,unknown,no
58,retired,married,primary,no,606,no,no,telephone,oct,193,1,1,success,yes
50,entrepreneur,married,tertiary,no,-1,no,no,telephone,jul,1088,4,0,unknown,yes
46,blue-collar,married,secondary,no,813,yes,no,cellular,mar,226,1,4,success,yes
48,management,divorced,unknown,no,550,yes,no,unknown,may,440,1,0,unknown,no
41,self-employed,married,tertiary,no,297,no,no,cellular,aug,336,2,0,unknown,yes
57,entrepreneur,married,secondary,no,814,no,no,cellular,aug,119,1,0,unknown,no
56,blue-collar,married,primary,no,801,yes,no,cellular,jul,833,1,0,unknown,no
44,services,divorced,secondary,no,-348,yes,yes,unknown,jun,43,1,0,unknown,no
55,entrepreneur,married,secondary,no,227,yes,no,unknown,jun,182,1,0,unknown,no
63,entrepreneur,married,tertiary,no,2797,no,no,telephone,nov,70,4,0,unknown,no
56,admin.,married,secondary,no,186,yes,yes,cellular,jul,100,2,0,unknown,no
49,entrepreneur,single,secondary,no,279,no,no,unknown,feb,280,1,0,unknown,yes
53,services,married,secondary,no,394,yes,no,telephone,jul,269,5,0,unknown,no
38,blue-collar,married,secondary,no,2606,yes,no,cellular,apr,425,1,0,unknown,no
54,admin.,divorced,secondary,no,1694,no,no,cellular,apr,1325,1,2,other,yes
27,blue-collar,single,secondary,no,3878,no,no,cellular,apr,328,2,0,unknown,yes
26,student,single,secondary,no,181,no,no,telephone,nov,244,1,0,unknown,yes
31,admin.,single,secondary,no,186,yes,no,cellular,apr,231,2,11,other,no
44,admin.,married,secondary,no,39,no,no,cellular,aug,125,10,0,unknown,no
49,blue-collar,married,primary,no,6279,yes,no,cellular,may,543,1,0,unknown,no
28,services,single,secondary,no,453,yes,no,cellular,feb,369,3,0,unknown,no
39,unemployed,single,secondary,no,2704,yes,no,unknown,may,357,3,0,unknown,no
56,unknown,married,secondary,no,1976,no,no,cellular,may,245,1,4,success,yes
49,self-employed,divorced,tertiary,no,-171,yes,no,cellular,apr,67,1,0,unknown,yes
31,management,single,tertiary,no,2839,yes,no,cellular,may,876,3,0,unknown,yes
55,blue-collar,married,primary,no,1091,yes,no,telephone,may,454,4,0,unknown,yes
26,management,single,secondary,no,1313,yes,no,cellular,jul,347,2,0,unknown,no
61,management,married,tertiary,no,3645,no,no,cellular,mar,207,1,2,success,yes
46,blue-collar,married,secondary,no,80,yes,no,unknown,may,105,2,0,unknown,no
52,blue-collar,married,unknown,no,69,yes,no,telephone,may,16,4,0,unknown,no
47,retired,married,primary,no,1409,no,yes,telephone,may,497,2,3,failure,yes
41,self-employed,married,tertiary,no,1095,no,no,cellular,aug,567,5,0,unknown,yes
49,entrepreneur,divorced,unknown,yes,-958,yes,no,cellular,jul,992,2,0,unknown,yes
45,blue-collar,married,secondary,no,166,yes,no,cellular,may,98,1,3,failure,no
28,student,single,secondary,no,1969,no,no,telephone,oct,181,1,0,unknown,yes
32,services,married,secondary,no,72,yes,no,cellular,jul,733,2,0,unknown,no
29,self-employed,single,secondary,no,846,yes,no,cellular,may,219,1,0,unknown,no
30,technician,married,tertiary,no,115,no,yes,cellular,nov,405,1,6,other,yes
47,management,divorced,tertiary,no,64,no,no,unknown,may,235,1,0,unknown,no
53,technician,married,tertiary,no,8902,no,no,cellular,apr,173,1,0,unknown,yes
77,retired,married,secondary,no,2197,no,no,telephone,feb,136,4,0,unknown,no
46,management,married,secondary,no,5915,no,no,unknown,jun,487,1,0,unknown,no
32,management,single,tertiary,no,121,no,no,cellular,jan,82,1,3,success,no
41,management,married,tertiary,no,3921,yes,no,cellular,may,30,5,2,failure,no
31,blue-collar,married,secondary,no,4361,yes,no,unknown,may,302,2,0,unknown,no
32,management,married,tertiary,no,110,no,no,unknown,may,260,1,0,unknown,no
26,technician,single,secondary,no,996,yes,no,cellular,sep,418,1,3,other,yes
30,technician,married,secondary,no,451,no,no,cellular,aug,61,3,0,unknown,no
38,technician,married,secondary,no,699,yes,no,cellular,nov,272,1,2,other,no
44,management,married,tertiary,no,17415,no,no,unknown,jun,477,1,0,unknown,no
48,blue-collar,married,primary,no,-177,no,yes,telephone,jul,74,1,0,unknown,no
31,technician,single,secondary,no,363,no,no,unknown,sep,2,1,0,unknown,no
43,management,divorced,tertiary,no,2310,no,no,cellular,sep,104,1,3,success,yes
57,unemployed,married,secondary,no,1061,no,no,cellular,feb,349,4,0,unknown,no
38,technician,single,tertiary,no,10,no,no,cellular,aug,249,2,0,unknown,no
37,admin.,married,secondary,no,1120,yes,no,cellular,nov,1781,2,0,unknown,yes
54,self-employed,married,secondary,no,232,yes,no,telephone,jul,233,8,0,unknown,no
36,technician,divorced,secondary,no,94,no,no,cellular,aug,1234,3,0,unknown,yes
34,management,married,tertiary,no,-102,no,no,cellular,aug,130,2,0,unknown,no
35,technician,single,tertiary,no,1053,yes,no,cellular,aug,94,1,3,failure,no
56,entrepreneur,married,unknown,no,925,yes,yes,cellular,jul,241,4,0,unknown,no
35,admin.,single,tertiary,no,122,yes,no,cellular,jul,76,2,0,unknown,no
29,blue-collar,married,secondary,no,122,yes,no,unknown,may,272,1,0,unknown,no
24,blue-collar,single,secondary,no,564,yes,no,unknown,jun,168,1,0,unknown,no
31,management,married,tertiary,no,475,yes,no,cellular,may,113,2,1,failure,no
40,blue-collar,married,secondary,no,262,no,no,unknown,jun,72,2,0,unknown,no
31,blue-collar,single,unknown,yes,38,yes,no,cellular,may,80,1,0,unknown,no
29,unknown,single,unknown,no,195,no,no,cellular,oct,487,1,1,success,yes
34,management,single,tertiary,no,223,yes,no,cellular,may,195,1,1,failure,no
22,student,single,secondary,no,2023,no,no,telephone,feb,165,1,0,unknown,no
53,unemployed,married,secondary,no,1188,no,no,cellular,mar,443,2,1,success,yes
36,technician,single,secondary,no,251,yes,no,cellular,nov,53,4,3,failure,no
52,services,married,secondary,no,667,yes,no,cellular,jan,371,1,2,success,yes
54,technician,married,primary,no,3217,yes,no,telephone,jul,237,3,0,unknown,no
32,services,married,primary,no,1184,yes,no,cellular,feb,265,1,3,failure,no
48,unemployed,married,secondary,no,653,no,no,cellular,jan,498,1,4,success,yes
53,admin.,divorced,secondary,no,240,no,yes,cellular,nov,573,1,0,unknown,no
41,blue-collar,married,secondary,no,293,yes,no,cellular,may,62,3,11,failure,no
37,entrepreneur,married,secondary,no,-122,yes,no,unknown,may,29,1,0,unknown,no
29,technician,married,secondary,no,925,yes,no,cellular,feb,269,1,0,unknown,no
50,unemployed,divorced,tertiary,no,-96,no,no,cellular,jul,576,2,0,unknown,yes
33,blue-collar,single,primary,no,873,yes,no,cellular,apr,41,1,0,unknown,no
46,self-employed,married,secondary,no,440,no,no,cellular,nov,677,1,0,unknown,yes
55,technician,married,secondary,no,51,no,no,cellular,feb,14,8,3,other,no
24,student,single,secondary,no,1091,no,no,cellular,oct,292,5,6,other,yes
36,management,married,tertiary,no,1507,yes,no,unknown,jun,32,3,0,unknown,no
35,self-employed,married,tertiary,no,1048,yes,yes,cellular,apr,234,2,5,failure,no
49,housemaid,married,secondary,no,3659,no,no,cellular,jun,44,2,0,unknown,no
42,blue-collar,married,primary,no,7762,yes,no,cellular,apr,161,1,2,failure,no
41,blue-collar,married,secondary,no,2496,yes,no,cellular,apr,169,1,0,unknown,yes
50,housemaid,married,secondary,no,353,no,no,cellular,jun,132,2,2,success,no
60,retired,married,tertiary,no,2213,no,no,cellular,jun,331,3,0,unknown,no
34,admin.,single,secondary,no,152,yes,no,unknown,may,245,1,0,unknown,no
32,management,single,secondary,no,863,yes,no,cellular,apr,322,1,2,success,yes
35,entrepreneur,single,tertiary,no,1363,yes,no,cellular,may,93,1,12,other,no
27,services,single,secondary,no,497,yes,no,cellular,may,107,5,8,other,no
87,retired,married,primary,no,2510,no,no,telephone,jan,507,2,0,unknown,yes
51,technician,married,secondary,no,-36,no,no,cellular,aug,93,5,0,unknown,no
43,housemaid,single,primary,no,914,yes,no,cellular,may,948,1,0,unknown,yes
42,blue-collar,married,secondary,no,469,yes,yes,cellular,may,326,2,0,unknown,no
24,admin.,single,secondary,no,1716,no,no,cellular,sep,306,1,1,success,yes
44,management,married,tertiary,no,247,no,no,cellular,apr,624,1,0,unknown,yes
21,student,single,unknown,no,27,no,no,unknown,jun,14,1,0,unknown,no
21,student,single,secondary,no,48,no,no,cellular,oct,136,1,0,unknown,yes
33,technician,married,tertiary,no,1536,no,no,cellular,jan,190,1,3,success,yes
43,admin.,single,secondary,no,275,no,no,unknown,may,248,1,0,unknown,no
29,admin.,married,secondary,no,618,yes,no,telephone,nov,114,1,3,success,no
29,admin.,single,secondary,no,-547,yes,no,cellular,feb,109,3,14,failure,no
40,management,married,secondary,no,8474,no,no,unknown,may,258,3,0,unknown,no
37,management,single,secondary,no,917,no,no,unknown,jun,349,1,0,unknown,no
37,blue-collar,married,secondary,no,-149,yes,yes,unknown,may,380,1,0,unknown,no
63,housemaid,married,primary,no,231,no,no,telephone,aug,115,3,0,unknown,yes
49,technician,married,secondary,no,3627,no,no,cellular,jun,162,2,0,unknown,yes
21,blue-collar,single,secondary,no,2179,no,no,cellular,may,137,4,2,success,no
25,services,married,secondary,no,-32,yes,no,cellular,may,53,1,1,failure,no
50,blue-collar,married,secondary,no,-223,no,yes,cellular,jul,630,1,0,unknown,yes
31,services,single,secondary,no,558,no,no,cellular,may,103,1,0,unknown,no
50,services,married,secondary,no,-341,yes,no,cellular,may,185,4,0,unknown,no
57,blue-collar,married,primary,no,3157,no,no,cellular,sep,122,2,2,success,yes
50,technician,divorced,tertiary,no,2114,yes,no,cellular,mar,235,1,0,unknown,yes
51,entrepreneur,married,primary,no,1520,no,no,cellular,feb,156,10,0,unknown,yes
39,management,divorced,tertiary,no,-72,yes,no,unknown,may,393,1,0,unknown,no
52,housemaid,married,primary,no,377,no,no,cellular,aug,138,1,0,unknown,no
51,blue-collar,married,primary,no,-45,yes,no,cellular,may,66,2,3,failure,no
30,technician,single,tertiary,no,715,yes,no,cellular,feb,807,3,0,unknown,yes
36,management,single,tertiary,no,700,no,no,cellular,jun,318,1,5,success,yes
79,retired,married,primary,no,8622,no,no,telephone,apr,176,2,0,unknown,yes
23,technician,single,secondary,no,601,no,no,unknown,jun,252,1,0,unknown,yes
58,technician,married,secondary,no,209,no,no,telephone,sep,424,2,0,unknown,yes
31,management,married,tertiary,no,3806,no,yes,cellular,jan,273,1,0,unknown,no
30,management,married,tertiary,no,531,yes,no,cellular,nov,102,5,0,unknown,no
32,admin.,single,secondary,no,-117,yes,no,cellular,nov,2011,1,0,unknown,yes
43,blue-collar,married,primary,no,2981,no,no,cellular,aug,405,2,1,other,yes
59,admin.,married,primary,no,798,yes,no,cellular,jan,118,5,7,failure,no
32,management,single,tertiary,no,373,no,yes,cellular,jul,551,5,0,unknown,yes
26,management,single,tertiary,no,-82,yes,yes,cellular,apr,1051,1,0,unknown,yes
26,blue-collar,single,secondary,yes,-147,no,no,unknown,jun,523,2,0,unknown,yes
27,student,single,secondary,no,-53,no,no,cellular,jul,460,2,0,unknown,yes
25,technician,single,tertiary,no,1144,no,no,cellular,aug,249,2,0,unknown,yes
40,self-employed,married,secondary,no,57,yes,no,cellular,may,634,1,0,unknown,yes
33,management,single,tertiary,no,321,no,yes,cellular,feb,676,4,1,failure,no
33,blue-collar,married,primary,no,1107,yes,no,unknown,may,204,4,0,unknown,no
52,housemaid,married,primary,no,129,no,no,unknown,may,82,5,0,unknown,no
55,management,married,tertiary,no,548,no,no,cellular,aug,914,10,0,unknown,yes
26,student,single,tertiary,no,222,no,no,cellular,jul,438,1,4,success,yes
34,management,married,tertiary,no,6622,yes,no,cellular,jan,183,1,1,other,yes
36,entrepreneur,married,tertiary,no,3263,no,no,unknown,jun,2756,4,0,unknown,yes
25,student,single,unknown,no,84,no,no,telephone,apr,277,1,0,unknown,no
28,unemployed,single,primary,no,325,no,no,cellular,may,208,1,3,failure,yes
73,retired,married,primary,no,864,no,no,cellular,apr,876,1,3,success,yes
31,technician,single,tertiary,no,1107,yes,no,cellular,feb,200,2,0,unknown,yes
44,blue-collar,married,secondary,no,613,yes,yes,cellular,nov,1298,2,2,other,yes
27,student,single,tertiary,no,849,no,no,cellular,apr,563,2,0,unknown,yes
36,admin.,married,secondary,no,1154,yes,no,cellular,feb,16,1,0,unknown,no
34,admin.,married,secondary,no,-309,no,no,cellular,jan,121,3,0,unknown,no
32,management,married,tertiary,no,241,no,no,cellular,feb,84,1,0,unknown,no
42,blue-collar,married,primary,no,213,yes,no,telephone,jul,190,2,0,unknown,no
60,technician,divorced,secondary,no,-459,no,no,cellular,aug,170,2,0,unknown,no
34,blue-collar,married,secondary,no,-69,yes,yes,cellular,may,1338,7,1,failure,yes
47,blue-collar,married,primary,no,4012,no,no,unknown,jun,99,3,0,unknown,no
44,blue-collar,married,primary,no,610,yes,no,cellular,may,79,1,2,failure,no
29,management,single,tertiary,no,1649,no,no,cellular,sep,182,1,0,unknown,no
35,technician,married,tertiary,no,377,yes,yes,cellular,jul,33,3,0,unknown,no
39,self-employed,married,tertiary,no,1281,no,no,cellular,feb,77,1,0,unknown,no
60,retired,married,secondary,no,2241,no,no,cellular,feb,195,1,1,success,yes
39,housemaid,divorced,secondary,no,82,no,no,cellular,jun,344,2,8,success,no
39,management,married,tertiary,no,2393,yes,yes,cellular,may,242,1,0,unknown,no
29,unemployed,single,tertiary,no,96,yes,no,cellular,may,146,1,0,unknown,no
34,blue-collar,married,secondary,yes,-540,yes,yes,cellular,jul,148,2,0,unknown,no
38,entrepreneur,married,unknown,no,317,no,no,cellular,nov,59,1,0,unknown,no
38,blue-collar,married,secondary,no,116,yes,yes,cellular,may,617,1,0,unknown,yes
26,admin.,single,secondary,no,18035,yes,no,unknown,jun,539,17,0,unknown,yes
54,blue-collar,married,primary,no,5583,no,no,cellular,aug,2370,6,0,unknown,yes
34,self-employed,single,tertiary,no,411,no,no,cellular,aug,548,1,0,unknown,yes
48,technician,single,secondary,no,-157,yes,no,cellular,feb,1397,1,0,unknown,yes
39,management,single,tertiary,no,209,yes,no,cellular,feb,248,3,0,unknown,yes
32,management,divorced,tertiary,no,869,yes,no,cellular,aug,76,2,0,unknown,no
40,services,divorced,secondary,no,907,yes,no,cellular,jul,885,1,0,unknown,yes
81,retired,married,primary,no,392,no,no,telephone,may,223,1,3,success,yes
32,technician,married,secondary,no,603,yes,no,cellular,may,114,2,0,unknown,no
34,admin.,married,secondary,no,2374,yes,yes,telephone,jul,113,1,0,unknown,no
54,retired,married,primary,no,304,no,no,cellular,aug,977,2,0,unknown,yes
56,admin.,married,secondary,no,431,yes,no,cellular,jul,292,1,0,unknown,no
39,services,married,secondary,no,2259,yes,no,unknown,jun,43,1,2,success,no
40,services,single,secondary,no,479,yes,no,cellular,may,327,1,0,unknown,no
28,services,single,secondary,no,289,yes,no,cellular,jul,795,2,0,unknown,yes
39,blue-collar,married,secondary,no,281,yes,no,unknown,may,259,1,0,unknown,no
42,blue-collar,married,secondary,no,637,yes,no,unknown,may,391,2,0,unknown,no
46,services,married,secondary,no,394,no,yes,cellular,aug,1012,2,0,unknown,yes
32,technician,single,secondary,no,-90,no,no,cellular,aug,170,2,0,unknown,no
29,management,single,unknown,no,735,no,no,cellular,feb,175,1,0,unknown,no
45,services,divorced,secondary,no,32,yes,yes,unknown,may,3101,2,0,unknown,yes
37,technician,married,tertiary,no,424,no,no,cellular,jun,216,1,1,failure,no
28,self-employed,married,tertiary,no,-27,yes,no,cellular,feb,533,3,4,failure,yes
58,retired,married,primary,no,4969,no,no,unknown,jun,195,6,0,unknown,no
45,services,married,primary,no,8011,no,no,unknown,jun,134,2,0,unknown,no
47,unemployed,single,tertiary,no,2703,no,no,cellular,jan,266,1,0,unknown,no
31,technician,single,secondary,no,524,yes,no,cellular,apr,945,1,0,unknown,no
29,blue-collar,married,primary,no,2,yes,no,cellular,may,40,11,0,unknown,no
51,admin.,divorced,secondary,no,466,no,yes,cellular,jul,158,1,0,unknown,no
46,management,single,secondary,no,219,yes,no,unknown,may,232,1,0,unknown,no
29,management,single,tertiary,no,3012,yes,no,cellular,nov,341,1,0,unknown,no
45,blue-collar,married,primary,no,-13,yes,no,unknown,may,261,2,0,unknown,no
49,blue-collar,married,secondary,no,2052,no,no,cellular,jul,492,1,0,unknown,yes
30,admin.,single,secondary,no,3478,no,no,cellular,oct,127,1,0,unknown,yes
30,entrepreneur,single,secondary,no,148,yes,yes,unknown,jun,73,10,0,unknown,no
53,self-employed,divorced,secondary,no,407,no,yes,cellular,aug,83,4,0,unknown,no
59,admin.,divorced,secondary,no,4416,no,no,cellular,feb,178,1,0,unknown,no
42,admin.,single,secondary,no,23,no,no,telephone,nov,198,1,0,unknown,no
29,technician,single,secondary,no,491,yes,no,unknown,may,366,1,0,unknown,no
31,technician,single,tertiary,no,1157,no,no,cellular,jun,94,1,0,unknown,no
36,management,single,tertiary,no,-16,no,yes,cellular,nov,303,1,4,failure,no
36,management,single,tertiary,no,1196,no,no,cellular,may,174,1,1,failure,yes
34,management,married,tertiary,no,2475,yes,yes,cellular,jun,262,2,2,failure,yes
39,blue-collar,married,secondary,no,941,yes,yes,cellular,may,174,1,0,unknown,no
37,management,married,tertiary,no,3393,no,no,cellular,nov,276,1,0,unknown,yes
35,blue-collar,married,secondary,no,309,yes,yes,unknown,may,517,1,0,unknown,yes
30,student,single,tertiary,no,7360,no,no,cellular,oct,298,1,0,unknown,yes
29,admin.,single,secondary,no,427,yes,no,cellular,may,545,1,0,unknown,yes
32,technician,single,tertiary,no,667,no,no,cellular,aug,56,27,0,unknown,no
44,blue-collar,divorced,secondary,no,535,yes,no,unknown,may,206,2,0,unknown,no
68,retired,divorced,primary,no,2129,no,no,cellular,sep,392,2,4,success,yes
34,blue-collar,single,secondary,no,468,yes,no,cellular,apr,88,3,1,failure,no
68,retired,divorced,secondary,no,4150,no,no,telephone,jul,923,2,0,unknown,yes
43,technician,divorced,secondary,no,1900,no,no,cellular,may,276,2,1,other,yes
35,management,married,tertiary,no,220,no,no,cellular,nov,193,1,0,unknown,no
35,self-employed,married,secondary,no,277,yes,yes,unknown,jun,1870,2,0,unknown,yes
31,management,married,tertiary,no,1411,no,no,cellular,apr,309,1,3,success,yes
55,unknown,married,secondary,no,2255,no,no,cellular,aug,244,1,5,success,yes
31,technician,single,secondary,no,-143,no,no,cellular,aug,34,14,0,unknown,no
25,management,single,tertiary,no,73,yes,no,unknown,jun,304,1,0,unknown,no
32,management,single,secondary,no,1387,yes,no,cellular,may,10,2,0,unknown,no
38,unemployed,divorced,secondary,no,140,yes,yes,cellular,jul,84,2,0,unknown,no
50,technician,single,secondary,no,1257,no,no,cellular,aug,922,1,0,unknown,yes
36,blue-collar,married,secondary,no,945,no,no,cellular,apr,218,3,0,unknown,no
51,blue-collar,married,secondary,no,-69,yes,no,unknown,jun,42,4,0,unknown,no
39,admin.,married,secondary,no,436,no,no,cellular,nov,176,1,0,unknown,no
47,blue-collar,married,secondary,no,391,no,yes,cellular,aug,593,6,0,unknown,yes
51,blue-collar,married,primary,no,169,yes,no,cellular,may,594,2,0,unknown,yes
50,management,married,tertiary,no,218,no,no,cellular,may,487,9,0,unknown,yes
26,admin.,single,secondary,no,-124,no,no,cellular,may,606,1,1,failure,no
38,housemaid,married,secondary,no,1038,no,no,cellular,jan,26,6,3,other,no
51,entrepreneur,married,secondary,no,-237,no,no,unknown,may,514,3,0,unknown,no
30,blue-collar,married,secondary,no,887,yes,no,cellular,sep,249,1,0,unknown,no
23,blue-collar,single,secondary,no,-38,yes,no,cellular,may,2,5,2,failure,no
46,blue-collar,married,primary,no,2992,yes,no,cellular,apr,770,2,1,failure,yes
34,services,married,secondary,no,1689,yes,no,cellular,nov,104,4,0,unknown,no
51,blue-collar,married,primary,no,1919,yes,yes,cellular,feb,425,4,0,unknown,no
36,technician,married,secondary,no,5379,yes,no,cellular,apr,383,3,7,failure,no
41,technician,divorced,secondary,no,318,no,no,cellular,aug,131,4,0,unknown,no
41,blue-collar,married,secondary,no,158,yes,no,unknown,may,490,1,0,unknown,no
32,technician,married,secondary,no,696,no,no,cellular,oct,211,2,1,failure,yes
35,technician,married,secondary,no,2951,no,no,cellular,apr,181,2,2,success,yes
29,technician,married,secondary,no,2456,no,no,cellular,mar,204,1,0,unknown,yes
31,management,married,tertiary,no,362,yes,no,unknown,may,149,1,0,unknown,no
26,management,single,tertiary,yes,-777,yes,no,unknown,jun,537,2,0,unknown,yes
20,technician,single,unknown,no,482,no,no,cellular,may,152,2,0,unknown,yes
70,retired,married,secondary,no,-9,no,no,cellular,jul,692,1,4,success,yes
45,unemployed,single,secondary,no,-24,no,no,cellular,feb,438,1,0,unknown,no
31,blue-collar,divorced,primary,no,271,yes,no,unknown,may,147,1,0,unknown,no
49,technician,single,tertiary,no,2507,no,no,unknown,jun,62,1,0,unknown,no
34,unemployed,single,secondary,no,197,yes,no,telephone,nov,197,1,0,unknown,yes
30,blue-collar,married,secondary,no,69,yes,yes,cellular,may,153,4,2,failure,no
31,management,single,tertiary,no,2736,yes,no,cellular,may,807,3,0,unknown,yes
30,services,single,secondary,no,1699,yes,no,cellular,jul,147,2,0,unknown,no
39,management,married,tertiary,no,768,no,no,cellular,sep,190,1,5,success,yes
51,entrepreneur,married,primary,no,232,yes,yes,unknown,may,167,4,0,unknown,no
44,management,married,tertiary,no,7856,no,no,cellular,may,416,1,0,unknown,yes
33,technician,single,secondary,no,4982,yes,yes,cellular,nov,115,2,0,unknown,no
34,management,single,tertiary,no,-12,no,no,cellular,jul,461,2,0,unknown,no
38,blue-collar,single,secondary,no,13096,yes,no,cellular,apr,283,4,1,failure,no
37,admin.,single,tertiary,no,944,no,no,cellular,feb,243,1,5,failure,yes
32,technician,married,secondary,no,350,yes,no,cellular,may,263,3,0,unknown,no
26,student,single,tertiary,no,442,no,no,cellular,jul,424,1,4,success,yes
27,management,single,tertiary,no,566,no,no,cellular,mar,314,1,0,unknown,yes
36,management,married,tertiary,no,1366,no,no,unknown,jun,2027,1,0,unknown,yes
28,management,married,tertiary,no,10,yes,no,cellular,jul,289,2,0,unknown,no
51,unemployed,married,secondary,no,1226,no,no,cellular,sep,244,3,3,success,yes
46,technician,married,secondary,no,981,no,yes,cellular,nov,891,1,2,other,yes
35,services,married,secondary,no,-185,yes,no,cellular,jul,295,2,0,unknown,no
42,services,married,secondary,no,787,no,no,cellular,jan,1024,1,0,unknown,yes
31,blue-collar,divorced,secondary,no,-74,yes,yes,cellular,jul,881,4,0,unknown,yes
57,retired,married,primary,no,1389,no,no,telephone,feb,295,3,0,unknown,no
27,blue-collar,married,secondary,no,235,yes,no,unknown,may,142,2,0,unknown,no
42,admin.,single,secondary,no,1339,yes,yes,telephone,nov,105,1,0,unknown,no
35,technician,single,tertiary,no,704,no,no,cellular,oct,290,2,0,unknown,yes
62,management,married,tertiary,no,259,no,no,cellular,sep,302,1,0,unknown,yes
35,admin.,married,secondary,no,-207,yes,no,unknown,jun,1373,7,0,unknown,yes
32,blue-collar,married,secondary,no,64,yes,yes,cellular,jul,65,12,0,unknown,no
40,management,married,tertiary,no,244,yes,no,unknown,may,150,1,0,unknown,no
48,unemployed,married,secondary,no,646,no,no,cellular,feb,364,4,6,success,yes
60,management,married,tertiary,no,3432,no,no,cellular,aug,654,2,0,unknown,no
36,management,married,tertiary,no,734,no,no,cellular,apr,158,2,0,unknown,yes
33,services,single,tertiary,no,773,no,no,unknown,may,71,1,0,unknown,no
37,management,married,tertiary,no,288,yes,no,unknown,may,526,4,0,unknown,yes
34,management,single,tertiary,no,1782,yes,no,cellular,nov,563,1,1,other,yes
58,technician,married,secondary,no,4162,yes,no,unknown,may,344,3,0,unknown,no
28,unemployed,married,tertiary,no,554,no,no,cellular,may,135,1,0,unknown,yes
37,self-employed,married,secondary,yes,-31,yes,no,cellular,jul,166,1,0,unknown,no
32,self-employed,married,secondary,no,556,yes,no,cellular,oct,840,1,6,failure,no
49,management,divorced,tertiary,no,-159,no,no,cellular,aug,262,2,0,unknown,no
37,blue-collar,married,secondary,no,294,yes,no,cellular,apr,278,2,0,unknown,no
31,services,married,secondary,no,599,yes,yes,cellular,jul,218,1,0,unknown,no
42,technician,married,tertiary,no,1124,no,no,unknown,jun,304,3,0,unknown,no
57,housemaid,married,tertiary,no,650,no,no,unknown,jun,130,5,0,unknown,no
31,services,married,secondary,no,4017,yes,no,cellular,nov,573,1,0,unknown,yes
33,management,married,tertiary,no,622,yes,no,unknown,jun,1058,5,0,unknown,yes
31,blue-collar,single,secondary,no,695,yes,no,cellular,apr,442,1,2,other,no
61,retired,married,secondary,no,-138,no,no,cellular,sep,259,1,3,success,yes
62,management,single,tertiary,no,119,no,no,cellular,aug,125,1,3,failure,yes
59,retired,divorced,unknown,no,-240,yes,no,unknown,may,251,2,0,unknown,no
39,blue-collar,married,secondary,no,784,yes,yes,cellular,may,179,1,0,unknown,no
74,retired,married,secondary,no,3668,no,no,telephone,apr,184,1,2,success,yes
29,blue-collar,married,secondary,no,-377,yes,no,cellular,may,425,4,0,unknown,no
41,blue-collar,married,primary,no,1069,yes,no,cellular,nov,1042,1,0,unknown,yes
44,admin.,single,secondary,no,1424,no,no,cellular,nov,127,1,3,success,yes
30,unemployed,single,secondary,no,2093,no,no,cellular,nov,94,1,1,failure,yes
52,blue-collar,married,secondary,no,191,no,no,unknown,jun,314,15,0,unknown,no
34,admin.,single,secondary,no,1994,yes,no,unknown,may,316,1,0,unknown,no
39,management,married,tertiary,no,4671,no,no,cellular,jul,249,3,1,failure,yes
58,technician,married,secondary,no,1506,yes,no,cellular,aug,100,3,0,unknown,no
50,technician,married,secondary,no,557,no,no,unknown,jun,184,2,0,unknown,no
48,blue-collar,married,primary,no,220,no,no,cellular,aug,76,3,0,unknown,no
38,management,divorced,tertiary,no,-249,yes,no,cellular,may,683,2,0,unknown,yes
86,retired,married,primary,no,1313,no,no,cellular,jan,217,3,0,unknown,yes
34,management,married,secondary,no,346,no,no,cellular,aug,856,3,4,failure,yes
22,admin.,single,secondary,no,249,no,no,cellular,oct,241,1,0,unknown,yes
35,unemployed,married,secondary,no,960,no,no,cellular,mar,131,1,0,unknown,yes
47,blue-collar,married,primary,no,2306,no,no,cellular,aug,93,12,0,unknown,no
44,services,divorced,secondary,no,-278,yes,yes,unknown,jun,56,1,0,unknown,no
34,blue-collar,married,secondary,no,1145,yes,no,unknown,may,94,7,0,unknown,no
60,housemaid,divorced,secondary,no,390,yes,no,unknown,jun,241,1,0,unknown,no
31,technician,married,secondary,no,264,yes,yes,cellular,aug,304,4,0,unknown,no
57,self-employed,married,secondary,no,37,yes,no,telephone,feb,698,3,9,failure,no
78,retired,married,unknown,no,4679,no,no,telephone,feb,908,2,4,success,yes
39,management,married,secondary,no,524,yes,yes,cellular,jul,197,1,0,unknown,no
58,retired,married,secondary,no,519,yes,no,unknown,jun,397,3,0,unknown,no
25,technician,married,secondary,no,-240,yes,no,unknown,jun,113,1,0,unknown,no
26,blue-collar,single,secondary,no,1089,yes,no,unknown,may,178,10,0,unknown,no
51,blue-collar,married,primary,no,2107,no,no,unknown,jun,24,3,0,unknown,no
38,admin.,single,secondary,no,2663,yes,no,cellular,nov,46,1,0,unknown,no
38,self-employed,married,tertiary,no,2328,yes,no,cellular,apr,76,2,2,failure,no
72,retired,married,primary,no,473,no,no,cellular,oct,328,1,5,failure,yes
47,blue-collar,married,secondary,no,845,yes,no,cellular,may,230,6,2,success,no
41,management,married,tertiary,no,-53,yes,no,unknown,may,522,2,0,unknown,no
33,management,married,tertiary,no,937,no,no,cellular,nov,284,1,0,unknown,no
32,blue-collar,married,primary,no,415,yes,no,unknown,may,199,2,0,unknown,no
55,management,divorced,tertiary,no,1678,no,no,cellular,nov,210,2,1,failure,yes
37,technician,single,secondary,no,146,yes,no,cellular,jan,254,2,0,unknown,no
30,management,single,tertiary,no,141,no,yes,cellular,jul,121,7,0,unknown,no
37,management,married,tertiary,no,122,no,no,cellular,aug,41,2,0,unknown,no
44,admin.,married,secondary,no,351,no,no,cellular,aug,79,4,0,unknown,no
39,blue-collar,divorced,secondary,no,191,yes,no,unknown,may,92,2,0,unknown,no
35,admin.,married,secondary,no,1619,yes,no,cellular,may,153,1,0,unknown,yes
29,services,single,tertiary,no,1493,no,no,cellular,oct,354,1,0,unknown,yes
53,management,married,tertiary,no,411,yes,no,unknown,may,64,2,0,unknown,no
49,blue-collar,married,secondary,no,332,yes,no,cellular,feb,399,3,0,unknown,no
37,management,divorced,tertiary,no,2064,no,no,cellular,jul,509,5,0,unknown,yes
49,services,married,secondary,no,662,no,no,cellular,aug,768,4,0,unknown,yes
48,technician,married,secondary,no,650,yes,no,cellular,aug,217,4,0,unknown,no
43,blue-collar,single,primary,no,-29,no,no,cellular,jul,1225,1,0,unknown,yes
40,unemployed,divorced,secondary,no,458,yes,no,unknown,jun,208,2,0,unknown,no
34,student,single,unknown,no,2312,no,no,cellular,nov,597,2,5,failure,no
40,management,single,tertiary,no,1846,no,no,cellular,aug,66,4,0,unknown,no
29,services,single,secondary,no,115,yes,no,cellular,jul,175,2,0,unknown,no
38,technician,married,tertiary,no,116,no,no,cellular,aug,69,2,0,unknown,no
56,management,divorced,tertiary,no,-221,no,no,cellular,feb,220,1,0,unknown,no
60,retired,married,secondary,no,-25,yes,no,unknown,may,224,1,0,unknown,no
49,self-employed,married,secondary,no,9777,no,no,cellular,aug,672,2,0,unknown,yes
49,management,married,secondary,no,151,yes,no,unknown,may,274,1,0,unknown,no
42,blue-collar,single,primary,no,-136,yes,yes,unknown,may,134,1,0,unknown,no
49,technician,single,secondary,no,-325,yes,yes,cellular,nov,471,1,0,unknown,yes
42,management,single,tertiary,no,562,no,no,cellular,aug,149,2,0,unknown,no
35,management,married,tertiary,no,1568,yes,no,unknown,jun,46,3,0,unknown,no
28,technician,single,secondary,no,513,yes,no,unknown,jun,217,1,0,unknown,no
36,entrepreneur,married,tertiary,no,-147,no,no,unknown,jun,68,3,0,unknown,no
50,technician,single,secondary,no,9227,yes,no,cellular,aug,552,1,5,failure,yes
51,blue-collar,married,secondary,no,198,yes,yes,unknown,may,122,1,0,unknown,no
32,housemaid,married,primary,no,-426,yes,no,cellular,feb,151,2,1,failure,no
29,blue-collar,single,secondary,no,1343,yes,no,unknown,jun,1656,1,0,unknown,yes
33,management,married,tertiary,no,729,yes,no,cellular,aug,4,16,0,unknown,no
30,blue-collar,married,primary,no,238,yes,no,unknown,may,294,2,0,unknown,no
34,entrepreneur,divorced,secondary,no,142,no,no,cellular,aug,81,5,0,unknown,no
31,management,single,tertiary,no,755,yes,no,cellular,apr,103,2,0,unknown,yes
29,unemployed,single,tertiary,no,198,yes,no,cellular,may,173,1,0,unknown,no
39,admin.,married,secondary,no,-131,yes,no,cellular,feb,558,1,1,failure,no
53,services,married,secondary,no,617,no,no,cellular,aug,79,17,0,unknown,no
27,blue-collar,single,tertiary,no,796,no,no,cellular,jun,688,1,1,success,yes
46,technician,married,secondary,no,466,no,no,unknown,jun,104,1,0,unknown,no
30,technician,single,secondary,no,843,yes,no,cellular,feb,402,1,1,other,no
33,management,married,tertiary,no,1773,no,no,cellular,dec,252,3,0,unknown,yes
39,housemaid,divorced,secondary,no,140,no,no,cellular,jun,252,1,0,unknown,yes
58,retired,single,secondary,no,596,yes,no,unknown,may,1069,5,0,unknown,yes
49,technician,single,secondary,no,-192,yes,yes,cellular,nov,446,1,0,unknown,yes
33,blue-collar,married,secondary,no,1319,yes,no,unknown,may,561,3,0,unknown,yes
35,services,married,secondary,no,1386,no,no,cellular,apr,453,1,0,unknown,yes
75,retired,married,tertiary,no,5998,no,no,cellular,may,846,1,4,success,yes
38,student,married,unknown,no,176,no,no,cellular,jul,375,1,1,failure,yes
58,management,married,tertiary,no,218,no,no,cellular,nov,870,1,0,unknown,yes
48,blue-collar,married,secondary,no,1465,yes,no,unknown,may,612,2,0,unknown,yes
32,admin.,single,tertiary,no,519,yes,no,cellular,may,28,1,2,failure,no
30,management,married,tertiary,no,400,yes,no,cellular,oct,154,2,0,unknown,yes
44,self-employed,married,primary,no,55,yes,no,unknown,may,156,5,0,unknown,no
42,self-employed,married,tertiary,no,2967,no,no,cellular,aug,352,3,0,unknown,no
33,management,married,tertiary,no,22991,yes,no,cellular,aug,74,1,2,failure,no
48,management,married,tertiary,no,356,yes,no,cellular,may,604,5,1,other,yes
41,blue-collar,married,primary,no,472,yes,no,cellular,apr,18,6,0,unknown,no
28,admin.,single,secondary,no,1133,no,no,cellular,jul,166,2,1,success,yes
38,blue-collar,married,primary,no,427,yes,no,cellular,may,253,1,2,other,no
78,retired,divorced,secondary,no,-89,no,no,cellular,sep,241,1,0,unknown,yes
57,retired,married,secondary,no,91,no,no,cellular,jul,317,7,0,unknown,no
50,management,married,tertiary,no,1982,no,no,cellular,aug,161,3,0,unknown,no
69,retired,married,secondary,no,235,no,no,cellular,jul,648,1,4,success,yes
33,housemaid,married,primary,no,2088,no,no,cellular,aug,467,6,0,unknown,yes
53,management,divorced,tertiary,no,2986,yes,no,cellular,may,174,1,0,unknown,no
67,retired,divorced,primary,no,544,no,no,cellular,apr,244,1,0,unknown,yes
34,blue-collar,single,unknown,no,134,yes,yes,cellular,apr,458,1,1,failure,yes
24,blue-collar,married,secondary,no,-592,yes,yes,unknown,jun,1261,1,0,unknown,yes
52,blue-collar,married,secondary,no,887,no,yes,cellular,feb,175,1,3,success,yes
29,self-employed,single,tertiary,no,366,no,no,cellular,jun,484,3,3,other,yes
31,technician,single,tertiary,no,4082,no,no,cellular,feb,152,1,1,other,yes
73,retired,married,primary,no,885,no,no,cellular,apr,237,5,0,unknown,yes
28,admin.,single,secondary,no,187,yes,yes,cellular,sep,278,2,4,success,yes
44,technician,married,secondary,no,2915,no,no,cellular,aug,326,2,0,unknown,no
39,blue-collar,married,secondary,no,1545,yes,no,telephone,oct,171,1,0,unknown,yes
29,blue-collar,married,secondary,no,-145,no,no,cellular,jul,50,1,0,unknown,no
26,blue-collar,single,secondary,no,120,no,yes,cellular,jul,58,4,0,unknown,no
34,unemployed,married,secondary,no,838,no,no,cellular,dec,1375,3,3,success,yes
43,services,married,secondary,no,211,yes,yes,cellular,may,685,4,1,failure,yes
60,technician,married,primary,no,4308,yes,no,cellular,feb,399,2,1,failure,no
66,admin.,married,secondary,no,3973,no,no,cellular,jun,714,2,0,unknown,yes
35,blue-collar,single,secondary,no,3618,no,no,telephone,oct,128,1,0,unknown,yes
30,entrepreneur,married,secondary,no,12484,no,yes,cellular,nov,559,2,0,unknown,yes
32,management,divorced,tertiary,no,260,no,no,cellular,feb,33,5,0,unknown,no
46,admin.,single,secondary,no,276,no,no,cellular,jul,159,4,0,unknown,no
40,management,single,tertiary,no,-172,no,no,cellular,aug,165,6,0,unknown,no
44,technician,divorced,secondary,no,2663,no,no,cellular,aug,912,3,0,unknown,yes
53,entrepreneur,married,secondary,no,46,yes,no,cellular,may,269,2,0,unknown,no
31,management,divorced,tertiary,no,34,no,no,cellular,mar,85,1,0,unknown,yes
50,blue-collar,married,primary,no,240,yes,no,unknown,may,659,1,0,unknown,no
47,technician,divorced,secondary,no,78,no,no,cellular,aug,41,2,0,unknown,no
35,services,married,secondary,no,1578,yes,no,cellular,apr,877,1,0,unknown,no
40,management,married,tertiary,no,1403,yes,no,telephone,may,88,3,0,unknown,no
37,housemaid,married,secondary,no,533,no,no,unknown,jun,168,1,0,unknown,no
42,technician,divorced,secondary,no,28,no,no,cellular,aug,877,4,0,unknown,yes
51,blue-collar,married,primary,no,4641,yes,no,unknown,may,297,3,0,unknown,no
42,blue-collar,married,primary,no,1114,yes,no,unknown,may,175,2,0,unknown,no
53,services,divorced,secondary,no,-74,no,no,cellular,mar,98,2,0,unknown,yes
49,technician,divorced,secondary,no,2434,yes,yes,cellular,jul,74,3,0,unknown,no
37,technician,married,tertiary,no,-78,no,no,cellular,may,166,1,3,other,yes
46,retired,divorced,secondary,no,1673,no,yes,unknown,jun,324,1,0,unknown,no
28,admin.,single,secondary,no,262,yes,no,cellular,may,757,4,0,unknown,yes
26,student,single,secondary,no,396,no,no,cellular,nov,355,1,0,unknown,yes
42,admin.,married,primary,no,-394,yes,no,cellular,aug,337,1,1,success,yes
46,services,single,primary,no,2084,yes,no,unknown,jun,1289,6,0,unknown,yes
33,management,married,tertiary,no,1739,no,no,cellular,may,139,1,1,success,no
32,technician,single,tertiary,no,-20,no,no,cellular,aug,50,4,0,unknown,no
34,entrepreneur,divorced,tertiary,no,120,no,yes,cellular,jul,1067,1,0,unknown,yes
39,management,divorced,tertiary,no,2094,yes,yes,unknown,jun,557,3,0,unknown,no
43,technician,single,secondary,no,498,yes,no,unknown,may,41,1,0,unknown,no
46,admin.,divorced,secondary,no,2081,no,no,cellular,jun,119,1,4,other,no
75,retired,divorced,tertiary,no,3662,yes,no,cellular,nov,319,1,1,failure,yes
37,management,married,tertiary,no,325,no,no,cellular,apr,135,2,0,unknown,yes
51,blue-collar,married,primary,no,-159,yes,no,cellular,may,54,2,3,failure,no
39,blue-collar,married,secondary,no,210,yes,no,cellular,may,442,2,3,failure,no
39,management,single,tertiary,no,106,yes,yes,cellular,may,187,2,3,failure,no
68,retired,single,tertiary,no,2188,no,no,cellular,jan,703,1,3,success,yes
40,management,married,tertiary,no,1582,yes,yes,cellular,may,1091,4,3,failure,yes
38,technician,single,tertiary,no,288,no,no,cellular,aug,69,3,0,unknown,no
42,blue-collar,single,primary,no,-61,yes,yes,unknown,may,164,1,0,unknown,no
78,retired,married,primary,no,2585,no,no,telephone,feb,129,5,15,success,no
39,services,single,primary,no,104,yes,no,cellular,may,537,1,0,unknown,no
67,retired,married,secondary,no,19302,yes,no,cellular,aug,241,1,0,unknown,yes
55,technician,divorced,tertiary,no,-35,no,no,cellular,nov,182,2,1,success,yes
41,services,divorced,tertiary,no,1575,yes,no,cellular,jul,678,1,0,unknown,yes
47,admin.,married,secondary,no,1317,yes,no,cellular,may,63,4,0,unknown,no
59,blue-collar,married,secondary,no,-120,yes,no,unknown,may,220,4,0,unknown,no
47,management,divorced,tertiary,no,11907,yes,no,telephone,oct,250,1,0,unknown,yes
54,entrepreneur,divorced,tertiary,no,5670,no,no,cellular,nov,59,5,0,unknown,no
34,management,single,tertiary,no,119,no,no,cellular,aug,382,2,0,unknown,yes
31,blue-collar,single,primary,no,1584,yes,no,cellular,nov,127,1,0,unknown,no
30,technician,single,secondary,no,335,no,no,cellular,aug,1495,2,0,unknown,no
29,admin.,married,secondary,no,-42,yes,no,unknown,may,246,1,0,unknown,no
49,blue-collar,divorced,primary,no,26,yes,no,cellular,jul,468,2,0,unknown,no
29,blue-collar,married,secondary,no,276,yes,no,cellular,may,580,2,0,unknown,yes
38,management,married,tertiary,no,-148,no,no,cellular,aug,144,1,3,failure,yes
41,blue-collar,married,secondary,no,458,yes,no,unknown,may,395,2,0,unknown,no
36,services,single,secondary,no,9790,yes,no,unknown,may,67,3,0,unknown,no
31,services,married,secondary,no,-220,yes,no,unknown,may,400,1,0,unknown,no
69,technician,married,tertiary,no,344,no,no,cellular,jul,471,1,1,failure,yes
52,management,married,tertiary,no,-83,no,no,cellular,aug,118,2,0,unknown,no
29,management,single,tertiary,no,154,yes,no,unknown,may,196,4,0,unknown,no
71,retired,married,secondary,no,5749,no,no,cellular,nov,750,2,0,unknown,yes
36,entrepreneur,married,tertiary,no,153,no,no,unknown,jun,77,3,0,unknown,no
34,technician,married,secondary,no,-27,yes,no,cellular,jan,101,1,2,failure,no
35,blue-collar,single,secondary,no,168,yes,no,cellular,may,255,2,1,failure,no
35,services,single,secondary,no,1520,yes,no,cellular,jul,23,2,0,unknown,no
59,management,divorced,secondary,no,222,no,no,cellular,aug,581,3,0,unknown,yes
57,technician,married,secondary,no,3547,no,no,telephone,nov,1628,2,8,success,yes
34,technician,married,secondary,no,299,no,no,cellular,jul,429,2,3,other,yes
31,management,married,tertiary,no,1273,yes,no,telephone,aug,55,2,0,unknown,no
48,management,married,tertiary,no,1648,yes,yes,cellular,jun,279,1,0,unknown,yes
77,retired,married,secondary,no,1165,no,no,telephone,oct,340,2,4,success,yes
30,admin.,single,tertiary,no,361,no,no,cellular,mar,139,2,0,unknown,yes
34,management,married,tertiary,no,598,no,no,cellular,aug,1071,2,0,unknown,yes
73,retired,married,tertiary,no,2557,no,no,cellular,aug,154,1,0,unknown,no
35,management,single,tertiary,no,11,yes,no,cellular,apr,766,2,3,other,no
31,self-employed,married,tertiary,no,2802,no,no,cellular,may,822,3,1,success,yes
45,services,married,unknown,no,8333,no,no,cellular,jun,74,2,0,unknown,no
34,management,married,tertiary,no,327,no,no,cellular,mar,410,6,0,unknown,yes
54,management,divorced,tertiary,no,3393,yes,no,cellular,aug,300,2,0,unknown,no
28,admin.,single,secondary,no,1,no,yes,cellular,jul,347,4,0,unknown,no
41,blue-collar,married,secondary,no,199,yes,no,cellular,jun,105,1,2,failure,no
60,admin.,married,unknown,no,774,no,no,unknown,may,534,3,0,unknown,no
37,management,married,tertiary,no,194,no,no,cellular,aug,135,1,3,failure,yes
36,admin.,divorced,secondary,no,1095,no,no,cellular,jun,185,1,7,success,yes
32,management,single,tertiary,no,-14,yes,no,cellular,sep,73,2,0,unknown,yes
44,student,single,unknown,no,1857,no,no,cellular,mar,123,1,0,unknown,yes
59,blue-collar,divorced,secondary,no,-76,no,yes,cellular,jul,243,4,0,unknown,no
53,blue-collar,married,primary,no,454,no,no,telephone,jul,64,2,0,unknown,no
34,management,divorced,tertiary,no,-132,yes,no,unknown,jul,5,1,6,other,no
36,unemployed,single,tertiary,no,298,no,no,cellular,may,162,2,2,success,yes
70,retired,divorced,primary,no,345,no,no,cellular,jul,277,2,0,unknown,yes
32,admin.,married,secondary,no,515,yes,no,unknown,may,552,1,0,unknown,yes
34,services,married,secondary,no,443,no,no,cellular,feb,684,2,0,unknown,no
54,management,divorced,tertiary,no,3603,yes,no,cellular,aug,304,2,0,unknown,no
79,retired,married,secondary,no,125,no,no,cellular,aug,81,3,0,unknown,no
28,blue-collar,single,secondary,no,374,no,yes,cellular,jul,663,1,0,unknown,yes
35,technician,divorced,secondary,no,293,no,no,cellular,aug,316,2,0,unknown,no
33,services,single,secondary,no,486,yes,no,cellular,feb,58,1,1,failure,no
31,self-employed,married,secondary,no,-87,yes,no,unknown,may,312,1,0,unknown,no
32,technician,single,tertiary,no,735,no,yes,cellular,aug,93,4,4,failure,no
37,housemaid,divorced,tertiary,no,7145,yes,no,cellular,aug,105,6,0,unknown,no
23,student,single,tertiary,no,708,no,no,cellular,aug,341,1,0,unknown,yes
34,management,married,tertiary,no,637,yes,no,cellular,apr,332,1,0,unknown,yes
39,management,divorced,tertiary,no,635,no,no,cellular,oct,136,2,0,unknown,yes
28,blue-collar,married,secondary,no,-110,no,no,cellular,jun,129,1,0,unknown,no
47,entrepreneur,married,secondary,no,164,no,no,cellular,aug,298,2,0,unknown,no
26,management,married,tertiary,no,464,yes,no,cellular,jul,276,2,0,unknown,no
52,housemaid,married,primary,no,3328,no,no,unknown,jun,557,1,0,unknown,no
45,management,married,tertiary,no,4327,yes,yes,telephone,nov,1060,1,0,unknown,yes
72,retired,married,secondary,no,0,no,no,cellular,aug,1170,3,1,other,no
29,technician,single,secondary,yes,-483,yes,no,unknown,may,113,1,0,unknown,no
37,technician,single,secondary,no,685,no,no,cellular,aug,901,1,0,unknown,yes
29,student,single,unknown,no,10340,no,no,cellular,nov,61,3,0,unknown,yes
34,blue-collar,married,primary,no,259,yes,yes,unknown,may,264,1,0,unknown,no
54,housemaid,married,primary,yes,979,no,no,cellular,jan,94,2,0,unknown,no
26,student,single,tertiary,no,12957,yes,no,cellular,may,107,2,0,unknown,no
68,retired,married,secondary,no,2011,no,no,cellular,sep,467,5,4,other,yes
42,technician,married,tertiary,no,278,no,no,cellular,aug,25,3,0,unknown,no
37,blue-collar,married,secondary,no,218,yes,no,cellular,may,592,6,0,unknown,yes
56,housemaid,married,secondary,no,148,yes,no,telephone,jul,1145,8,0,unknown,yes
30,technician,single,tertiary,no,2902,yes,no,cellular,may,78,3,1,failure,no
62,retired,divorced,primary,no,1808,no,no,cellular,mar,81,3,0,unknown,no
51,entrepreneur,married,tertiary,no,36660,yes,no,cellular,nov,40,1,0,unknown,no
29,student,single,secondary,no,1840,no,no,cellular,oct,167,3,5,success,yes
26,services,single,tertiary,no,1690,yes,no,cellular,jul,177,1,0,unknown,no
35,blue-collar,married,secondary,no,1700,no,no,unknown,jun,230,1,0,unknown,yes
37,management,married,tertiary,no,261,no,no,cellular,oct,742,1,5,success,yes
49,management,married,tertiary,no,112,yes,no,unknown,may,367,1,0,unknown,no
45,housemaid,divorced,primary,no,66,no,no,cellular,feb,75,1,1,failure,no
60,management,married,tertiary,no,-76,no,no,cellular,oct,156,2,0,unknown,yes
58,management,divorced,tertiary,no,3094,no,no,cellular,mar,307,2,1,success,yes
32,admin.,single,tertiary,no,234,no,no,unknown,may,160,2,0,unknown,no
31,technician,single,secondary,no,2988,yes,no,cellular,apr,755,1,0,unknown,yes
40,entrepreneur,married,primary,no,57,no,no,cellular,jul,458,2,1,other,yes
46,management,married,tertiary,no,947,no,no,cellular,sep,98,3,0,unknown,yes
64,admin.,married,secondary,no,25,yes,no,cellular,aug,262,5,0,unknown,yes
30,management,single,tertiary,no,5377,no,no,cellular,feb,424,1,3,success,yes
46,admin.,divorced,secondary,no,-433,no,yes,cellular,jul,549,1,0,unknown,yes
50,technician,married,tertiary,no,1221,no,no,cellular,sep,253,1,1,success,yes
50,management,married,tertiary,no,273,no,no,cellular,aug,343,2,0,unknown,no
39,unemployed,married,secondary,no,1893,yes,no,unknown,jun,632,6,0,unknown,yes
46,blue-collar,married,secondary,no,10247,no,no,cellular,sep,153,1,2,success,yes
29,technician,single,secondary,no,-30,no,no,cellular,may,344,1,0,unknown,yes
60,retired,divorced,secondary,no,691,yes,no,cellular,may,636,2,0,unknown,yes
54,technician,married,secondary,no,-254,no,yes,cellular,jul,2046,1,0,unknown,yes
37,technician,single,secondary,no,1683,no,no,cellular,apr,393,3,1,success,yes
31,technician,single,tertiary,no,597,no,no,cellular,apr,272,1,0,unknown,yes
54,retired,divorced,primary,no,-168,no,no,unknown,jun,168,3,0,unknown,no
53,admin.,married,secondary,no,10749,no,no,cellular,feb,171,2,1,success,yes
37,management,married,tertiary,no,3916,no,no,cellular,jan,137,2,0,unknown,yes
73,retired,married,primary,no,513,no,no,cellular,oct,361,1,5,failure,yes
27,technician,single,secondary,no,332,yes,no,cellular,jan,232,2,2,failure,no
31,management,single,tertiary,no,576,no,no,cellular,oct,448,3,6,success,yes
29,self-employed,single,tertiary,no,1061,no,no,cellular,mar,102,2,2,success,yes
30,self-employed,married,secondary,no,609,yes,no,cellular,oct,846,1,6,failure,no
30,management,single,tertiary,no,936,no,no,cellular,nov,260,1,0,unknown,yes
53,admin.,married,secondary,no,828,yes,no,cellular,feb,3109,3,0,unknown,yes
39,self-employed,single,tertiary,no,5724,yes,no,cellular,may,402,4,5,other,yes
48,management,married,primary,no,1571,no,no,cellular,jan,172,2,0,unknown,no
27,technician,single,secondary,no,-189,yes,no,unknown,may,164,3,0,unknown,no
44,admin.,married,secondary,no,109,no,no,cellular,aug,143,10,0,unknown,no
34,unemployed,single,tertiary,no,1817,no,no,cellular,aug,479,2,1,failure,yes
26,services,single,tertiary,no,80,no,yes,telephone,jul,279,4,0,unknown,yes
47,admin.,married,tertiary,no,12379,no,no,unknown,jun,81,5,0,unknown,no
40,self-employed,married,tertiary,no,1500,no,no,cellular,feb,54,1,0,unknown,no
29,blue-collar,single,secondary,no,952,yes,no,cellular,may,482,1,2,success,yes
38,student,single,tertiary,no,2116,no,no,cellular,feb,617,1,0,unknown,yes
47,technician,divorced,secondary,no,771,no,no,cellular,sep,176,1,3,failure,yes
38,technician,single,secondary,no,1636,no,no,cellular,apr,371,3,1,success,yes
51,retired,married,primary,no,1635,no,no,telephone,jul,1958,4,0,unknown,yes
33,services,divorced,secondary,no,2605,yes,no,cellular,oct,99,1,1,failure,yes
38,blue-collar,single,primary,no,160,yes,no,cellular,may,359,2,0,unknown,no
51,blue-collar,married,primary,no,1746,no,no,unknown,jun,32,3,0,unknown,no
45,services,married,secondary,no,2808,no,no,cellular,nov,868,1,0,unknown,yes
39,services,single,secondary,no,180,no,no,cellular,sep,212,1,1,success,yes
46,technician,married,secondary,no,159,no,no,cellular,apr,206,1,2,other,yes
52,admin.,married,secondary,no,1142,no,yes,cellular,jul,104,1,0,unknown,no
58,retired,married,primary,no,204,yes,no,unknown,may,23,2,0,unknown,no
46,technician,married,secondary,no,1061,yes,yes,cellular,aug,40,2,0,unknown,no
27,management,single,unknown,yes,-10,yes,no,unknown,may,224,3,0,unknown,no
22,technician,single,secondary,no,738,no,no,cellular,nov,407,1,1,failure,yes
58,management,divorced,tertiary,no,-117,yes,no,unknown,jun,108,4,0,unknown,no
26,blue-collar,single,primary,no,570,yes,no,cellular,oct,725,2,0,unknown,yes
34,management,single,secondary,no,371,yes,no,unknown,may,65,2,0,unknown,no
25,blue-collar,single,primary,no,71,yes,yes,cellular,may,1010,2,0,unknown,yes
43,management,married,tertiary,no,1730,no,no,cellular,feb,47,1,1,success,yes
34,technician,divorced,secondary,no,170,yes,no,unknown,may,136,3,0,unknown,no
39,technician,married,secondary,no,0,yes,no,unknown,may,11,8,0,unknown,no
76,self-employed,married,unknown,no,4629,no,no,telephone,apr,405,1,1,success,yes
52,self-employed,married,secondary,no,-434,yes,no,unknown,may,329,1,0,unknown,no
72,management,married,tertiary,no,1728,no,no,cellular,jul,181,2,0,unknown,yes
38,services,married,secondary,no,1453,yes,no,cellular,feb,153,2,0,unknown,yes
56,retired,married,secondary,no,127,no,no,cellular,aug,344,1,0,unknown,yes
57,management,married,tertiary,no,379,no,no,cellular,feb,32,2,0,unknown,no
29,admin.,single,secondary,no,500,yes,no,cellular,may,254,1,0,unknown,yes
31,blue-collar,single,secondary,no,4188,yes,no,unknown,jun,322,1,0,unknown,no
41,services,single,secondary,no,19245,yes,no,cellular,nov,7,4,4,failure,no
43,blue-collar,married,primary,no,98,yes,no,cellular,may,378,1,0,unknown,no
55,blue-collar,married,primary,no,3174,yes,yes,telephone,apr,103,1,0,unknown,no
74,retired,married,unknown,no,327,no,no,telephone,feb,282,3,2,success,yes
31,management,married,tertiary,no,1335,yes,no,unknown,may,270,4,0,unknown,no
35,admin.,single,secondary,no,292,yes,no,unknown,jun,128,1,0,unknown,no
41,unemployed,married,secondary,no,1292,no,no,cellular,jul,199,4,2,failure,yes
51,blue-collar,married,secondary,no,1554,no,yes,unknown,jun,119,3,0,unknown,no
26,admin.,married,secondary,no,1658,no,no,cellular,jun,157,1,1,failure,yes
32,admin.,single,secondary,no,1410,yes,no,cellular,jan,128,1,0,unknown,no
51,entrepreneur,married,unknown,no,705,yes,no,unknown,may,535,9,0,unknown,yes
52,technician,married,secondary,no,-3,no,no,cellular,aug,83,5,0,unknown,no
46,management,single,tertiary,no,2082,no,no,cellular,aug,211,5,0,unknown,no
60,housemaid,married,primary,no,284,no,no,unknown,jun,1167,3,0,unknown,no
46,management,married,tertiary,no,209,yes,yes,cellular,aug,233,5,0,unknown,no
37,student,divorced,tertiary,no,56,no,no,telephone,jul,82,6,0,unknown,no
41,entrepreneur,single,secondary,no,608,no,no,cellular,jul,1205,1,0,unknown,yes
56,admin.,married,secondary,no,105,no,no,unknown,may,1478,1,0,unknown,yes
26,technician,single,secondary,no,200,no,no,cellular,jul,493,2,0,unknown,yes
43,entrepreneur,married,primary,no,764,yes,no,cellular,may,183,2,0,unknown,no
54,management,married,tertiary,no,1273,yes,no,cellular,nov,1192,2,1,other,no
38,student,single,unknown,no,612,no,no,cellular,aug,148,1,5,success,yes
26,blue-collar,single,secondary,no,-11,yes,no,cellular,jan,234,3,5,failure,no
34,management,single,tertiary,no,379,no,no,cellular,aug,873,2,0,unknown,yes
55,management,married,primary,no,2334,no,no,cellular,jun,242,2,0,unknown,yes
39,services,married,primary,no,171,no,no,unknown,jun,145,2,0,unknown,no
33,services,divorced,secondary,no,1225,no,no,cellular,jun,431,1,0,unknown,yes
31,management,married,tertiary,no,-331,no,no,cellular,feb,69,1,0,unknown,no
34,technician,married,secondary,no,4792,yes,no,cellular,apr,147,1,2,failure,no
29,blue-collar,married,primary,no,-486,yes,no,cellular,jul,23,2,0,unknown,no
50,blue-collar,married,primary,no,329,no,no,telephone,apr,455,1,0,unknown,yes
54,retired,divorced,tertiary,no,6109,yes,yes,unknown,may,77,6,0,unknown,no
42,admin.,married,secondary,no,-151,no,no,cellular,aug,582,1,3,success,yes
29,management,single,tertiary,no,469,no,no,cellular,jun,239,1,0,unknown,yes
29,technician,single,secondary,no,678,yes,no,unknown,may,367,1,0,unknown,no
41,technician,married,secondary,no,17,no,no,cellular,jan,397,2,8,other,no
40,services,married,secondary,no,1693,yes,no,unknown,jun,21,1,2,success,no
25,student,single,tertiary,no,1191,no,no,cellular,jun,174,1,0,unknown,yes
34,admin.,single,secondary,no,187,no,yes,cellular,feb,47,4,5,failure,yes
33,management,married,tertiary,no,333,yes,no,cellular,aug,816,2,0,unknown,yes
27,services,single,secondary,no,5063,yes,no,unknown,may,1293,3,0,unknown,yes
55,blue-collar,married,secondary,yes,56,no,no,cellular,jul,266,2,0,unknown,no
34,blue-collar,single,primary,no,-126,yes,no,cellular,jul,854,4,0,unknown,yes
56,management,divorced,tertiary,no,2404,no,no,cellular,aug,1002,2,2,success,yes
40,technician,married,tertiary,no,325,yes,no,telephone,apr,35,1,0,unknown,no
53,management,divorced,tertiary,no,2271,no,no,cellular,feb,81,3,0,unknown,yes
29,technician,married,secondary,no,2322,no,no,cellular,mar,170,1,0,unknown,yes
45,entrepreneur,divorced,tertiary,no,-335,yes,no,unknown,may,519,1,0,unknown,yes
29,admin.,divorced,secondary,no,1072,yes,no,unknown,may,431,2,0,unknown,yes
50,admin.,divorced,secondary,no,3415,no,no,cellular,nov,139,2,0,unknown,no
42,services,married,secondary,no,520,no,no,cellular,jun,458,1,2,success,yes
62,management,divorced,tertiary,no,6161,no,no,telephone,feb,199,4,0,unknown,yes
54,unknown,married,unknown,no,757,no,no,cellular,oct,342,1,0,unknown,yes
31,technician,married,tertiary,no,39,no,yes,cellular,nov,403,1,6,other,yes
50,management,married,tertiary,no,300,no,no,cellular,aug,52,2,0,unknown,no
29,technician,single,tertiary,no,898,yes,no,cellular,may,281,1,0,unknown,no
29,management,single,tertiary,no,432,yes,no,cellular,jun,702,1,0,unknown,yes
28,management,single,tertiary,no,467,no,no,cellular,may,336,1,0,unknown,yes
35,management,married,tertiary,no,209,no,no,cellular,feb,462,2,2,failure,yes
32,management,married,secondary,no,143,yes,yes,cellular,may,551,3,0,unknown,yes
24,technician,single,secondary,no,1243,no,no,cellular,jun,1062,1,0,unknown,yes
47,entrepreneur,divorced,secondary,no,327,yes,yes,cellular,nov,125,1,0,unknown,no
35,blue-collar,single,primary,no,411,yes,no,unknown,may,349,1,0,unknown,no
45,blue-collar,married,primary,no,2210,no,no,cellular,aug,322,2,0,unknown,no
63,admin.,divorced,secondary,no,4392,no,no,cellular,sep,941,2,0,unknown,yes
33,services,single,secondary,no,511,yes,no,cellular,feb,70,1,1,failure,no
30,self-employed,married,tertiary,no,1752,no,no,unknown,oct,243,1,0,unknown,yes
77,self-employed,married,unknown,no,4884,no,no,telephone,apr,462,1,1,success,yes
47,blue-collar,divorced,primary,no,-79,no,no,unknown,jun,250,2,0,unknown,no
37,admin.,single,tertiary,no,840,yes,no,cellular,sep,237,1,2,success,yes
52,admin.,divorced,secondary,no,-138,yes,no,unknown,may,105,1,0,unknown,no
49,technician,married,tertiary,no,878,no,no,cellular,sep,268,1,1,success,yes
26,admin.,single,tertiary,no,866,yes,no,cellular,may,239,3,2,failure,yes
42,technician,single,secondary,no,959,yes,no,cellular,jan,122,1,0,unknown,no
29,student,single,secondary,no,-54,no,no,cellular,apr,218,1,0,unknown,yes
43,blue-collar,married,secondary,no,744,yes,no,unknown,sep,168,1,0,unknown,no
30,admin.,single,tertiary,no,-137,yes,no,unknown,jun,220,15,0,unknown,no
85,retired,divorced,primary,no,7713,no,no,cellular,feb,362,3,0,unknown,yes
32,technician,single,tertiary,no,1750,yes,no,cellular,may,435,1,3,other,no
40,technician,married,tertiary,no,1599,no,no,cellular,sep,1714,3,2,success,yes
56,retired,married,secondary,no,613,no,no,cellular,aug,141,2,0,unknown,no
27,student,single,tertiary,no,5451,yes,no,cellular,sep,405,1,3,success,yes
53,management,divorced,tertiary,no,-404,yes,no,cellular,may,711,1,0,unknown,yes
70,retired,divorced,primary,no,188,no,no,cellular,jun,311,1,1,success,yes
41,technician,single,tertiary,no,1653,yes,no,cellular,aug,188,3,8,success,yes
35,technician,married,secondary,no,144,yes,yes,unknown,may,75,1,0,unknown,no
30,services,married,secondary,no,4006,yes,no,cellular,nov,573,1,0,unknown,yes
51,technician,married,tertiary,no,81,yes,no,cellular,jan,159,1,0,unknown,no
32,technician,single,secondary,no,-441,no,no,cellular,aug,222,1,0,unknown,no
42,blue-collar,married,secondary,no,-110,yes,no,cellular,may,128,1,0,unknown,no
36,management,single,tertiary,no,6113,yes,no,cellular,mar,205,1,0,unknown,yes
42,technician,married,secondary,no,683,yes,no,cellular,jul,215,5,0,unknown,no
53,admin.,single,secondary,no,498,no,no,unknown,jul,139,1,0,unknown,no
32,student,single,unknown,no,1475,yes,no,unknown,may,56,1,0,unknown,no
57,management,married,tertiary,no,-49,yes,no,cellular,nov,74,1,0,unknown,no
54,blue-collar,divorced,primary,no,382,yes,no,unknown,jun,63,5,0,unknown,no
21,blue-collar,single,secondary,no,348,yes,no,cellular,apr,506,1,0,unknown,yes
52,services,married,secondary,no,1829,yes,no,unknown,may,129,1,0,unknown,no
39,services,single,secondary,no,384,yes,no,unknown,may,119,1,0,unknown,no
31,student,single,secondary,no,389,no,no,cellular,jun,148,1,0,unknown,no
34,management,single,tertiary,no,637,no,no,cellular,aug,325,1,0,unknown,no
59,management,married,tertiary,no,2085,no,no,cellular,aug,405,6,1,success,yes
53,blue-collar,married,primary,no,2405,no,no,cellular,aug,46,10,0,unknown,no
35,management,single,tertiary,no,2656,no,no,cellular,aug,88,7,0,unknown,no
34,blue-collar,married,secondary,no,641,no,no,cellular,apr,140,1,0,unknown,yes
31,blue-collar,married,secondary,no,1426,yes,yes,unknown,may,126,1,0,unknown,no
47,admin.,married,secondary,no,3715,no,no,cellular,jul,383,2,1,other,yes
42,technician,married,secondary,no,4234,no,no,cellular,apr,335,2,0,unknown,yes
51,housemaid,married,unknown,no,2463,yes,no,cellular,may,135,2,5,success,no
26,management,married,tertiary,no,943,no,no,cellular,oct,124,2,0,unknown,yes
35,technician,married,tertiary,no,-152,yes,no,cellular,nov,53,1,0,unknown,no
50,services,married,primary,no,5515,yes,no,unknown,may,410,2,0,unknown,no
52,housemaid,married,primary,no,95,no,no,unknown,jun,310,2,0,unknown,no
47,services,single,unknown,no,2000,no,no,cellular,oct,376,2,0,unknown,yes
49,technician,divorced,secondary,no,321,no,no,unknown,jun,691,2,0,unknown,yes
45,admin.,divorced,secondary,no,10,yes,no,cellular,nov,101,1,0,unknown,no
42,retired,single,primary,no,2426,no,no,cellular,oct,210,1,0,unknown,no
32,technician,single,tertiary,no,445,no,no,cellular,aug,159,9,0,unknown,no
35,blue-collar,married,secondary,no,203,no,no,cellular,sep,368,1,6,failure,yes
53,unemployed,married,secondary,no,1998,yes,no,unknown,jun,60,9,0,unknown,no
72,retired,married,primary,no,1875,no,no,cellular,aug,120,1,3,other,no
43,entrepreneur,married,secondary,no,3179,yes,no,telephone,jul,688,1,1,failure,yes
73,retired,married,secondary,no,2869,no,no,cellular,oct,498,1,7,failure,no
48,blue-collar,single,primary,no,601,no,no,unknown,jun,554,2,0,unknown,no
31,management,single,tertiary,no,1854,no,no,cellular,aug,450,3,0,unknown,yes
33,admin.,married,secondary,no,10,yes,yes,cellular,jul,941,1,0,unknown,yes
36,technician,married,secondary,yes,52,no,no,unknown,jun,231,1,0,unknown,no
40,management,married,tertiary,no,259,yes,no,cellular,mar,545,2,0,unknown,yes
30,management,single,tertiary,no,2845,no,no,cellular,nov,473,1,0,unknown,no
44,unemployed,divorced,primary,yes,407,no,no,cellular,aug,513,5,0,unknown,yes
53,blue-collar,married,secondary,no,1184,yes,yes,cellular,feb,113,2,4,failure,no
68,retired,single,tertiary,no,2393,no,no,telephone,apr,868,2,0,unknown,yes
58,management,married,tertiary,no,5117,no,no,cellular,sep,244,1,3,success,yes
34,blue-collar,married,primary,no,645,no,no,unknown,may,519,4,0,unknown,yes
35,management,married,tertiary,no,687,no,no,cellular,aug,98,9,0,unknown,no
30,admin.,married,secondary,no,410,no,no,unknown,may,251,3,0,unknown,no
39,admin.,married,secondary,no,1583,no,no,cellular,jul,50,3,0,unknown,no
66,retired,married,primary,no,688,no,no,cellular,nov,434,2,2,other,yes
34,admin.,married,tertiary,no,-413,no,no,cellular,jan,154,2,0,unknown,yes
26,technician,married,secondary,no,761,no,no,cellular,apr,596,1,0,unknown,no
31,technician,single,tertiary,no,799,no,no,cellular,apr,279,1,0,unknown,yes
33,unemployed,married,secondary,no,1275,no,no,cellular,feb,500,1,1,success,yes
51,technician,divorced,secondary,no,1,yes,no,unknown,may,466,2,0,unknown,no
39,blue-collar,married,primary,no,274,yes,no,unknown,jun,197,2,0,unknown,no
42,management,single,tertiary,no,11903,no,no,cellular,apr,188,1,0,unknown,yes
27,admin.,married,tertiary,no,461,no,no,cellular,oct,188,1,0,unknown,yes
38,services,married,tertiary,no,1134,no,no,unknown,jun,351,3,0,unknown,no
28,technician,divorced,secondary,no,314,yes,yes,cellular,feb,41,1,0,unknown,no
49,blue-collar,married,primary,no,4789,yes,no,unknown,jun,360,1,0,unknown,no
55,blue-collar,single,tertiary,no,407,yes,no,unknown,may,712,1,0,unknown,no
26,admin.,single,secondary,no,167,no,yes,telephone,jul,453,7,0,unknown,no
34,management,single,secondary,yes,-265,yes,no,unknown,may,277,3,0,unknown,no
42,technician,single,secondary,no,4887,no,no,cellular,jul,418,2,0,unknown,yes
52,blue-collar,married,primary,no,128,yes,no,cellular,may,210,2,2,failure,no
52,housemaid,married,unknown,no,2056,yes,no,cellular,may,136,2,5,success,no
34,management,married,tertiary,no,642,yes,no,cellular,apr,350,1,0,unknown,yes
37,entrepreneur,married,tertiary,no,857,no,no,cellular,jul,113,2,0,unknown,no
43,unemployed,married,secondary,no,252,yes,no,cellular,feb,712,1,1,failure,yes
31,services,married,secondary,no,533,yes,yes,cellular,apr,652,1,0,unknown,no
36,blue-collar,married,secondary,no,129,yes,yes,cellular,jul,339,1,0,unknown,no
21,student,single,secondary,no,685,no,no,telephone,aug,225,1,2,failure,yes
52,retired,married,secondary,no,5013,no,no,cellular,may,111,1,2,failure,no
35,admin.,married,secondary,no,157,yes,yes,cellular,jul,967,1,0,unknown,yes
23,student,single,tertiary,no,415,no,no,cellular,feb,122,1,1,success,yes
47,blue-collar,married,secondary,no,2834,no,no,unknown,may,264,1,0,unknown,no
25,technician,married,tertiary,no,2275,no,no,cellular,dec,392,3,0,unknown,yes
39,entrepreneur,married,secondary,no,551,yes,yes,cellular,jul,1505,24,0,unknown,yes
49,self-employed,married,secondary,no,5457,no,no,cellular,jul,85,3,0,unknown,no
38,services,married,secondary,no,699,yes,no,cellular,apr,60,1,1,failure,no
47,blue-collar,married,primary,no,3013,yes,no,cellular,jul,142,2,0,unknown,no
74,retired,married,secondary,no,3872,no,no,telephone,apr,130,1,0,unknown,no
36,technician,single,secondary,no,7547,yes,no,telephone,may,189,1,1,failure,no
25,services,single,secondary,no,458,no,no,cellular,jun,90,2,0,unknown,yes
36,management,single,tertiary,no,955,yes,no,cellular,jun,141,1,0,unknown,no
25,blue-collar,single,secondary,no,650,yes,no,cellular,may,979,1,0,unknown,yes
46,management,divorced,tertiary,no,362,no,no,cellular,sep,348,2,2,success,yes
51,blue-collar,married,secondary,no,347,no,no,cellular,may,460,1,0,unknown,no
32,blue-collar,married,secondary,no,-68,yes,no,unknown,may,90,1,0,unknown,no
30,blue-collar,married,secondary,no,190,yes,no,unknown,may,1556,2,0,unknown,yes
35,unemployed,married,secondary,no,2246,yes,no,telephone,apr,276,3,0,unknown,no
74,retired,divorced,secondary,no,4111,no,no,cellular,oct,347,3,0,unknown,yes
44,technician,married,secondary,no,1726,no,no,cellular,may,261,2,0,unknown,yes
44,self-employed,divorced,tertiary,no,1123,yes,no,cellular,aug,137,2,3,success,yes
34,technician,married,secondary,no,1035,no,yes,cellular,aug,195,6,0,unknown,no
27,technician,married,secondary,no,-317,yes,no,cellular,jul,255,2,0,unknown,yes
38,management,single,tertiary,no,3840,yes,no,cellular,may,1756,2,1,other,yes
24,self-employed,single,tertiary,no,852,yes,no,unknown,may,197,4,0,unknown,no
32,admin.,single,secondary,no,329,yes,no,unknown,may,230,4,0,unknown,no
57,admin.,married,secondary,no,4328,yes,no,cellular,jun,785,4,1,other,yes
73,retired,divorced,secondary,no,4109,no,no,cellular,oct,326,3,0,unknown,yes
42,admin.,single,tertiary,no,723,no,no,cellular,jul,117,1,0,unknown,no
47,entrepreneur,married,secondary,no,4279,no,no,unknown,jun,12,1,0,unknown,no
59,management,married,tertiary,no,-33,no,no,cellular,sep,381,2,0,unknown,yes
47,admin.,married,secondary,no,224,yes,no,cellular,apr,137,4,2,success,yes
27,student,single,tertiary,no,10133,no,no,cellular,jul,474,3,2,success,no
40,services,married,secondary,no,200,yes,yes,unknown,may,322,1,0,unknown,no
42,admin.,married,secondary,no,36,no,no,cellular,nov,196,1,0,unknown,no
44,technician,single,tertiary,no,691,no,no,cellular,oct,337,1,3,failure,yes
45,technician,married,secondary,no,171,yes,yes,unknown,jun,92,3,0,unknown,no
38,blue-collar,married,primary,no,750,yes,no,unknown,jun,358,3,0,unknown,no
47,management,divorced,tertiary,no,4614,yes,no,unknown,may,151,1,0,unknown,no
40,management,married,tertiary,no,439,no,no,cellular,sep,326,2,0,unknown,no
34,technician,single,tertiary,no,206,no,no,cellular,aug,68,2,0,unknown,no
30,unemployed,single,tertiary,no,198,yes,no,cellular,may,177,1,0,unknown,no
33,self-employed,married,secondary,no,367,no,no,cellular,mar,228,2,0,unknown,yes
28,blue-collar,single,secondary,no,2834,no,no,cellular,oct,311,1,5,other,no
45,admin.,single,secondary,no,4416,no,yes,cellular,jul,26,13,0,unknown,no
42,blue-collar,married,primary,no,1687,yes,no,cellular,apr,585,3,0,unknown,yes
43,unemployed,married,secondary,no,-220,yes,no,cellular,feb,741,1,1,failure,yes
30,blue-collar,married,primary,no,-57,no,no,cellular,dec,268,1,1,success,yes
37,management,married,tertiary,no,217,yes,no,unknown,may,174,10,0,unknown,no
63,retired,single,tertiary,no,898,no,no,cellular,oct,247,2,0,unknown,yes
44,management,married,tertiary,no,3569,no,no,cellular,mar,332,1,0,unknown,no
49,blue-collar,divorced,primary,no,107,yes,no,cellular,may,162,2,7,failure,no
41,housemaid,married,secondary,no,1138,no,no,unknown,jun,1076,2,0,unknown,yes
53,technician,married,secondary,no,6754,no,no,cellular,may,1131,2,0,unknown,yes
31,technician,single,tertiary,no,605,no,no,cellular,nov,355,1,0,unknown,yes
55,retired,married,secondary,no,1256,no,yes,cellular,jan,87,1,0,unknown,no
29,admin.,single,secondary,no,3183,no,no,cellular,oct,142,1,0,unknown,yes
61,management,married,secondary,no,1051,no,no,cellular,aug,976,6,0,unknown,yes
28,management,single,tertiary,no,724,yes,no,cellular,may,644,1,1,other,yes
45,self-employed,married,secondary,no,459,no,no,cellular,jul,146,10,0,unknown,no
43,technician,married,secondary,no,2809,no,no,cellular,aug,316,2,0,unknown,no
50,blue-collar,married,secondary,no,7136,yes,no,unknown,may,914,1,0,unknown,yes
29,technician,single,secondary,no,105,no,no,cellular,feb,281,2,0,unknown,no
37,management,single,tertiary,no,1283,yes,no,cellular,may,572,3,0,unknown,yes
34,technician,married,secondary,no,235,yes,no,cellular,aug,211,2,3,success,yes
30,admin.,married,secondary,no,8406,yes,no,cellular,nov,904,1,0,unknown,yes
53,housemaid,married,unknown,no,-155,no,no,cellular,aug,193,1,0,unknown,no
67,management,married,secondary,no,250,no,no,cellular,may,467,2,2,success,yes
65,retired,married,secondary,no,402,no,no,cellular,jul,576,1,3,success,yes
30,management,married,tertiary,no,4284,no,no,cellular,apr,281,3,11,other,yes
76,retired,married,tertiary,no,3145,no,no,cellular,oct,326,1,1,success,yes
31,unemployed,single,unknown,no,319,no,no,cellular,nov,312,1,0,unknown,no
45,technician,divorced,unknown,yes,1,no,yes,unknown,jul,152,3,0,unknown,no
48,admin.,married,primary,no,3663,yes,yes,telephone,jul,1054,9,0,unknown,yes
59,retired,single,secondary,yes,-298,no,yes,cellular,jul,90,3,0,unknown,no
35,blue-collar,married,primary,no,-139,no,no,cellular,jul,76,4,0,unknown,no
32,housemaid,married,secondary,no,254,no,no,cellular,aug,431,2,0,unknown,no
46,blue-collar,married,primary,no,262,yes,no,unknown,may,285,1,0,unknown,no
53,management,married,tertiary,no,554,yes,yes,telephone,may,56,5,0,unknown,no
34,admin.,single,secondary,no,355,yes,no,cellular,jul,541,2,0,unknown,yes
46,management,married,tertiary,no,113,no,no,cellular,oct,137,1,0,unknown,yes
30,unemployed,married,secondary,no,190,yes,no,unknown,may,357,4,0,unknown,no
57,management,married,tertiary,no,2781,yes,no,telephone,apr,1155,5,0,unknown,yes
40,admin.,single,tertiary,no,114,no,no,cellular,aug,474,2,0,unknown,yes
33,management,single,tertiary,no,2100,yes,no,cellular,aug,967,6,0,unknown,yes
47,unknown,married,unknown,no,358,no,no,cellular,apr,894,2,2,failure,yes
81,retired,divorced,unknown,no,8946,no,no,telephone,nov,245,2,0,unknown,no
18,student,single,secondary,no,-153,no,no,cellular,aug,148,2,0,unknown,no
31,management,single,tertiary,no,1088,no,no,cellular,aug,1146,3,0,unknown,no
50,unemployed,married,secondary,no,3768,no,no,cellular,jun,264,4,0,unknown,yes
30,admin.,divorced,secondary,no,372,yes,no,unknown,may,165,1,0,unknown,no
18,student,single,unknown,no,25,no,no,cellular,feb,61,1,1,success,yes
60,self-employed,married,secondary,no,1670,no,no,cellular,aug,61,11,0,unknown,no
48,admin.,married,primary,no,3849,yes,yes,telephone,jul,1043,9,0,unknown,yes
35,management,single,tertiary,no,510,yes,no,unknown,may,310,1,0,unknown,no
80,retired,married,secondary,no,2895,no,no,cellular,nov,241,5,0,unknown,yes
30,technician,married,secondary,no,-131,yes,no,cellular,may,44,3,0,unknown,no
30,blue-collar,single,secondary,no,444,no,no,cellular,feb,188,3,0,unknown,no
30,management,single,tertiary,no,1057,no,no,cellular,aug,188,3,2,success,yes
30,blue-collar,married,primary,no,-293,yes,no,cellular,jul,366,2,0,unknown,no
21,student,single,secondary,no,2718,no,no,cellular,jun,298,6,3,success,yes
34,technician,married,tertiary,no,88,no,no,cellular,jun,132,1,0,unknown,yes
30,technician,married,secondary,no,697,no,no,cellular,jan,140,2,0,unknown,no
32,admin.,single,tertiary,no,679,yes,no,cellular,apr,108,2,2,other,yes
32,blue-collar,married,secondary,yes,-28,yes,no,unknown,may,454,1,0,unknown,no
33,management,single,tertiary,no,14,no,no,telephone,aug,559,6,0,unknown,yes
34,technician,single,secondary,no,836,yes,no,unknown,may,247,1,0,unknown,no
38,services,married,tertiary,no,674,yes,no,cellular,may,258,2,0,unknown,no
39,self-employed,married,tertiary,no,1155,no,no,unknown,jun,523,1,0,unknown,yes
50,unemployed,married,secondary,no,13935,no,no,cellular,nov,223,1,2,failure,no
40,admin.,married,secondary,no,2472,yes,no,cellular,may,433,1,1,failure,yes
39,unemployed,divorced,secondary,no,34,yes,no,unknown,may,90,1,2,other,yes
28,blue-collar,married,primary,no,-43,yes,yes,cellular,jul,665,4,0,unknown,no
62,entrepreneur,married,tertiary,no,2651,no,no,telephone,nov,57,4,0,unknown,no
33,management,married,tertiary,no,212,yes,no,unknown,may,318,4,0,unknown,no
38,technician,divorced,secondary,no,210,yes,yes,cellular,apr,83,1,0,unknown,no
40,housemaid,divorced,primary,no,-15,yes,no,cellular,nov,237,3,4,other,no
45,blue-collar,divorced,primary,no,462,yes,yes,cellular,may,1074,1,0,unknown,yes
27,technician,single,secondary,no,9,no,no,unknown,may,168,1,0,unknown,no
40,blue-collar,married,primary,no,-56,yes,no,unknown,may,82,3,0,unknown,no
52,management,single,unknown,no,1080,no,no,cellular,feb,143,5,1,failure,no
37,management,married,tertiary,no,11445,no,no,unknown,jun,407,1,0,unknown,no
40,entrepreneur,divorced,tertiary,no,133,no,no,unknown,jun,619,1,0,unknown,no
59,entrepreneur,married,primary,no,267,yes,no,cellular,nov,543,3,7,failure,no
37,unemployed,married,secondary,no,331,yes,no,telephone,feb,37,6,0,unknown,no
57,admin.,married,unknown,no,1488,no,no,cellular,aug,111,22,0,unknown,no
51,unemployed,married,secondary,no,331,no,no,cellular,aug,729,1,0,unknown,yes
29,technician,single,tertiary,no,96,no,no,cellular,jul,663,3,0,unknown,yes
59,blue-collar,married,primary,no,269,no,no,unknown,jun,48,3,0,unknown,no
34,management,married,tertiary,no,454,no,no,cellular,jun,233,3,0,unknown,yes
30,technician,married,secondary,no,230,yes,no,unknown,jun,96,1,0,unknown,no
48,management,married,tertiary,no,-149,yes,no,cellular,sep,208,2,6,failure,yes
30,entrepreneur,married,secondary,no,2616,yes,no,unknown,jun,151,2,0,unknown,no
27,student,single,secondary,no,3607,no,no,cellular,mar,109,3,1,other,no
37,management,single,tertiary,no,413,no,no,unknown,jun,1142,1,0,unknown,yes
44,admin.,married,secondary,no,-41,no,no,cellular,jul,206,1,0,unknown,no
52,technician,married,secondary,no,170,yes,yes,cellular,feb,69,1,0,unknown,yes
52,services,married,secondary,no,1051,no,no,cellular,aug,783,2,0,unknown,yes
31,admin.,divorced,secondary,no,179,yes,yes,unknown,may,303,1,0,unknown,no
36,self-employed,single,tertiary,no,373,no,no,cellular,feb,232,1,0,unknown,no
38,services,married,primary,no,98,yes,no,cellular,nov,966,2,0,unknown,no
45,blue-collar,married,secondary,no,634,yes,no,telephone,may,17,7,0,unknown,no
45,technician,married,secondary,no,2802,yes,no,cellular,jul,291,2,1,success,yes
44,management,single,tertiary,yes,139,yes,no,cellular,nov,122,2,0,unknown,no
30,technician,single,secondary,no,1533,yes,no,unknown,may,362,2,0,unknown,no
44,blue-collar,single,secondary,no,73,no,no,cellular,apr,98,1,0,unknown,yes
32,management,married,tertiary,no,303,no,no,cellular,aug,98,2,0,unknown,no
38,admin.,married,secondary,no,719,no,no,cellular,apr,509,4,0,unknown,yes
55,admin.,married,secondary,no,1830,no,no,cellular,jun,62,2,0,unknown,yes
30,admin.,single,secondary,no,-289,no,no,cellular,jul,557,9,0,unknown,yes
49,technician,married,primary,no,807,no,no,telephone,jul,26,2,0,unknown,no
58,admin.,single,secondary,no,2347,no,no,cellular,aug,1072,1,0,unknown,yes
46,blue-collar,married,secondary,no,1016,yes,no,telephone,nov,285,2,0,unknown,no
34,management,single,tertiary,no,6149,yes,no,cellular,mar,204,1,0,unknown,yes
43,self-employed,single,tertiary,no,3013,yes,no,cellular,may,866,4,0,unknown,yes
41,technician,married,secondary,no,225,no,yes,cellular,jul,49,8,0,unknown,no
47,technician,married,secondary,no,1581,yes,no,cellular,may,257,1,2,failure,no
31,services,single,secondary,no,-96,yes,no,cellular,may,54,1,0,unknown,no
43,services,divorced,secondary,no,5498,no,no,unknown,jun,164,1,0,unknown,no
47,management,married,tertiary,no,1775,yes,yes,cellular,aug,1254,1,0,unknown,yes
26,technician,single,secondary,no,296,no,yes,cellular,jul,550,2,0,unknown,yes
34,services,single,secondary,no,1493,yes,no,cellular,jul,40,2,0,unknown,no
35,management,single,tertiary,no,-47,no,no,unknown,jun,1082,1,0,unknown,yes
49,management,married,tertiary,no,17,yes,no,cellular,feb,12,6,0,unknown,no
26,technician,single,secondary,no,289,no,no,cellular,oct,711,3,0,unknown,yes
41,management,married,tertiary,no,299,yes,no,unknown,may,529,2,0,unknown,no
56,services,married,secondary,no,511,yes,no,unknown,may,50,7,0,unknown,no
51,blue-collar,married,secondary,no,1036,yes,no,telephone,apr,347,4,0,unknown,no
46,admin.,married,secondary,no,1014,yes,yes,cellular,feb,180,1,1,failure,no
59,blue-collar,married,primary,no,-88,no,no,unknown,jun,126,1,0,unknown,no
40,services,married,secondary,no,-72,yes,no,unknown,may,368,1,0,unknown,no
36,blue-collar,divorced,secondary,no,2698,no,no,cellular,aug,184,1,0,unknown,yes
31,management,single,tertiary,no,3717,yes,no,unknown,may,114,1,0,unknown,no
50,self-employed,married,secondary,no,9824,no,no,cellular,aug,653,2,0,unknown,yes
58,blue-collar,married,primary,no,-540,no,no,cellular,aug,1171,6,0,unknown,yes
35,management,single,tertiary,no,1063,yes,no,unknown,may,864,2,0,unknown,yes
56,blue-collar,married,primary,no,3115,no,no,cellular,jun,482,2,0,unknown,yes
28,management,single,tertiary,no,-64,no,no,cellular,jun,192,1,1,success,yes
43,admin.,married,secondary,no,465,no,no,cellular,jul,776,8,0,unknown,yes
55,blue-collar,married,primary,no,-55,yes,yes,unknown,may,136,1,0,unknown,no
32,management,single,tertiary,no,5952,yes,no,cellular,nov,43,2,1,failure,no
33,blue-collar,single,secondary,no,758,no,no,cellular,jan,419,2,2,other,no
64,retired,married,primary,no,777,no,no,cellular,feb,453,1,0,unknown,yes
30,management,single,tertiary,no,907,no,no,cellular,jan,253,2,0,unknown,no
45,technician,married,secondary,no,3523,no,yes,cellular,jun,156,2,1,success,yes
35,management,married,tertiary,no,108,no,no,cellular,jan,260,2,0,unknown,yes
45,blue-collar,married,primary,no,52,no,no,cellular,apr,90,1,0,unknown,no
33,services,single,secondary,no,284,yes,no,unknown,jun,142,2,0,unknown,no
56,services,married,secondary,no,172,no,no,cellular,aug,124,4,0,unknown,no
26,student,single,secondary,no,37,no,no,cellular,feb,1214,2,0,unknown,yes
48,management,married,secondary,no,-193,yes,no,telephone,jul,82,2,0,unknown,no
54,management,single,secondary,no,594,no,no,cellular,jul,110,2,0,unknown,no
52,management,divorced,tertiary,no,-61,yes,yes,cellular,may,241,1,0,unknown,no
30,blue-collar,single,secondary,no,-105,no,no,unknown,may,200,3,0,unknown,no
56,technician,married,tertiary,no,1048,no,no,unknown,jun,26,2,0,unknown,no
33,blue-collar,single,primary,no,-59,yes,no,cellular,apr,248,1,0,unknown,no
50,technician,married,secondary,no,-12,yes,yes,cellular,jul,79,4,0,unknown,no
29,blue-collar,single,secondary,no,159,no,no,unknown,jun,456,1,6,other,yes
56,admin.,married,secondary,no,369,no,no,unknown,may,1441,1,0,unknown,yes
33,admin.,single,secondary,no,671,yes,no,cellular,apr,339,1,2,failure,yes
45,management,married,tertiary,no,1312,no,no,cellular,jul,125,3,0,unknown,no
38,technician,married,secondary,no,-97,yes,no,cellular,nov,57,5,1,success,no
29,management,single,tertiary,no,-156,yes,no,cellular,may,157,1,1,failure,no
33,management,married,tertiary,no,2223,no,no,cellular,aug,106,2,0,unknown,no
30,technician,single,secondary,no,276,yes,no,cellular,may,61,1,0,unknown,no
26,entrepreneur,single,secondary,no,-32,yes,no,cellular,feb,844,1,1,failure,yes
31,technician,married,secondary,no,2092,yes,no,cellular,nov,165,1,0,unknown,no
40,services,married,secondary,no,-255,no,yes,unknown,jun,192,1,0,unknown,no
51,management,married,tertiary,yes,107,no,yes,cellular,jul,207,6,0,unknown,no
34,blue-collar,married,secondary,no,-483,yes,yes,unknown,may,19,3,0,unknown,no
52,blue-collar,married,primary,no,46,yes,no,unknown,may,677,1,0,unknown,no
29,services,single,secondary,no,13,yes,no,cellular,may,13,2,0,unknown,no
74,retired,married,primary,no,1675,no,no,telephone,jan,746,2,1,success,yes
27,unemployed,single,tertiary,no,3150,no,no,cellular,jan,547,1,0,unknown,no
82,retired,married,primary,no,669,no,no,telephone,jun,885,1,1,failure,yes
35,management,married,tertiary,no,968,yes,no,cellular,apr,242,1,0,unknown,no
36,management,married,tertiary,no,255,no,no,cellular,may,989,2,2,other,yes
45,technician,single,tertiary,no,176,no,no,cellular,aug,104,4,0,unknown,no
29,management,single,tertiary,no,922,no,no,cellular,feb,204,1,0,unknown,no
27,management,single,tertiary,no,869,yes,no,unknown,may,744,1,0,unknown,yes
31,admin.,single,secondary,no,-92,yes,no,unknown,may,245,1,0,unknown,no
42,retired,divorced,primary,no,-76,yes,no,unknown,may,1169,2,0,unknown,yes
73,retired,divorced,primary,no,2427,no,no,telephone,mar,168,2,0,unknown,yes
32,management,married,tertiary,no,-17,yes,no,cellular,may,166,1,0,unknown,no
28,technician,married,secondary,no,759,no,no,cellular,may,223,1,0,unknown,yes
34,technician,single,secondary,no,-22,yes,no,unknown,may,337,4,0,unknown,no
37,self-employed,married,secondary,no,1641,no,no,cellular,jul,633,2,0,unknown,yes
34,admin.,single,secondary,no,1632,yes,no,cellular,may,851,1,0,unknown,yes
39,admin.,single,secondary,no,2302,no,no,telephone,oct,239,1,0,unknown,yes
46,housemaid,divorced,primary,no,1998,yes,no,cellular,jul,1101,2,0,unknown,yes
35,management,married,primary,no,1554,no,no,cellular,aug,310,3,0,unknown,yes
31,entrepreneur,married,tertiary,no,1192,no,no,cellular,aug,141,4,0,unknown,no
36,management,single,tertiary,no,535,no,no,cellular,aug,191,8,1,failure,yes
74,retired,divorced,primary,no,28812,no,no,cellular,jun,313,5,4,other,yes
26,blue-collar,single,primary,no,590,yes,no,cellular,jul,540,2,0,unknown,yes
30,unemployed,single,secondary,no,313,no,no,cellular,jan,138,1,1,other,no
33,services,married,secondary,no,221,no,no,cellular,may,281,1,5,success,yes
33,blue-collar,married,secondary,no,306,yes,no,unknown,jun,163,2,0,unknown,no
28,student,single,secondary,no,110,yes,no,cellular,may,54,1,0,unknown,no
45,blue-collar,single,secondary,no,443,yes,no,cellular,oct,301,1,3,failure,no
53,retired,married,secondary,no,390,yes,no,unknown,may,580,2,0,unknown,no
30,technician,married,tertiary,no,275,yes,yes,unknown,jun,691,3,0,unknown,yes
33,management,single,tertiary,no,185,no,no,cellular,jul,120,6,4,failure,no
50,admin.,married,secondary,no,114,no,yes,cellular,jul,59,1,0,unknown,no
32,blue-collar,married,secondary,yes,-177,yes,no,unknown,may,422,1,0,unknown,no
36,housemaid,married,tertiary,no,2860,no,no,cellular,jan,41,1,0,unknown,no
56,retired,married,unknown,no,327,no,no,cellular,apr,193,2,3,failure,yes
25,admin.,single,tertiary,no,560,yes,no,cellular,jul,271,1,0,unknown,yes
47,services,married,secondary,no,-277,yes,no,cellular,jul,165,1,0,unknown,no
39,housemaid,married,primary,no,210,yes,no,cellular,jul,385,3,0,unknown,no
29,management,single,tertiary,no,12853,yes,no,cellular,jul,939,1,3,success,yes
33,management,single,tertiary,no,468,no,no,cellular,oct,1239,2,0,unknown,yes
48,admin.,single,secondary,no,4050,no,no,cellular,jan,776,4,0,unknown,yes
42,blue-collar,married,primary,no,223,yes,yes,unknown,jun,688,2,0,unknown,yes
41,unknown,married,unknown,no,821,no,no,cellular,jul,644,10,0,unknown,no
25,blue-collar,single,secondary,no,-360,yes,no,unknown,may,454,1,0,unknown,no
31,technician,single,tertiary,no,885,no,no,cellular,nov,208,3,0,unknown,no
45,management,married,tertiary,no,1847,no,no,cellular,feb,82,1,1,success,yes
33,blue-collar,single,unknown,no,242,yes,yes,cellular,apr,467,1,1,failure,yes
37,blue-collar,married,secondary,no,116,no,no,cellular,feb,173,1,0,unknown,no
32,self-employed,single,tertiary,no,2377,no,no,cellular,jul,901,1,0,unknown,yes
47,management,married,tertiary,no,495,yes,no,unknown,may,65,4,0,unknown,no
49,management,married,tertiary,no,1305,no,no,cellular,aug,723,6,0,unknown,yes
62,retired,divorced,primary,no,168,no,no,cellular,nov,400,2,0,unknown,yes
39,admin.,single,secondary,no,315,no,no,cellular,feb,252,1,0,unknown,no
41,entrepreneur,married,primary,no,200,no,no,cellular,jul,429,2,1,other,yes
25,management,single,secondary,no,1305,yes,no,cellular,jul,350,2,0,unknown,no
47,blue-collar,married,primary,no,872,no,no,cellular,aug,1004,1,0,unknown,yes
34,services,married,secondary,no,1345,yes,no,unknown,jun,114,5,0,unknown,no
42,housemaid,single,primary,no,5353,yes,no,unknown,may,51,2,0,unknown,no
29,unknown,single,unknown,no,92,no,no,cellular,oct,436,1,1,success,yes
80,housemaid,married,primary,no,143,no,no,cellular,feb,606,1,1,failure,yes
29,student,single,secondary,no,2304,no,no,telephone,oct,171,1,0,unknown,yes
44,blue-collar,married,unknown,no,1394,yes,no,cellular,apr,375,1,0,unknown,yes
32,management,single,secondary,no,586,yes,no,unknown,may,377,2,0,unknown,no
65,retired,married,secondary,no,1044,no,no,cellular,nov,270,1,2,failure,yes
26,technician,single,secondary,no,128,no,yes,cellular,jan,189,1,1,success,yes
55,services,single,secondary,no,236,yes,no,unknown,may,191,2,0,unknown,no
47,management,single,tertiary,no,375,yes,no,cellular,mar,366,1,8,failure,yes
53,management,married,tertiary,no,2216,yes,no,cellular,apr,239,3,2,failure,no
79,retired,married,secondary,no,744,no,no,telephone,jul,377,1,0,unknown,yes
36,technician,divorced,secondary,no,3450,yes,no,cellular,nov,127,1,0,unknown,no
34,technician,divorced,tertiary,no,30,no,yes,cellular,feb,102,1,2,failure,no
38,unemployed,married,primary,no,7092,yes,no,cellular,jul,409,1,1,failure,yes
60,admin.,married,tertiary,no,1559,no,no,cellular,mar,182,1,0,unknown,yes
31,technician,married,secondary,no,568,yes,no,unknown,may,241,3,0,unknown,no
30,blue-collar,married,secondary,no,-689,yes,no,cellular,may,416,4,0,unknown,no
28,self-employed,single,tertiary,no,2301,no,no,cellular,may,429,1,0,unknown,yes
47,blue-collar,married,secondary,no,3734,yes,no,cellular,nov,631,3,2,failure,no
27,blue-collar,single,secondary,no,23,no,no,cellular,feb,582,2,0,unknown,no
32,admin.,married,secondary,no,160,no,no,unknown,may,5,1,0,unknown,no
46,admin.,married,secondary,no,220,yes,no,cellular,apr,158,4,2,success,yes
31,admin.,married,secondary,no,3425,yes,no,cellular,nov,435,1,0,unknown,no
36,blue-collar,married,primary,no,661,yes,no,unknown,may,651,2,0,unknown,yes
25,self-employed,single,tertiary,no,2437,no,no,cellular,apr,133,1,0,unknown,yes
50,technician,married,tertiary,no,2929,no,no,cellular,apr,199,2,0,unknown,yes
46,management,married,tertiary,no,3862,no,no,cellular,aug,82,2,0,unknown,no
41,technician,divorced,secondary,no,1498,yes,no,cellular,aug,151,2,0,unknown,no
36,blue-collar,single,primary,no,2200,yes,no,unknown,may,57,2,0,unknown,no
26,blue-collar,single,secondary,no,876,yes,yes,unknown,may,100,5,0,unknown,no
25,technician,single,tertiary,no,85,no,no,cellular,jul,415,1,0,unknown,no
32,technician,single,secondary,no,-427,yes,yes,cellular,may,660,2,6,failure,yes
42,blue-collar,single,primary,no,4949,no,no,unknown,jun,971,1,0,unknown,yes
42,services,married,secondary,no,576,yes,no,cellular,apr,632,4,3,failure,yes
49,admin.,single,tertiary,no,-134,yes,no,cellular,sep,253,2,2,success,yes
30,services,single,primary,no,-5,yes,yes,cellular,nov,707,1,0,unknown,yes
50,management,married,tertiary,no,174,no,yes,unknown,jun,144,3,0,unknown,no
30,management,single,tertiary,no,-15,no,no,cellular,mar,271,1,0,unknown,no
32,admin.,single,secondary,no,261,yes,no,unknown,may,222,4,0,unknown,no
53,management,married,tertiary,no,6583,no,no,cellular,feb,246,1,0,unknown,yes
60,retired,married,secondary,no,2981,no,no,cellular,oct,190,1,0,unknown,yes
52,management,married,tertiary,no,1624,no,no,cellular,apr,288,3,3,success,yes
55,admin.,married,secondary,no,8356,no,no,cellular,jun,161,1,0,unknown,yes
51,technician,married,secondary,no,1376,no,yes,unknown,jun,416,4,0,unknown,no
25,admin.,single,secondary,no,95,yes,no,cellular,may,8,4,6,other,no
23,student,single,secondary,no,427,no,no,cellular,aug,503,2,0,unknown,yes
23,management,single,tertiary,no,2272,no,no,cellular,mar,155,2,0,unknown,yes
39,technician,married,secondary,no,2312,no,no,cellular,feb,206,4,0,unknown,yes
32,unemployed,married,unknown,no,792,no,no,cellular,feb,71,5,0,unknown,no
42,admin.,married,secondary,no,-155,yes,no,cellular,apr,482,4,0,unknown,no
50,admin.,married,secondary,no,107,yes,no,cellular,jul,413,7,0,unknown,no
60,retired,married,secondary,no,1969,no,no,cellular,aug,424,1,0,unknown,yes
41,technician,single,tertiary,no,20,no,no,cellular,jul,1841,2,0,unknown,yes
32,admin.,married,secondary,no,-2,no,yes,cellular,jul,44,2,0,unknown,no
41,management,married,tertiary,no,388,yes,no,cellular,aug,682,2,0,unknown,yes
38,admin.,married,secondary,no,87,yes,no,cellular,jun,213,1,2,success,yes
44,blue-collar,single,primary,no,1420,no,yes,unknown,jun,158,1,0,unknown,no
35,entrepreneur,married,secondary,no,1643,yes,no,cellular,nov,85,3,0,unknown,no
51,housemaid,married,primary,no,10758,no,no,cellular,sep,304,1,0,unknown,yes
33,admin.,single,tertiary,no,219,yes,no,cellular,jun,335,1,2,failure,yes
51,technician,married,secondary,no,58,no,no,cellular,feb,439,2,0,unknown,yes
30,services,married,tertiary,no,150,no,no,cellular,apr,140,1,0,unknown,yes
48,technician,married,secondary,no,430,yes,no,unknown,jun,333,4,0,unknown,no
18,student,single,primary,no,676,no,no,cellular,nov,206,1,1,success,yes
26,admin.,married,secondary,no,5177,no,yes,cellular,jul,222,2,0,unknown,no
41,management,married,tertiary,no,1145,no,no,cellular,aug,186,1,0,unknown,yes
26,technician,single,secondary,no,372,no,yes,cellular,nov,426,2,0,unknown,yes
32,blue-collar,married,secondary,no,496,yes,no,cellular,may,501,2,0,unknown,yes
33,admin.,married,secondary,no,-202,yes,no,cellular,apr,632,1,1,failure,no
49,entrepreneur,divorced,tertiary,no,280,no,no,cellular,jul,273,5,0,unknown,no
48,technician,divorced,secondary,no,246,no,no,cellular,aug,137,2,0,unknown,no
41,technician,married,secondary,no,9266,no,no,cellular,aug,87,4,0,unknown,no
29,admin.,single,secondary,no,-350,yes,yes,unknown,jun,216,1,0,unknown,no
37,admin.,divorced,tertiary,no,4525,no,no,cellular,jun,220,1,2,success,yes
34,technician,married,secondary,no,5614,yes,no,cellular,apr,374,3,7,failure,no
32,services,married,secondary,no,916,yes,yes,cellular,nov,333,1,0,unknown,no
36,entrepreneur,single,secondary,no,-153,yes,no,cellular,may,326,1,0,unknown,yes
46,admin.,married,secondary,no,186,no,no,cellular,aug,239,1,0,unknown,yes
37,services,married,secondary,no,339,yes,no,cellular,jan,178,1,0,unknown,no
51,self-employed,single,secondary,no,281,no,no,cellular,oct,1697,2,0,unknown,yes
33,management,married,tertiary,no,117,no,no,cellular,apr,495,2,3,failure,yes
42,technician,divorced,secondary,no,-13,yes,no,unknown,may,469,2,0,unknown,no
21,student,single,secondary,no,-255,no,no,cellular,oct,152,1,0,unknown,yes
52,admin.,married,secondary,no,10499,no,no,cellular,feb,164,2,1,success,yes
38,admin.,single,secondary,no,-215,no,yes,unknown,jun,146,1,0,unknown,no
40,blue-collar,single,primary,no,1519,yes,no,cellular,apr,6,3,1,failure,no
56,management,single,tertiary,no,6480,yes,yes,cellular,jan,135,1,1,failure,no
35,blue-collar,married,secondary,yes,-816,yes,yes,cellular,jul,139,2,0,unknown,no
50,management,single,tertiary,no,5516,no,no,cellular,aug,444,1,3,failure,yes
53,unemployed,married,secondary,no,4874,no,no,cellular,may,315,1,0,unknown,no
36,management,married,tertiary,no,598,yes,no,cellular,feb,108,2,1,failure,no
37,housemaid,married,secondary,no,155,no,no,unknown,jun,157,1,0,unknown,no
43,management,divorced,tertiary,no,1281,no,no,cellular,aug,89,2,0,unknown,no
29,technician,single,tertiary,no,2579,yes,no,telephone,feb,324,2,0,unknown,yes
39,self-employed,divorced,secondary,no,-20,yes,no,unknown,may,237,2,0,unknown,no
35,services,married,secondary,no,791,yes,no,telephone,jul,108,14,0,unknown,no
37,admin.,single,secondary,no,231,yes,no,cellular,may,29,2,5,failure,no
66,retired,married,secondary,no,871,no,no,cellular,feb,139,2,0,unknown,yes
42,blue-collar,divorced,primary,no,3551,no,no,cellular,nov,1159,1,0,unknown,yes
53,retired,married,primary,no,313,yes,no,unknown,may,262,2,0,unknown,no
70,retired,divorced,primary,no,408,no,no,telephone,jul,407,1,3,success,yes
47,student,single,unknown,no,-12,no,no,telephone,jul,120,8,0,unknown,no
34,blue-collar,married,tertiary,no,17500,no,no,cellular,nov,560,1,0,unknown,no
60,technician,married,secondary,no,162,no,no,cellular,may,517,2,4,failure,yes
50,housemaid,married,unknown,no,368,no,no,telephone,jul,311,3,0,unknown,no
43,management,married,tertiary,no,-273,yes,no,cellular,feb,257,2,0,unknown,no
25,blue-collar,single,secondary,no,132,no,yes,cellular,jul,712,2,0,unknown,yes
24,student,single,secondary,no,3779,no,no,cellular,apr,939,4,7,failure,yes
32,technician,divorced,secondary,no,78,yes,yes,unknown,may,221,4,0,unknown,no
39,management,married,tertiary,no,234,yes,no,cellular,apr,179,2,3,failure,no
71,retired,married,primary,no,4720,no,no,cellular,feb,116,5,0,unknown,yes
53,technician,married,tertiary,no,708,yes,no,cellular,jul,182,1,0,unknown,no
51,blue-collar,married,secondary,no,1087,no,no,telephone,apr,14,2,0,unknown,no
42,unknown,single,unknown,yes,-45,no,no,unknown,jun,112,1,0,unknown,no
31,admin.,single,secondary,no,683,yes,no,cellular,apr,97,2,0,unknown,no
53,unemployed,married,secondary,no,587,yes,no,unknown,may,104,2,0,unknown,no
30,services,married,secondary,no,-413,yes,no,cellular,may,1364,3,0,unknown,no
53,management,married,tertiary,no,1329,yes,no,cellular,nov,360,2,4,failure,no
31,technician,single,secondary,no,172,yes,no,unknown,may,368,1,0,unknown,no
30,blue-collar,married,secondary,no,2774,yes,no,unknown,may,1382,2,0,unknown,yes
36,technician,single,secondary,no,7488,yes,no,telephone,may,196,1,1,failure,no
49,blue-collar,married,secondary,no,221,yes,no,cellular,feb,386,3,0,unknown,no
31,blue-collar,married,secondary,no,478,yes,yes,cellular,feb,32,4,0,unknown,no
35,self-employed,single,tertiary,no,522,no,no,cellular,aug,567,1,0,unknown,yes
27,technician,single,tertiary,no,11603,no,no,cellular,oct,567,2,13,other,yes
46,housemaid,divorced,primary,no,-140,no,no,cellular,jul,87,5,0,unknown,no
32,blue-collar,single,secondary,no,37,no,no,cellular,sep,220,1,2,other,yes
46,management,married,tertiary,no,208,yes,no,cellular,feb,90,4,6,success,yes
40,housemaid,married,primary,no,419,no,no,cellular,aug,8,20,0,unknown,no
30,management,single,tertiary,no,46,no,no,cellular,aug,81,4,0,unknown,no
32,technician,single,tertiary,no,146,yes,no,unknown,may,209,1,0,unknown,no
31,admin.,married,secondary,no,177,no,no,cellular,jun,318,1,0,unknown,yes
32,student,single,tertiary,no,376,no,no,cellular,nov,588,2,0,unknown,no
50,technician,married,secondary,no,1835,no,no,telephone,jul,418,8,0,unknown,no
30,admin.,single,secondary,no,375,yes,yes,unknown,may,1023,1,0,unknown,yes
33,technician,married,secondary,no,-18,yes,yes,telephone,mar,176,4,0,unknown,no
28,services,single,secondary,no,112,no,yes,cellular,jul,227,1,0,unknown,no
46,technician,married,secondary,yes,263,no,no,unknown,may,52,3,0,unknown,no
29,technician,married,secondary,no,265,yes,no,unknown,jun,119,1,0,unknown,no
47,technician,married,secondary,no,-43,no,no,unknown,nov,59,1,0,unknown,no
30,technician,married,tertiary,no,449,no,no,cellular,aug,961,12,0,unknown,yes
52,unemployed,divorced,secondary,no,393,no,no,cellular,dec,409,2,0,unknown,yes
41,unemployed,married,tertiary,no,4,no,no,cellular,oct,349,3,0,unknown,yes
27,services,single,secondary,no,1226,no,no,telephone,dec,805,1,11,success,yes
35,admin.,divorced,secondary,no,686,yes,no,unknown,jun,891,1,0,unknown,yes
35,management,single,tertiary,no,206,no,no,cellular,aug,380,2,0,unknown,yes
30,student,single,tertiary,no,5091,no,no,cellular,jun,167,3,0,unknown,no
59,retired,divorced,tertiary,no,201,yes,no,cellular,apr,193,2,4,failure,no
28,technician,divorced,secondary,no,238,yes,no,cellular,may,341,1,1,failure,no
56,admin.,married,unknown,no,1763,no,no,cellular,aug,633,1,2,failure,yes
33,management,single,tertiary,no,393,no,no,cellular,sep,387,2,4,success,yes
35,management,single,tertiary,no,4034,yes,no,cellular,apr,1100,3,8,failure,no
30,student,single,tertiary,no,37,yes,no,cellular,may,20,1,0,unknown,no
60,retired,married,primary,no,346,no,no,cellular,aug,90,6,0,unknown,no
35,admin.,divorced,secondary,no,1521,yes,no,cellular,nov,190,1,0,unknown,yes
56,self-employed,married,tertiary,yes,14,no,no,cellular,nov,112,1,0,unknown,no
36,management,single,tertiary,no,220,yes,no,cellular,may,452,1,2,failure,yes
38,blue-collar,married,primary,no,50,yes,no,telephone,nov,629,1,1,other,yes
31,student,single,tertiary,no,5132,no,no,cellular,sep,290,3,3,failure,yes
40,services,married,secondary,no,105,yes,no,unknown,jun,110,1,0,unknown,no
34,admin.,married,tertiary,no,406,yes,yes,cellular,nov,53,2,0,unknown,no
39,management,married,tertiary,no,574,no,no,cellular,sep,309,2,0,unknown,no
56,admin.,married,secondary,no,260,no,yes,cellular,nov,117,1,0,unknown,no
52,blue-collar,married,secondary,no,-167,yes,yes,unknown,may,119,1,0,unknown,no
28,admin.,married,secondary,no,680,yes,yes,cellular,may,644,1,2,success,yes
40,services,divorced,primary,no,13,yes,no,cellular,may,163,2,0,unknown,no
32,technician,married,secondary,no,86,no,yes,cellular,may,249,3,0,unknown,yes
23,management,single,tertiary,no,723,yes,no,cellular,apr,431,2,2,other,yes
50,housemaid,divorced,primary,no,188,yes,no,unknown,may,202,3,0,unknown,no
32,management,single,tertiary,no,1797,yes,no,cellular,jan,1146,4,0,unknown,no
36,blue-collar,divorced,primary,no,-315,yes,no,cellular,may,719,1,0,unknown,yes
49,unemployed,married,tertiary,no,538,no,no,cellular,may,151,1,2,failure,no
23,student,single,secondary,no,1243,no,no,cellular,oct,353,2,0,unknown,yes
36,admin.,married,secondary,no,170,no,no,cellular,feb,277,1,0,unknown,yes
30,admin.,single,secondary,no,520,yes,yes,unknown,may,1056,1,0,unknown,yes
37,technician,single,secondary,no,408,no,no,cellular,aug,848,1,0,unknown,yes
29,self-employed,single,tertiary,no,348,yes,no,unknown,may,1508,2,0,unknown,yes
29,blue-collar,single,primary,no,285,yes,no,cellular,may,557,1,1,other,yes
27,services,single,secondary,no,1983,yes,no,cellular,jul,1014,1,0,unknown,yes
36,admin.,married,tertiary,no,2736,no,no,unknown,jun,205,4,0,unknown,no
55,admin.,married,secondary,no,1607,no,no,cellular,jun,89,2,0,unknown,yes
31,blue-collar,single,tertiary,no,573,no,no,unknown,nov,117,1,0,unknown,yes
31,blue-collar,married,secondary,no,798,yes,no,cellular,sep,242,1,0,unknown,no
22,student,single,secondary,no,84,no,no,cellular,jan,148,2,0,unknown,yes
46,admin.,single,secondary,no,1563,yes,no,cellular,oct,418,1,0,unknown,yes
36,blue-collar,married,primary,no,-288,yes,yes,cellular,may,667,1,0,unknown,yes
54,retired,married,secondary,no,1525,no,no,telephone,jul,1483,2,0,unknown,yes
28,management,single,tertiary,no,272,no,no,cellular,sep,266,1,2,success,yes
36,management,single,tertiary,no,472,yes,yes,cellular,apr,894,5,7,failure,yes
30,technician,single,secondary,no,839,no,no,cellular,aug,35,3,0,unknown,no
27,self-employed,single,secondary,no,160,yes,no,unknown,may,94,1,0,unknown,no
29,student,single,secondary,no,42,yes,no,unknown,may,181,3,0,unknown,no
34,unemployed,married,secondary,no,317,yes,yes,cellular,apr,274,1,1,failure,no
28,services,married,secondary,no,-589,yes,yes,cellular,jul,1235,7,0,unknown,yes
39,services,single,secondary,no,274,no,no,cellular,mar,195,1,0,unknown,yes
45,technician,single,secondary,no,851,yes,no,cellular,jul,186,2,0,unknown,no
41,self-employed,single,tertiary,no,3721,yes,no,unknown,may,93,2,0,unknown,no
59,admin.,married,secondary,no,13202,no,no,cellular,mar,111,1,0,unknown,yes
73,retired,married,unknown,no,720,no,no,cellular,sep,207,1,0,unknown,yes
30,services,single,tertiary,no,1667,no,no,cellular,aug,248,1,2,failure,yes
35,blue-collar,married,secondary,no,407,yes,no,cellular,jul,172,1,0,unknown,no
37,admin.,single,tertiary,no,3940,yes,no,cellular,aug,96,1,2,failure,no
46,management,married,tertiary,no,494,no,no,cellular,apr,949,1,1,failure,yes
47,blue-collar,married,secondary,no,2443,yes,no,cellular,may,596,1,1,other,no
52,blue-collar,married,secondary,no,679,yes,no,cellular,may,322,2,0,unknown,no
43,technician,single,unknown,no,11245,no,no,cellular,oct,467,1,2,success,yes
33,blue-collar,married,secondary,no,673,yes,no,cellular,apr,259,1,0,unknown,no
49,entrepreneur,married,secondary,no,-227,yes,no,cellular,may,343,1,0,unknown,no
35,management,married,tertiary,no,3369,no,no,cellular,aug,18,30,0,unknown,no
36,entrepreneur,married,tertiary,no,220,no,no,cellular,sep,61,1,0,unknown,no
54,management,divorced,tertiary,no,600,yes,no,cellular,may,168,2,0,unknown,no
37,blue-collar,married,secondary,no,640,yes,no,cellular,oct,360,1,1,failure,yes
33,admin.,married,secondary,no,-142,no,no,cellular,jul,229,2,0,unknown,no
46,blue-collar,married,secondary,no,702,yes,no,cellular,mar,244,1,4,success,yes
35,admin.,married,secondary,no,232,yes,no,cellular,jul,1645,2,0,unknown,yes
44,services,married,secondary,no,3714,no,no,cellular,jul,112,6,0,unknown,no
45,services,married,secondary,no,3003,no,no,cellular,nov,929,1,0,unknown,yes
24,student,single,secondary,no,4308,no,no,cellular,apr,923,4,7,failure,yes
46,admin.,married,secondary,no,198,no,no,unknown,jun,1270,1,0,unknown,yes
76,retired,married,tertiary,no,6069,no,no,cellular,may,790,1,4,success,yes
41,housemaid,married,primary,no,-76,no,no,cellular,apr,158,1,0,unknown,yes
52,management,married,tertiary,no,3581,no,no,cellular,feb,344,8,0,unknown,yes
32,management,divorced,tertiary,no,319,no,no,cellular,feb,14,5,0,unknown,no
42,housemaid,single,primary,no,442,yes,no,cellular,may,931,1,0,unknown,yes
36,management,single,tertiary,no,124,yes,no,cellular,apr,754,2,3,other,no
45,services,married,primary,no,4100,yes,no,unknown,sep,162,1,0,unknown,yes
49,housemaid,married,secondary,no,64,no,no,cellular,may,279,5,0,unknown,yes
29,blue-collar,married,secondary,no,-374,yes,no,cellular,may,577,2,4,failure,yes
42,services,single,secondary,no,-457,yes,yes,cellular,mar,192,4,0,unknown,yes
54,technician,married,secondary,no,573,no,yes,cellular,nov,150,1,1,failure,yes
36,management,married,tertiary,no,-45,no,no,cellular,aug,92,2,0,unknown,no
57,management,divorced,tertiary,no,3096,no,no,cellular,apr,506,1,0,unknown,yes
29,self-employed,single,tertiary,no,106,yes,no,unknown,may,1481,2,0,unknown,yes
25,management,single,tertiary,no,3652,no,no,cellular,sep,878,1,0,unknown,yes
24,student,single,primary,no,658,no,no,cellular,apr,514,1,0,unknown,yes
43,admin.,single,secondary,no,-54,no,no,telephone,nov,213,1,0,unknown,no
35,technician,divorced,secondary,no,5643,yes,no,unknown,may,719,10,0,unknown,yes
41,management,married,tertiary,no,12,yes,no,cellular,nov,908,3,0,unknown,yes
43,services,married,secondary,no,592,yes,no,unknown,may,59,1,0,unknown,no
33,blue-collar,single,secondary,no,480,no,no,cellular,aug,346,2,1,success,yes
40,management,married,tertiary,no,646,no,no,cellular,sep,285,2,0,unknown,no
52,technician,divorced,secondary,no,361,no,no,cellular,aug,139,2,0,unknown,no
40,management,married,tertiary,no,223,no,no,cellular,jul,761,8,0,unknown,no
45,services,single,secondary,no,718,yes,yes,unknown,may,637,2,0,unknown,no
25,technician,married,secondary,no,344,yes,no,cellular,jul,786,2,0,unknown,yes
47,unknown,married,unknown,no,1805,no,no,unknown,jun,61,2,0,unknown,no
69,retired,married,secondary,no,447,no,no,cellular,feb,457,1,0,unknown,yes
40,admin.,married,secondary,no,14927,no,no,cellular,jul,1369,4,0,unknown,yes
36,admin.,single,secondary,no,63,no,yes,cellular,feb,73,4,5,failure,yes
72,self-employed,married,tertiary,no,235,no,no,cellular,apr,467,1,0,unknown,yes
36,technician,married,tertiary,no,4905,yes,no,cellular,oct,218,2,2,success,yes
80,retired,married,secondary,no,8287,no,no,cellular,dec,483,2,9,success,yes
55,blue-collar,married,unknown,no,6136,no,no,cellular,aug,121,2,0,unknown,no
32,technician,married,tertiary,no,321,yes,yes,cellular,jul,84,3,0,unknown,no
49,admin.,single,secondary,no,-156,no,no,cellular,jul,902,4,0,unknown,yes
46,self-employed,married,primary,no,3415,no,no,cellular,aug,74,8,0,unknown,no
29,management,single,tertiary,no,305,no,no,cellular,apr,375,2,3,other,no
55,management,single,tertiary,no,-13,no,no,cellular,apr,151,3,0,unknown,no
40,management,single,secondary,no,304,no,no,unknown,jun,57,1,0,unknown,no
28,technician,single,tertiary,no,783,yes,no,unknown,may,339,3,0,unknown,no
33,management,single,tertiary,no,5628,no,no,cellular,oct,198,1,3,failure,yes
33,student,single,unknown,no,1191,no,no,cellular,apr,352,1,0,unknown,yes
27,management,single,tertiary,no,1979,no,no,cellular,jun,216,1,8,other,yes
29,blue-collar,married,secondary,no,564,yes,no,unknown,jun,142,1,0,unknown,no
60,blue-collar,married,primary,no,1503,yes,yes,unknown,may,1011,1,0,unknown,yes
59,entrepreneur,married,tertiary,no,3109,yes,no,unknown,jun,139,1,0,unknown,no
21,student,single,primary,no,3761,no,no,cellular,oct,306,1,3,failure,yes
30,management,married,tertiary,no,100,no,no,cellular,aug,649,7,0,unknown,yes
22,admin.,single,secondary,no,169,no,no,cellular,oct,212,1,0,unknown,yes
27,services,single,secondary,no,332,no,yes,cellular,jul,221,1,0,unknown,no
43,management,married,tertiary,no,-36,yes,no,cellular,jul,467,1,0,unknown,no
35,blue-collar,married,primary,no,484,yes,no,unknown,jun,909,1,0,unknown,yes
37,blue-collar,married,primary,no,3648,yes,no,unknown,may,440,1,0,unknown,no
44,blue-collar,divorced,primary,no,80,yes,no,unknown,may,228,2,0,unknown,no
76,retired,married,unknown,no,1867,no,no,telephone,oct,351,1,0,unknown,yes
39,entrepreneur,married,primary,no,441,yes,no,unknown,oct,136,1,0,unknown,yes
60,admin.,married,tertiary,no,1916,no,no,cellular,aug,930,6,0,unknown,yes
43,technician,married,secondary,no,836,yes,yes,cellular,may,67,1,0,unknown,no
32,admin.,single,secondary,no,241,no,no,cellular,may,544,2,0,unknown,yes
40,services,married,secondary,no,90,yes,no,cellular,jul,159,1,0,unknown,no
31,self-employed,single,tertiary,no,510,no,no,cellular,sep,329,4,1,success,yes
53,admin.,divorced,secondary,no,1220,yes,no,unknown,may,420,1,0,unknown,no
32,services,single,secondary,no,2777,no,no,cellular,jul,334,1,0,unknown,yes
53,blue-collar,married,secondary,no,310,yes,no,unknown,may,110,1,0,unknown,no
38,management,married,tertiary,no,53,yes,yes,cellular,jul,303,1,0,unknown,no
39,technician,married,secondary,no,3073,no,no,cellular,dec,479,1,0,unknown,yes
57,blue-collar,married,primary,no,110,no,no,unknown,jun,129,1,0,unknown,no
54,unemployed,married,tertiary,no,5344,no,no,unknown,may,284,1,0,unknown,no
40,management,single,tertiary,no,10990,no,no,unknown,jun,1547,1,0,unknown,yes
45,blue-collar,married,primary,no,1519,yes,no,cellular,may,191,1,0,unknown,no
30,admin.,single,secondary,no,29,yes,no,cellular,may,689,1,2,success,yes
31,blue-collar,single,secondary,no,284,yes,no,cellular,apr,2050,2,1,other,no
36,management,single,tertiary,no,1811,yes,no,cellular,apr,675,1,3,success,yes
32,admin.,married,secondary,no,-25,yes,no,cellular,nov,222,1,0,unknown,no
37,self-employed,divorced,tertiary,no,31,no,yes,unknown,jul,410,3,0,unknown,no
29,technician,single,secondary,no,656,yes,no,cellular,feb,401,1,1,other,no
39,management,married,tertiary,no,707,yes,no,cellular,jul,867,3,0,unknown,yes
31,management,married,tertiary,no,11052,no,no,cellular,aug,287,3,2,success,yes
35,management,single,tertiary,no,5767,yes,no,cellular,sep,167,1,1,success,yes
43,blue-collar,married,primary,no,325,no,yes,cellular,may,39,1,0,unknown,no
62,self-employed,divorced,tertiary,no,20,yes,no,cellular,oct,172,1,4,success,yes
23,management,single,tertiary,no,618,no,no,cellular,sep,1295,1,0,unknown,yes
36,admin.,single,secondary,no,347,yes,no,unknown,jun,116,1,0,unknown,no
73,management,married,tertiary,no,1461,no,no,cellular,jul,196,2,0,unknown,yes
34,admin.,divorced,secondary,no,101,yes,no,cellular,may,90,2,1,failure,no
59,retired,divorced,secondary,no,4349,no,no,cellular,oct,400,2,0,unknown,yes
30,student,single,secondary,no,240,no,no,cellular,dec,410,2,4,failure,yes
27,blue-collar,single,secondary,no,705,yes,yes,cellular,may,360,1,0,unknown,yes
53,retired,married,tertiary,no,7162,no,no,cellular,aug,94,2,0,unknown,no
51,entrepreneur,single,tertiary,no,3706,yes,no,cellular,nov,639,1,0,unknown,yes
38,blue-collar,married,primary,no,811,yes,no,telephone,feb,48,1,0,unknown,no
61,management,married,tertiary,no,5006,no,no,telephone,nov,394,1,0,unknown,yes
34,management,married,tertiary,no,792,no,no,cellular,apr,259,1,1,failure,yes
55,unemployed,single,primary,no,530,no,no,cellular,feb,9,5,0,unknown,no
33,admin.,single,secondary,no,650,no,no,cellular,nov,192,3,0,unknown,no
20,student,single,primary,no,6744,no,no,cellular,aug,194,2,0,unknown,yes
40,unemployed,single,tertiary,no,7930,no,no,cellular,sep,773,1,1,success,yes
48,management,married,tertiary,no,1171,no,no,cellular,jun,666,1,1,failure,yes
32,services,married,secondary,no,680,yes,yes,cellular,jun,159,3,0,unknown,yes
44,blue-collar,married,primary,no,-280,yes,no,unknown,jun,67,1,0,unknown,no
55,technician,married,secondary,no,605,no,no,cellular,aug,99,2,0,unknown,no
27,student,single,secondary,no,5844,no,no,cellular,may,252,1,5,failure,no
39,services,married,secondary,no,847,no,no,unknown,jun,88,4,0,unknown,no
30,technician,single,secondary,no,628,yes,no,telephone,nov,124,4,6,failure,no
54,management,married,tertiary,no,906,no,no,unknown,feb,413,1,0,unknown,yes
71,retired,divorced,primary,no,390,no,no,cellular,jun,279,1,1,success,yes
24,blue-collar,married,secondary,no,-395,yes,yes,unknown,jun,1247,1,0,unknown,yes
28,blue-collar,single,secondary,no,281,yes,no,cellular,jul,171,1,0,unknown,no
52,management,married,secondary,no,526,no,no,cellular,oct,419,1,1,failure,yes
44,self-employed,divorced,tertiary,no,1073,yes,no,cellular,nov,187,1,5,success,yes
51,management,married,tertiary,no,11332,yes,no,unknown,may,57,1,0,unknown,no
48,housemaid,single,primary,no,2560,yes,no,cellular,may,568,1,0,unknown,yes
45,blue-collar,married,primary,no,859,no,no,cellular,aug,93,3,0,unknown,no
45,management,divorced,tertiary,yes,-555,yes,no,unknown,jun,417,4,0,unknown,yes
25,technician,single,secondary,no,71,no,yes,cellular,jul,638,1,0,unknown,yes
53,technician,married,secondary,no,3932,no,yes,cellular,jul,111,3,0,unknown,no
57,blue-collar,married,secondary,no,1943,yes,no,telephone,may,6,2,0,unknown,no
28,unemployed,single,tertiary,no,160,yes,no,cellular,may,181,1,0,unknown,no
34,services,divorced,secondary,no,1072,no,no,cellular,jun,420,1,0,unknown,yes
51,retired,married,tertiary,no,745,no,no,cellular,aug,350,5,0,unknown,yes
50,admin.,single,secondary,no,-173,no,no,cellular,jul,858,4,0,unknown,yes
31,admin.,single,secondary,no,2471,yes,no,cellular,jul,127,2,0,unknown,no
59,retired,married,secondary,no,935,yes,yes,cellular,aug,220,1,0,unknown,no
34,management,married,tertiary,no,476,yes,no,cellular,nov,250,4,0,unknown,no
41,blue-collar,married,primary,no,1410,yes,no,cellular,may,758,2,3,failure,yes
49,admin.,single,secondary,no,759,yes,no,unknown,may,1256,3,0,unknown,yes
36,management,divorced,tertiary,no,150,no,no,cellular,aug,531,2,0,unknown,yes
28,blue-collar,married,secondary,no,0,no,no,cellular,jul,587,7,0,unknown,yes
32,admin.,single,secondary,no,-204,yes,no,cellular,nov,1974,1,0,unknown,yes
75,retired,married,secondary,no,192,no,no,cellular,aug,323,1,2,success,yes
45,admin.,divorced,tertiary,no,548,yes,no,cellular,mar,315,2,0,unknown,yes
54,technician,divorced,secondary,no,2152,yes,no,cellular,apr,270,1,5,success,yes
27,blue-collar,single,primary,no,491,no,no,cellular,jan,166,2,0,unknown,no
52,technician,single,secondary,no,257,yes,no,unknown,may,336,1,0,unknown,no
30,management,single,tertiary,no,140,no,no,cellular,mar,135,5,0,unknown,yes
38,admin.,single,secondary,no,-166,yes,yes,unknown,may,44,9,0,unknown,no
54,blue-collar,divorced,secondary,no,765,yes,no,cellular,may,324,2,0,unknown,no
27,blue-collar,single,secondary,no,-233,yes,no,unknown,may,125,2,0,unknown,no
50,management,married,tertiary,no,587,no,no,cellular,oct,191,1,1,success,yes
47,housemaid,married,tertiary,no,2071,no,no,cellular,apr,65,1,0,unknown,no
37,technician,single,secondary,no,6359,yes,no,unknown,may,101,1,0,unknown,no
29,services,divorced,secondary,no,-70,yes,no,cellular,may,1262,3,0,unknown,yes
52,blue-collar,married,secondary,no,4636,no,no,cellular,aug,8,10,0,unknown,no
33,management,married,tertiary,no,8797,no,no,cellular,mar,118,1,0,unknown,yes
44,technician,married,tertiary,no,739,no,no,cellular,jun,138,2,0,unknown,no
58,technician,married,secondary,no,10786,no,no,cellular,apr,98,1,0,unknown,yes
30,admin.,single,secondary,no,671,yes,no,unknown,may,336,1,0,unknown,no
26,technician,married,tertiary,no,-141,yes,yes,unknown,may,264,2,0,unknown,no
29,management,single,tertiary,no,741,no,no,cellular,apr,539,2,8,success,yes
59,management,married,secondary,no,-96,no,no,cellular,may,291,4,8,failure,no
26,student,single,unknown,no,2490,no,no,cellular,feb,93,2,0,unknown,no
47,entrepreneur,divorced,secondary,no,172,yes,yes,cellular,nov,125,1,0,unknown,no
31,admin.,married,secondary,no,1726,no,no,cellular,nov,1076,1,0,unknown,yes
33,services,single,tertiary,no,673,no,no,cellular,nov,553,1,0,unknown,yes
48,unemployed,married,secondary,no,207,no,no,cellular,jul,854,1,0,unknown,yes
39,unemployed,divorced,secondary,no,997,yes,no,unknown,jun,320,2,0,unknown,no
38,management,divorced,tertiary,no,1979,no,no,cellular,nov,662,1,0,unknown,yes
58,management,married,tertiary,no,3253,yes,no,cellular,nov,55,2,1,failure,no
72,retired,married,primary,no,2650,no,no,cellular,nov,155,2,1,success,yes
49,blue-collar,divorced,primary,no,-91,yes,no,cellular,may,175,2,7,failure,no
43,admin.,married,primary,no,-103,yes,no,cellular,aug,326,1,1,success,yes
38,blue-collar,married,secondary,no,641,yes,no,unknown,may,163,12,0,unknown,no
41,technician,single,tertiary,no,477,no,no,cellular,jul,199,1,5,failure,yes
32,blue-collar,married,tertiary,no,887,no,yes,cellular,jul,543,3,0,unknown,no
54,technician,married,tertiary,no,1250,no,no,cellular,aug,1405,5,0,unknown,yes
46,admin.,married,secondary,no,-41,yes,no,cellular,may,643,2,0,unknown,no
50,technician,married,secondary,no,3348,no,no,cellular,jun,153,2,0,unknown,yes
48,blue-collar,married,secondary,no,740,yes,no,telephone,feb,714,8,0,unknown,no
36,admin.,married,tertiary,no,762,yes,no,cellular,jan,120,1,0,unknown,no
32,management,single,tertiary,no,-91,yes,yes,cellular,nov,100,2,0,unknown,no
52,admin.,married,primary,no,343,no,no,cellular,aug,132,2,0,unknown,no
40,retired,married,secondary,no,-47,no,no,cellular,may,168,1,0,unknown,no
45,admin.,married,secondary,no,196,yes,no,cellular,aug,159,1,0,unknown,no
28,technician,married,secondary,no,524,yes,yes,unknown,may,271,2,0,unknown,no
50,services,married,secondary,no,1009,no,no,unknown,jun,273,2,0,unknown,no
54,technician,married,secondary,no,3290,yes,yes,cellular,apr,64,3,0,unknown,no
32,technician,single,tertiary,no,356,yes,no,unknown,may,81,1,0,unknown,no
74,retired,divorced,secondary,no,1107,no,no,cellular,dec,421,7,0,unknown,yes
54,retired,married,secondary,no,-160,no,no,cellular,aug,1139,1,0,unknown,yes
35,technician,divorced,secondary,no,2833,yes,no,cellular,feb,223,1,0,unknown,no
47,technician,married,primary,no,352,no,no,cellular,mar,122,2,1,other,yes
45,technician,married,secondary,no,930,no,no,cellular,jul,628,2,0,unknown,yes
35,management,single,tertiary,no,3790,yes,no,cellular,jun,418,1,0,unknown,yes
46,technician,married,tertiary,no,568,yes,no,unknown,jun,816,3,0,unknown,yes
34,management,single,tertiary,no,171,yes,no,cellular,apr,601,1,0,unknown,yes
31,technician,married,tertiary,no,-3,no,no,cellular,aug,644,2,0,unknown,no
51,retired,divorced,secondary,no,1600,no,no,cellular,aug,399,1,9,other,yes
25,services,single,secondary,no,-78,no,yes,cellular,jul,320,1,0,unknown,no
56,admin.,married,secondary,no,2178,no,no,cellular,aug,690,4,0,unknown,yes
35,blue-collar,married,secondary,no,680,yes,no,unknown,may,262,2,0,unknown,no
40,self-employed,single,tertiary,no,2353,yes,yes,cellular,apr,7,2,18,other,no
28,technician,single,secondary,no,560,no,yes,cellular,jan,137,1,0,unknown,no
31,self-employed,single,tertiary,no,18005,yes,no,cellular,may,723,1,3,failure,yes
52,management,married,tertiary,no,5421,no,yes,cellular,jul,1209,3,0,unknown,no
42,technician,married,secondary,no,3389,yes,no,unknown,may,1691,2,0,unknown,yes
28,self-employed,single,tertiary,no,1650,no,no,cellular,oct,138,3,0,unknown,no
28,management,single,tertiary,no,-58,yes,no,unknown,may,553,12,0,unknown,yes
37,services,single,secondary,no,-9,yes,no,cellular,apr,1102,1,0,unknown,yes
44,blue-collar,single,secondary,no,-86,yes,no,cellular,may,249,3,0,unknown,no
35,housemaid,single,tertiary,no,1299,yes,no,cellular,mar,239,1,0,unknown,yes
28,admin.,single,secondary,no,315,yes,yes,cellular,may,459,1,0,unknown,yes
45,blue-collar,married,primary,no,880,no,yes,cellular,jan,78,1,0,unknown,no
51,blue-collar,married,primary,no,21599,no,no,cellular,aug,62,20,0,unknown,no
36,management,single,tertiary,no,44,no,no,unknown,jun,1093,1,0,unknown,yes
26,management,single,tertiary,no,7558,no,no,cellular,apr,263,1,0,unknown,no
46,blue-collar,divorced,secondary,no,711,yes,no,cellular,jul,105,4,0,unknown,no
40,blue-collar,single,secondary,no,873,yes,no,telephone,may,50,1,0,unknown,no
84,retired,married,primary,no,553,no,no,telephone,sep,812,1,2,success,yes
34,technician,married,tertiary,no,3701,yes,no,cellular,may,712,4,0,unknown,yes
30,technician,single,secondary,no,1129,no,no,cellular,aug,31,3,0,unknown,no
56,retired,married,primary,no,269,no,yes,cellular,aug,81,8,0,unknown,no
49,management,single,tertiary,no,1820,yes,no,cellular,jul,682,3,0,unknown,no
34,technician,married,secondary,no,5102,yes,no,cellular,nov,397,4,17,other,yes
33,technician,married,secondary,no,2108,yes,no,cellular,apr,1837,3,0,unknown,yes
27,unemployed,single,tertiary,no,3283,no,no,cellular,jan,540,1,0,unknown,no
38,management,married,secondary,no,3789,yes,yes,cellular,nov,52,1,0,unknown,no
34,technician,married,tertiary,no,3581,yes,no,cellular,may,733,4,0,unknown,yes
45,services,divorced,secondary,no,290,yes,no,unknown,may,158,2,0,unknown,no
38,technician,single,secondary,no,50,no,no,cellular,aug,953,1,0,unknown,yes
36,blue-collar,divorced,secondary,no,1876,yes,no,unknown,may,166,2,0,unknown,no
45,entrepreneur,divorced,tertiary,no,1250,yes,yes,cellular,nov,192,2,3,failure,no
32,technician,single,secondary,no,84,yes,no,cellular,may,231,1,0,unknown,no
49,management,married,primary,no,3211,no,no,cellular,nov,268,2,0,unknown,yes
43,management,married,tertiary,no,1501,no,no,cellular,feb,65,1,1,success,yes
35,management,married,tertiary,no,404,no,no,cellular,dec,760,1,8,other,no
44,management,married,tertiary,no,1716,no,no,cellular,feb,41,1,1,success,yes
51,management,married,tertiary,no,-337,no,no,unknown,jun,286,1,0,unknown,yes
45,blue-collar,married,primary,no,941,yes,no,unknown,may,521,1,0,unknown,yes
55,technician,married,secondary,no,7102,yes,yes,unknown,may,177,2,0,unknown,no
33,management,single,tertiary,no,236,yes,no,cellular,may,458,3,0,unknown,yes
47,services,divorced,secondary,no,640,yes,no,cellular,may,111,2,8,other,no
54,housemaid,married,tertiary,no,2723,no,no,cellular,mar,628,2,0,unknown,yes
40,management,married,tertiary,no,-91,yes,no,unknown,jun,47,2,0,unknown,no
30,technician,single,tertiary,no,-64,yes,no,cellular,jun,151,2,0,unknown,yes
53,technician,married,secondary,no,5060,no,yes,cellular,feb,230,2,0,unknown,no
29,services,married,secondary,no,194,yes,no,cellular,jul,324,6,0,unknown,no
54,unknown,married,primary,no,1085,no,no,cellular,oct,741,2,0,unknown,yes
37,admin.,married,secondary,no,387,yes,no,unknown,may,412,1,0,unknown,no
40,management,married,secondary,no,-70,no,yes,unknown,may,145,3,0,unknown,no
32,management,married,tertiary,no,246,no,no,cellular,aug,185,2,0,unknown,no
44,blue-collar,married,primary,no,170,yes,no,cellular,may,380,1,0,unknown,no
59,management,divorced,tertiary,no,1413,no,no,unknown,jun,213,1,0,unknown,no
34,services,single,secondary,no,108,yes,no,cellular,may,200,2,2,success,yes
37,management,single,tertiary,no,350,no,no,cellular,aug,857,2,0,unknown,yes
59,management,married,tertiary,no,2109,no,yes,cellular,nov,549,2,0,unknown,yes
62,management,married,secondary,no,4524,yes,no,cellular,mar,179,1,0,unknown,yes
33,blue-collar,married,secondary,no,487,yes,no,unknown,may,231,2,0,unknown,no
41,admin.,single,secondary,no,1315,yes,no,cellular,may,277,4,0,unknown,yes
31,blue-collar,single,secondary,yes,-481,yes,no,unknown,jun,152,9,0,unknown,no
54,self-employed,single,tertiary,no,379,no,yes,cellular,may,213,1,0,unknown,yes
32,admin.,married,secondary,no,-67,yes,yes,cellular,jan,204,1,2,other,yes
52,unemployed,married,secondary,no,4863,no,no,cellular,may,288,1,0,unknown,no
37,technician,married,tertiary,no,-38,yes,no,cellular,oct,115,1,2,success,no
55,management,married,tertiary,no,1295,yes,no,cellular,nov,24,6,0,unknown,no
57,technician,married,secondary,no,694,yes,no,unknown,may,165,3,0,unknown,no
48,services,married,secondary,no,1622,no,no,cellular,aug,164,1,0,unknown,no
33,housemaid,married,primary,no,-207,yes,no,cellular,may,336,1,0,unknown,no
36,technician,married,secondary,no,216,no,no,cellular,aug,317,4,0,unknown,no
39,blue-collar,married,tertiary,no,435,no,no,cellular,jul,691,6,0,unknown,yes
31,admin.,single,secondary,no,1091,no,no,cellular,may,5,4,12,failure,no
66,management,married,tertiary,no,621,no,no,cellular,aug,395,2,0,unknown,yes
41,blue-collar,divorced,secondary,no,840,yes,no,unknown,may,107,1,0,unknown,no
47,technician,married,secondary,no,-324,no,no,cellular,nov,581,1,1,failure,yes
58,blue-collar,divorced,secondary,no,-103,no,yes,cellular,jul,256,4,0,unknown,no
28,unemployed,single,tertiary,no,418,yes,no,cellular,jul,1617,6,0,unknown,yes
39,technician,divorced,secondary,no,828,yes,no,cellular,feb,682,2,5,failure,yes
57,technician,married,secondary,no,646,yes,no,cellular,aug,145,1,5,failure,yes
59,admin.,married,secondary,no,4519,yes,no,cellular,jun,806,4,1,other,yes
55,blue-collar,married,secondary,no,1718,no,no,telephone,jul,1006,2,0,unknown,yes
32,technician,married,tertiary,no,1776,no,no,cellular,aug,604,1,0,unknown,yes
42,blue-collar,married,primary,no,1033,yes,no,unknown,may,133,1,0,unknown,no
27,admin.,single,secondary,no,217,no,no,cellular,may,614,1,1,failure,no
39,blue-collar,married,secondary,no,-375,yes,no,unknown,may,34,1,0,unknown,no
36,management,married,tertiary,no,1621,yes,no,unknown,jun,62,3,0,unknown,no
26,services,single,secondary,no,277,yes,yes,cellular,feb,196,1,0,unknown,no
57,housemaid,married,primary,no,1952,no,no,cellular,aug,300,3,0,unknown,no
31,self-employed,married,tertiary,no,1315,no,no,cellular,aug,93,2,0,unknown,no
53,technician,married,secondary,no,-497,yes,no,unknown,may,1222,1,0,unknown,yes
45,services,married,secondary,no,677,no,yes,unknown,jun,922,1,0,unknown,yes
30,management,married,tertiary,no,242,no,no,cellular,aug,21,14,0,unknown,no
43,blue-collar,divorced,primary,no,305,no,no,cellular,feb,141,1,0,unknown,no
41,technician,divorced,secondary,no,1445,no,yes,cellular,aug,188,2,0,unknown,no
29,management,single,tertiary,no,743,no,no,cellular,oct,250,3,5,success,yes
35,management,single,tertiary,no,757,no,no,cellular,aug,317,2,1,failure,yes
48,blue-collar,divorced,secondary,no,455,yes,no,cellular,may,10,5,0,unknown,no
56,services,single,secondary,no,-82,yes,no,cellular,may,326,1,2,failure,yes
44,entrepreneur,married,tertiary,no,628,no,no,telephone,aug,531,2,0,unknown,yes
39,housemaid,married,primary,no,309,no,no,unknown,jun,1140,5,0,unknown,no
53,admin.,married,secondary,no,-521,yes,no,cellular,feb,174,5,0,unknown,no
52,services,married,secondary,no,240,yes,yes,cellular,jan,166,1,2,failure,no
61,retired,married,secondary,no,-143,no,no,cellular,aug,151,3,0,unknown,no
40,self-employed,married,tertiary,no,24,no,no,cellular,aug,329,2,0,unknown,yes
41,blue-collar,married,secondary,no,159,no,no,unknown,jun,53,1,0,unknown,no
26,admin.,single,secondary,no,636,no,no,cellular,oct,193,1,2,unknown,yes
34,admin.,married,secondary,no,1347,yes,no,cellular,apr,124,1,2,failure,no
29,blue-collar,single,secondary,no,2751,yes,no,cellular,may,279,1,0,unknown,no
36,technician,married,primary,no,1700,yes,yes,unknown,may,329,10,0,unknown,no
42,blue-collar,married,secondary,no,404,yes,no,unknown,may,251,1,0,unknown,no
25,services,single,secondary,no,108,no,no,cellular,aug,120,2,3,other,no
24,student,single,secondary,no,720,yes,no,cellular,apr,942,3,0,unknown,yes
49,blue-collar,divorced,primary,no,-172,yes,no,cellular,may,682,1,1,success,yes
38,admin.,married,secondary,no,1052,no,no,cellular,jul,141,5,0,unknown,no
30,services,single,secondary,no,1989,yes,no,unknown,may,155,1,0,unknown,no
40,technician,married,secondary,no,2668,no,no,cellular,oct,704,2,0,unknown,yes
30,blue-collar,single,secondary,no,690,no,no,cellular,feb,174,3,0,unknown,no
26,blue-collar,single,secondary,no,127,no,no,telephone,jan,46,1,0,unknown,no
40,housemaid,married,secondary,no,950,no,no,cellular,aug,183,1,0,unknown,no
46,admin.,divorced,secondary,no,3023,yes,no,telephone,may,153,3,0,unknown,no
29,student,single,unknown,no,-24,no,no,cellular,dec,242,3,2,failure,yes
45,unknown,married,unknown,no,2637,no,no,cellular,aug,116,1,0,unknown,no
35,management,married,tertiary,no,153,yes,no,cellular,apr,853,1,0,unknown,yes
46,technician,married,secondary,no,3571,no,yes,cellular,jun,170,2,1,success,yes
36,services,married,secondary,no,4727,no,no,cellular,mar,314,2,3,success,yes
30,management,single,tertiary,no,622,no,no,cellular,jun,137,2,0,unknown,no
29,self-employed,married,secondary,no,-583,yes,yes,cellular,may,659,2,0,unknown,yes
31,technician,married,secondary,no,787,yes,yes,unknown,may,137,1,0,unknown,no
28,student,single,primary,yes,149,no,no,unknown,aug,6,1,0,unknown,no
34,blue-collar,single,secondary,no,188,yes,no,unknown,jun,1135,4,0,unknown,yes
47,technician,married,secondary,no,759,yes,no,cellular,jul,71,5,0,unknown,no
48,management,single,tertiary,no,136,yes,no,cellular,jun,571,3,9,success,yes
34,housemaid,married,tertiary,no,10930,no,no,cellular,may,95,1,0,unknown,no
32,technician,single,secondary,no,2011,yes,no,cellular,apr,124,1,0,unknown,yes
36,services,single,secondary,no,965,no,no,unknown,jun,9,13,0,unknown,no
79,retired,married,unknown,no,4974,no,no,telephone,oct,1015,4,0,unknown,yes
50,unemployed,married,primary,no,787,no,no,unknown,jun,505,1,0,unknown,yes
43,services,married,secondary,no,649,no,no,cellular,jun,492,1,2,success,yes
31,student,single,tertiary,no,1333,no,no,telephone,feb,404,3,0,unknown,yes
38,blue-collar,single,unknown,no,2357,no,no,unknown,may,189,8,0,unknown,no
49,technician,divorced,tertiary,no,1990,yes,no,cellular,mar,214,1,0,unknown,yes
46,self-employed,single,primary,no,2292,no,no,cellular,jul,416,2,0,unknown,no
37,technician,married,tertiary,no,53,no,no,cellular,aug,67,1,0,unknown,no
56,management,divorced,tertiary,no,245,no,no,cellular,oct,366,5,0,unknown,yes
44,admin.,married,secondary,no,367,no,no,cellular,nov,141,2,0,unknown,no
33,management,single,tertiary,no,2490,yes,no,cellular,nov,83,2,0,unknown,no
26,management,single,secondary,no,-70,no,no,cellular,jul,251,1,0,unknown,no
59,unemployed,single,secondary,no,1144,no,no,cellular,feb,1070,1,0,unknown,no
48,management,divorced,tertiary,no,-60,no,no,unknown,may,259,1,0,unknown,no
47,admin.,married,secondary,no,1532,yes,no,cellular,oct,171,1,1,failure,no
31,technician,single,secondary,no,974,no,no,cellular,may,381,3,2,failure,yes
29,admin.,married,secondary,no,714,yes,no,unknown,may,340,2,0,unknown,no
54,technician,divorced,secondary,no,402,yes,no,cellular,jan,57,1,1,failure,no
37,admin.,married,secondary,no,687,yes,no,unknown,jun,46,1,0,unknown,no
32,student,married,secondary,no,1785,no,no,cellular,nov,278,1,2,success,yes
32,technician,married,secondary,no,416,yes,yes,cellular,jul,371,1,0,unknown,no
49,self-employed,divorced,tertiary,no,-23,yes,no,cellular,apr,57,1,0,unknown,yes
61,retired,divorced,secondary,no,644,no,no,cellular,jul,769,4,0,unknown,yes
66,retired,married,secondary,no,1069,no,no,cellular,nov,281,1,2,failure,yes
36,admin.,divorced,tertiary,no,4639,no,no,cellular,jun,129,1,0,unknown,no
46,management,married,tertiary,no,202,no,no,cellular,mar,199,1,1,success,yes
28,management,single,tertiary,no,6450,no,no,cellular,sep,204,1,0,unknown,yes
28,services,single,secondary,no,578,yes,yes,cellular,may,304,2,0,unknown,no
31,blue-collar,single,secondary,no,1899,yes,yes,unknown,may,296,3,0,unknown,no
42,blue-collar,single,primary,no,1594,yes,no,cellular,jul,618,8,0,unknown,yes
57,unemployed,married,primary,no,2821,no,no,cellular,jan,86,1,0,unknown,no
47,technician,divorced,secondary,no,2782,no,yes,cellular,aug,2,2,0,unknown,no
33,admin.,married,secondary,no,270,yes,no,cellular,nov,75,1,0,unknown,no
33,student,married,secondary,no,1768,no,no,cellular,feb,372,1,3,success,yes
48,admin.,married,unknown,no,3674,no,no,cellular,aug,71,10,0,unknown,no
33,blue-collar,divorced,secondary,no,16,yes,no,cellular,may,168,1,0,unknown,no
43,blue-collar,married,secondary,no,2159,no,no,cellular,sep,284,1,1,success,yes
37,technician,married,secondary,no,42,yes,no,cellular,aug,136,1,2,failure,no
44,management,married,tertiary,no,337,yes,no,cellular,aug,194,3,3,failure,yes
36,management,married,tertiary,no,372,yes,no,cellular,nov,143,1,0,unknown,no
59,retired,married,primary,no,756,no,no,cellular,aug,205,6,0,unknown,no
34,services,married,primary,no,850,yes,yes,cellular,jul,200,2,0,unknown,no
33,blue-collar,married,secondary,no,329,no,no,unknown,may,150,2,0,unknown,no
31,entrepreneur,single,secondary,no,276,yes,no,cellular,nov,58,1,1,failure,no
33,technician,married,tertiary,no,4254,no,no,cellular,apr,430,1,0,unknown,yes
53,management,divorced,tertiary,no,5416,no,no,cellular,oct,1038,1,4,success,yes
54,services,married,secondary,no,103,no,no,cellular,aug,244,2,0,unknown,no
47,services,married,secondary,no,-26,yes,no,telephone,jul,268,1,0,unknown,no
30,blue-collar,single,secondary,no,1596,yes,no,cellular,may,766,2,0,unknown,yes
36,admin.,single,tertiary,no,607,no,yes,cellular,aug,179,1,1,failure,yes
55,management,married,secondary,no,3103,yes,no,cellular,feb,20,2,1,failure,no
58,technician,married,secondary,no,716,yes,no,cellular,feb,489,3,6,success,yes
33,technician,married,secondary,no,510,no,no,cellular,nov,85,1,0,unknown,no
34,blue-collar,single,secondary,no,936,yes,no,cellular,jul,593,1,0,unknown,yes
38,management,married,tertiary,no,-77,yes,no,cellular,may,113,1,0,unknown,no
47,management,married,tertiary,no,4818,no,yes,cellular,nov,55,1,3,success,yes
26,blue-collar,single,secondary,no,2059,no,no,cellular,oct,228,1,5,success,yes
41,services,married,secondary,no,752,yes,no,unknown,may,134,8,0,unknown,no
53,retired,married,primary,no,1131,no,no,cellular,jan,202,1,0,unknown,no
36,management,married,tertiary,no,920,yes,no,cellular,nov,291,2,3,success,no
38,blue-collar,married,secondary,no,118,yes,no,cellular,apr,248,2,0,unknown,no
45,management,married,primary,no,3281,yes,no,cellular,apr,1526,1,0,unknown,yes
54,management,married,tertiary,no,1623,no,no,cellular,may,181,3,10,success,yes
35,blue-collar,married,secondary,no,830,yes,no,unknown,jun,882,4,0,unknown,yes
47,management,married,tertiary,no,3777,no,no,cellular,aug,86,2,0,unknown,no
40,blue-collar,married,primary,no,2737,yes,no,cellular,may,178,6,23,failure,no
36,entrepreneur,divorced,tertiary,no,3619,no,no,cellular,mar,380,4,0,unknown,yes
34,services,single,tertiary,no,164,no,no,unknown,may,68,1,0,unknown,no
36,management,single,secondary,no,688,yes,no,unknown,may,1195,4,0,unknown,yes
46,blue-collar,single,primary,no,202,yes,no,cellular,nov,208,1,0,unknown,no
32,technician,married,secondary,no,572,yes,no,cellular,dec,601,3,0,unknown,yes
28,admin.,married,secondary,no,1155,yes,no,cellular,apr,1644,3,0,unknown,yes
53,management,single,tertiary,no,-35,no,no,cellular,aug,1235,6,0,unknown,yes
46,admin.,divorced,secondary,no,865,yes,yes,cellular,may,272,3,2,failure,no
27,management,single,tertiary,no,878,no,no,cellular,mar,1061,2,0,unknown,yes
26,student,single,secondary,no,456,no,no,cellular,mar,164,1,2,failure,yes
35,unemployed,single,tertiary,no,439,no,no,cellular,feb,600,1,1,failure,yes
35,blue-collar,single,primary,no,1148,yes,yes,telephone,may,30,1,0,unknown,no
32,management,single,secondary,no,445,yes,no,unknown,may,384,2,0,unknown,no
36,services,single,tertiary,no,1180,no,no,cellular,aug,259,1,0,unknown,yes
33,management,married,tertiary,no,301,no,no,unknown,may,811,4,0,unknown,no
32,admin.,married,tertiary,no,484,yes,yes,cellular,may,97,1,1,other,no
35,management,married,tertiary,no,343,yes,no,cellular,jul,513,1,0,unknown,no
42,management,married,tertiary,no,544,no,no,cellular,may,667,1,0,unknown,yes
26,technician,single,tertiary,no,2997,yes,no,cellular,may,152,1,1,failure,yes
31,management,married,tertiary,no,4250,yes,no,cellular,nov,350,3,9,other,yes
56,retired,married,secondary,no,4549,no,no,cellular,aug,133,2,0,unknown,no
31,management,single,tertiary,no,3196,no,no,cellular,feb,261,1,1,failure,yes
37,technician,married,secondary,no,564,yes,no,cellular,aug,82,4,0,unknown,no
32,management,single,tertiary,no,4934,yes,no,cellular,nov,555,1,0,unknown,yes
30,technician,single,tertiary,no,64,no,no,cellular,apr,389,1,0,unknown,yes
45,admin.,married,secondary,no,800,no,no,unknown,jun,67,1,0,unknown,no
43,blue-collar,married,primary,no,3015,yes,no,cellular,nov,2456,2,0,unknown,yes
33,management,single,tertiary,no,-237,no,no,cellular,aug,206,4,0,unknown,no
31,services,single,secondary,no,1510,yes,no,unknown,may,195,1,0,unknown,no
33,blue-collar,married,primary,no,274,yes,no,unknown,may,599,2,0,unknown,no
25,admin.,single,secondary,no,441,no,yes,cellular,feb,232,1,0,unknown,yes
37,technician,single,secondary,yes,304,no,no,unknown,jun,238,2,0,unknown,no
43,services,divorced,secondary,no,-63,yes,no,unknown,may,191,1,0,unknown,no
50,entrepreneur,married,secondary,no,537,no,no,cellular,aug,58,6,0,unknown,no
38,technician,married,secondary,no,233,yes,no,cellular,jul,439,3,0,unknown,no
30,admin.,single,secondary,no,-193,yes,no,cellular,apr,1039,1,0,unknown,yes
39,self-employed,married,tertiary,no,-3127,yes,yes,cellular,apr,891,3,0,unknown,yes
35,technician,married,tertiary,no,397,no,no,cellular,sep,163,1,0,unknown,yes
70,retired,married,tertiary,no,-88,no,no,cellular,sep,1105,2,2,other,yes
40,blue-collar,divorced,secondary,no,-266,no,yes,unknown,may,244,1,0,unknown,no
46,technician,married,tertiary,no,1889,no,no,unknown,jun,199,3,0,unknown,no
79,retired,married,secondary,no,722,no,no,telephone,sep,252,1,3,failure,yes
35,housemaid,married,tertiary,no,2713,no,no,cellular,jan,39,1,0,unknown,no
53,self-employed,married,tertiary,no,224,no,yes,cellular,jul,313,3,0,unknown,no
52,blue-collar,married,primary,no,1215,yes,no,unknown,jun,209,1,0,unknown,no
26,admin.,single,tertiary,no,1236,no,no,cellular,oct,284,1,1,failure,yes
29,student,single,secondary,no,226,no,no,cellular,apr,447,1,0,unknown,yes
59,admin.,married,secondary,no,4248,no,no,telephone,jul,27,2,0,unknown,no
35,blue-collar,married,secondary,no,158,yes,no,unknown,may,253,2,0,unknown,no
31,admin.,married,secondary,no,218,yes,no,cellular,nov,463,3,0,unknown,no
47,housemaid,married,secondary,no,2789,no,no,cellular,oct,103,1,0,unknown,yes
32,blue-collar,single,secondary,no,5948,yes,no,cellular,nov,111,2,0,unknown,no
54,self-employed,married,primary,no,1337,no,no,unknown,jun,71,1,0,unknown,no
65,admin.,married,secondary,no,499,no,no,cellular,sep,230,1,1,success,yes
43,blue-collar,married,primary,no,322,yes,no,telephone,jul,186,2,0,unknown,no
54,entrepreneur,divorced,tertiary,no,5764,no,no,cellular,nov,80,5,0,unknown,no
32,admin.,single,tertiary,no,7657,no,no,cellular,mar,239,4,0,unknown,yes
33,technician,single,unknown,no,393,no,no,cellular,jul,487,7,0,unknown,yes
34,technician,single,tertiary,no,6030,yes,no,unknown,jun,1318,4,0,unknown,yes
42,technician,married,secondary,no,831,no,no,cellular,aug,159,3,0,unknown,no
42,blue-collar,married,primary,no,56,no,no,unknown,jun,39,2,0,unknown,no
35,admin.,single,secondary,no,48,no,yes,cellular,aug,386,2,9,success,yes
29,management,single,tertiary,no,152,yes,no,cellular,apr,56,2,3,failure,yes
40,management,married,tertiary,no,61,yes,no,unknown,may,119,1,0,unknown,no
32,blue-collar,single,secondary,no,969,yes,no,cellular,apr,444,1,2,other,no
19,student,single,secondary,no,-5,no,no,telephone,oct,78,2,1,other,no
57,blue-collar,divorced,primary,no,5083,yes,no,cellular,apr,274,1,1,failure,no
36,management,married,tertiary,no,1644,yes,no,unknown,jun,44,3,0,unknown,no
43,technician,single,secondary,no,170,no,yes,cellular,aug,193,2,0,unknown,no
33,services,married,secondary,no,382,yes,yes,cellular,nov,597,2,2,failure,no
37,services,married,secondary,no,426,yes,yes,cellular,may,102,1,1,failure,no
30,technician,single,secondary,no,370,no,no,cellular,aug,379,4,0,unknown,yes
28,services,single,secondary,no,323,no,yes,cellular,jan,261,1,0,unknown,no
37,services,married,secondary,no,4613,no,no,cellular,mar,265,2,3,success,yes
49,admin.,married,secondary,no,10300,yes,no,telephone,oct,83,1,0,unknown,yes
40,management,married,tertiary,no,259,no,no,cellular,jun,189,2,2,failure,yes
37,technician,single,tertiary,no,183,no,no,cellular,may,257,1,3,success,yes
76,self-employed,married,unknown,no,4898,no,no,telephone,oct,516,1,0,unknown,yes
24,student,single,tertiary,no,244,no,no,cellular,may,353,1,0,unknown,yes
34,unemployed,married,secondary,no,1123,no,no,cellular,mar,122,1,0,unknown,yes
34,student,single,unknown,no,6182,no,no,cellular,nov,96,2,0,unknown,no
53,blue-collar,married,primary,no,66865,no,no,cellular,aug,90,3,0,unknown,no
44,technician,married,secondary,no,11040,no,no,unknown,jun,252,3,0,unknown,no
52,retired,married,secondary,no,885,no,yes,unknown,jun,68,1,0,unknown,no
29,blue-collar,married,secondary,no,-155,no,no,cellular,jul,596,7,0,unknown,yes
29,management,married,tertiary,yes,108,yes,no,cellular,jul,28,17,0,unknown,no
31,management,single,tertiary,no,450,no,no,cellular,apr,478,1,2,success,yes
79,retired,married,secondary,no,1795,no,no,cellular,aug,75,1,0,unknown,no
57,services,married,primary,no,659,no,yes,telephone,jul,1900,1,0,unknown,yes
27,technician,married,secondary,no,-262,no,yes,cellular,jul,351,5,0,unknown,yes
40,unemployed,married,primary,no,358,yes,no,cellular,jul,281,1,0,unknown,no
37,management,married,tertiary,no,1156,no,no,cellular,nov,115,1,2,success,yes
38,self-employed,married,secondary,no,315,no,no,cellular,aug,207,4,0,unknown,no
42,services,single,tertiary,no,497,yes,no,cellular,aug,205,2,4,failure,yes
41,technician,married,secondary,yes,-79,yes,no,cellular,aug,54,7,0,unknown,no
23,management,single,tertiary,no,4,no,no,cellular,may,394,5,0,unknown,yes
43,technician,married,secondary,no,7971,yes,no,cellular,aug,208,2,0,unknown,no
25,technician,single,secondary,no,163,no,no,cellular,oct,216,1,0,unknown,yes
40,management,married,tertiary,no,1743,yes,no,cellular,mar,254,3,0,unknown,yes
33,blue-collar,single,secondary,no,58,no,no,unknown,jun,8,12,0,unknown,no
28,blue-collar,married,secondary,no,4205,no,no,cellular,apr,152,1,0,unknown,no
46,admin.,married,secondary,no,3757,no,no,cellular,apr,471,1,0,unknown,yes
61,unemployed,married,primary,no,88,no,no,cellular,jul,1188,1,1,other,yes
54,management,divorced,tertiary,no,3556,yes,no,cellular,aug,314,2,0,unknown,no
32,management,single,secondary,no,421,yes,no,unknown,may,402,2,0,unknown,no
39,technician,single,secondary,no,1114,no,no,cellular,nov,317,2,2,success,no
37,blue-collar,single,secondary,no,3779,no,no,unknown,nov,100,1,1,success,yes
32,unemployed,single,secondary,no,1035,yes,no,cellular,may,301,1,0,unknown,yes
46,technician,married,tertiary,no,-317,no,no,cellular,nov,547,1,1,failure,yes
59,retired,married,secondary,no,2113,no,no,cellular,jun,142,4,4,failure,no
41,blue-collar,married,primary,no,570,yes,no,unknown,may,239,2,0,unknown,no
32,management,single,tertiary,no,2612,yes,no,cellular,aug,980,6,0,unknown,yes
59,retired,married,primary,yes,49,no,no,cellular,aug,68,1,0,unknown,no
60,retired,married,secondary,no,63,no,no,cellular,jan,657,1,1,success,yes
34,services,married,secondary,no,2925,no,yes,cellular,jul,858,2,3,success,yes
31,technician,single,tertiary,no,-69,no,no,cellular,jan,101,2,0,unknown,no
37,blue-collar,married,secondary,no,123,yes,no,unknown,may,179,1,0,unknown,no
35,technician,single,secondary,yes,-39,no,no,cellular,aug,641,2,0,unknown,yes
55,admin.,married,secondary,no,-141,no,no,cellular,aug,95,1,0,unknown,no
26,student,single,secondary,no,95,no,no,cellular,feb,209,1,2,success,yes
29,blue-collar,single,secondary,no,549,yes,no,unknown,may,118,2,0,unknown,no
34,management,married,tertiary,no,12,no,no,cellular,aug,183,4,0,unknown,no
34,technician,married,tertiary,no,1492,yes,no,cellular,jun,442,1,1,other,yes
27,management,single,tertiary,no,1163,yes,no,cellular,may,29,1,0,unknown,no
58,self-employed,married,primary,no,1086,yes,no,cellular,aug,196,1,1,failure,yes
32,technician,single,tertiary,no,680,no,no,cellular,jun,526,1,0,unknown,yes
34,services,single,tertiary,no,173,no,no,unknown,may,76,1,0,unknown,no
29,technician,single,tertiary,no,2443,yes,no,cellular,mar,349,1,5,failure,yes
49,blue-collar,married,primary,no,139,yes,yes,cellular,may,346,1,2,failure,yes
31,management,single,tertiary,no,167,yes,yes,cellular,may,102,3,3,failure,no
27,management,single,tertiary,no,119,yes,no,cellular,jul,531,1,0,unknown,yes
38,management,married,tertiary,no,1542,yes,no,cellular,apr,98,1,5,failure,no
44,entrepreneur,married,secondary,no,674,yes,yes,cellular,may,94,2,5,failure,no
30,student,single,tertiary,no,3015,no,no,cellular,jul,244,1,1,failure,yes
34,admin.,single,secondary,no,628,no,no,cellular,nov,188,3,0,unknown,no
34,management,divorced,tertiary,no,763,yes,yes,cellular,aug,227,5,0,unknown,no
59,retired,divorced,secondary,no,1088,no,no,unknown,nov,659,1,0,unknown,yes
55,management,married,tertiary,no,1892,no,no,cellular,may,162,3,10,success,yes
32,management,married,tertiary,no,-361,yes,no,unknown,may,237,1,0,unknown,no
54,retired,married,secondary,no,627,no,yes,cellular,jul,87,3,0,unknown,no
56,retired,divorced,primary,no,120,no,yes,cellular,jul,1418,17,0,unknown,yes
25,entrepreneur,single,tertiary,no,717,no,no,cellular,aug,256,1,0,unknown,yes
43,admin.,divorced,tertiary,no,440,yes,no,cellular,mar,258,2,0,unknown,yes
29,management,married,tertiary,no,708,yes,no,unknown,jun,592,11,0,unknown,no
33,technician,single,secondary,no,470,no,no,cellular,aug,584,3,0,unknown,yes
31,blue-collar,married,secondary,no,-244,yes,no,unknown,may,118,1,0,unknown,no
54,blue-collar,divorced,primary,no,368,yes,no,unknown,jun,77,5,0,unknown,no
37,admin.,single,secondary,no,4991,no,no,cellular,jan,423,2,0,unknown,yes
41,admin.,married,primary,no,153,yes,yes,cellular,nov,833,1,0,unknown,yes
31,management,single,secondary,no,557,yes,no,cellular,may,324,1,0,unknown,yes
37,management,married,tertiary,no,-84,no,no,cellular,aug,250,6,4,success,yes
56,retired,divorced,primary,no,178,yes,no,cellular,may,146,2,0,unknown,no
27,admin.,single,secondary,no,4584,no,no,telephone,nov,412,4,1,other,yes
41,blue-collar,married,secondary,no,70,no,no,unknown,jun,37,1,0,unknown,no
51,blue-collar,married,primary,no,1863,no,no,unknown,jun,52,3,0,unknown,no
35,blue-collar,married,primary,no,27,yes,no,unknown,may,589,2,0,unknown,no
44,blue-collar,married,secondary,no,364,yes,no,unknown,may,742,4,0,unknown,yes
37,blue-collar,divorced,secondary,no,851,yes,yes,cellular,apr,180,3,0,unknown,no
24,housemaid,married,tertiary,no,16,yes,no,cellular,may,1423,2,0,unknown,yes
35,management,married,tertiary,no,443,no,no,cellular,apr,248,1,1,failure,yes
51,unemployed,divorced,tertiary,no,205,no,no,cellular,jul,554,2,0,unknown,yes
55,admin.,married,secondary,no,20,yes,no,cellular,nov,190,1,0,unknown,yes
42,self-employed,married,secondary,no,-299,no,no,cellular,aug,263,4,0,unknown,no
29,technician,married,tertiary,no,-640,no,yes,unknown,jun,122,4,0,unknown,no
37,self-employed,single,tertiary,no,289,no,no,telephone,jun,1622,10,0,unknown,yes
30,management,married,tertiary,no,6078,no,no,cellular,jul,545,2,9,failure,yes
57,retired,married,secondary,no,265,no,no,cellular,aug,334,1,0,unknown,yes
50,management,married,tertiary,no,6641,yes,no,cellular,jul,54,3,0,unknown,no
32,management,married,tertiary,no,2452,yes,no,cellular,may,71,2,0,unknown,no
32,student,single,tertiary,no,4891,no,no,cellular,jun,138,3,0,unknown,no
48,blue-collar,married,primary,no,6338,yes,no,cellular,may,567,1,0,unknown,no
46,blue-collar,married,secondary,no,10202,no,no,cellular,sep,201,1,2,success,yes
34,management,single,tertiary,no,310,yes,no,unknown,may,102,3,0,unknown,no
26,admin.,single,tertiary,no,3732,yes,no,cellular,mar,73,1,4,other,no
44,blue-collar,married,secondary,no,670,yes,no,unknown,jun,267,3,0,unknown,no
34,blue-collar,single,primary,no,-94,yes,no,cellular,apr,250,1,0,unknown,no
41,entrepreneur,married,primary,no,262,no,no,cellular,jul,429,2,1,other,yes
21,student,single,secondary,no,4205,no,no,cellular,apr,198,1,0,unknown,yes
40,management,married,tertiary,no,-98,yes,no,unknown,may,166,1,0,unknown,no
30,management,single,tertiary,no,-40,yes,no,cellular,apr,96,2,2,other,no
38,unemployed,married,primary,no,7067,yes,no,cellular,jul,413,2,3,success,yes
49,unemployed,divorced,secondary,no,168,no,no,cellular,nov,611,1,1,success,yes
31,technician,married,tertiary,no,700,yes,no,cellular,may,353,4,0,unknown,yes
35,services,single,secondary,no,523,no,no,cellular,jul,1321,3,0,unknown,yes
29,services,single,secondary,no,4945,yes,no,unknown,may,1317,3,0,unknown,yes
26,housemaid,married,primary,yes,-408,no,no,cellular,jul,148,4,0,unknown,no
54,management,single,secondary,no,330,yes,no,unknown,may,322,2,0,unknown,no
27,admin.,married,secondary,no,-162,yes,no,cellular,feb,62,3,0,unknown,no
32,self-employed,single,tertiary,no,1163,yes,no,cellular,nov,472,1,0,unknown,yes
56,blue-collar,married,primary,no,8468,no,no,unknown,jun,10,11,0,unknown,no
55,management,divorced,tertiary,no,2206,no,no,cellular,jun,583,2,0,unknown,yes
46,management,divorced,tertiary,no,368,no,no,cellular,dec,348,2,0,unknown,yes
41,management,single,tertiary,no,1470,no,no,cellular,may,325,1,3,failure,no
32,technician,married,secondary,no,1591,yes,no,cellular,may,524,3,0,unknown,yes
35,blue-collar,married,secondary,no,657,yes,yes,unknown,may,1334,3,0,unknown,yes
45,entrepreneur,married,tertiary,no,-83,no,no,unknown,may,144,8,0,unknown,no
41,management,married,secondary,no,427,yes,no,cellular,jun,78,1,2,success,no
42,technician,married,secondary,no,3150,no,no,cellular,sep,308,1,0,unknown,yes
40,services,married,secondary,no,775,yes,yes,cellular,may,30,5,0,unknown,no
49,unknown,married,primary,no,63,yes,yes,unknown,may,501,2,0,unknown,yes
53,management,married,tertiary,no,532,no,yes,cellular,feb,57,1,6,other,no
44,technician,single,secondary,no,82,yes,no,unknown,may,145,1,0,unknown,no
42,blue-collar,married,primary,no,-96,yes,no,cellular,apr,343,1,3,failure,no
27,services,single,secondary,no,757,yes,no,cellular,jul,823,2,0,unknown,yes
42,services,married,secondary,no,209,yes,no,unknown,may,85,1,0,unknown,no
33,admin.,married,tertiary,no,117,yes,no,cellular,oct,77,1,2,failure,no
31,admin.,divorced,secondary,no,-318,yes,yes,unknown,may,137,3,0,unknown,no
42,unknown,single,tertiary,no,1607,no,no,cellular,jul,275,2,0,unknown,no
41,blue-collar,married,secondary,no,520,yes,yes,cellular,nov,1267,2,2,other,yes
41,blue-collar,single,tertiary,no,-23,no,no,cellular,jun,545,1,0,unknown,yes
33,management,married,tertiary,no,417,yes,yes,unknown,may,128,10,0,unknown,no
37,management,married,tertiary,no,-606,yes,no,cellular,feb,92,2,0,unknown,no
44,self-employed,divorced,secondary,no,378,no,no,cellular,nov,1484,3,0,unknown,yes
32,student,single,tertiary,no,1461,no,no,cellular,may,210,3,3,success,yes
87,retired,divorced,primary,no,6684,no,no,telephone,oct,747,1,0,unknown,yes
37,services,single,tertiary,no,353,yes,no,unknown,may,32,1,0,unknown,no
37,blue-collar,married,secondary,no,558,yes,no,cellular,apr,182,1,0,unknown,no
53,housemaid,married,primary,no,323,yes,no,cellular,jul,127,2,0,unknown,no
47,technician,married,secondary,no,500,no,no,telephone,jan,53,3,13,failure,no
36,student,single,tertiary,no,179,no,no,cellular,jan,915,1,1,success,yes
25,services,single,secondary,no,447,no,no,cellular,aug,99,2,3,other,no
54,technician,married,secondary,no,66,no,no,cellular,jul,452,3,0,unknown,yes
27,technician,married,secondary,no,533,no,yes,unknown,feb,893,1,0,unknown,no
42,management,married,tertiary,no,2616,yes,no,cellular,jun,284,2,11,failure,yes
47,housemaid,married,secondary,no,-167,no,no,cellular,may,164,3,1,success,yes
32,student,married,secondary,no,1620,no,no,cellular,aug,293,2,4,success,yes
59,admin.,married,secondary,no,-80,yes,no,cellular,jul,1001,1,0,unknown,yes
34,blue-collar,married,primary,no,3673,yes,no,cellular,may,138,1,1,failure,no
26,admin.,single,secondary,no,690,yes,no,unknown,may,220,1,0,unknown,no
59,services,divorced,secondary,no,528,no,no,cellular,nov,496,1,1,success,yes
30,admin.,single,secondary,no,678,no,no,cellular,apr,117,3,0,unknown,yes
59,management,divorced,tertiary,no,1283,no,no,unknown,jun,213,1,0,unknown,no
43,blue-collar,married,secondary,no,663,yes,yes,unknown,may,147,1,0,unknown,no
57,blue-collar,married,unknown,no,836,yes,no,unknown,may,223,2,0,unknown,no
43,management,married,tertiary,no,-278,yes,no,cellular,may,230,3,5,failure,no
62,retired,married,secondary,no,1462,no,no,cellular,oct,916,1,2,success,yes
57,retired,married,secondary,no,3359,yes,no,cellular,jul,200,2,8,failure,yes
34,services,single,tertiary,no,3129,no,no,cellular,oct,314,1,0,unknown,yes
30,technician,single,secondary,no,-14,yes,no,cellular,jan,116,2,0,unknown,no
33,management,single,tertiary,no,6620,no,no,cellular,apr,171,1,0,unknown,yes
43,technician,married,tertiary,no,2790,no,no,cellular,aug,163,3,5,success,yes
55,services,divorced,secondary,no,2176,yes,no,unknown,may,21,17,0,unknown,no
37,entrepreneur,married,secondary,no,-5,yes,no,unknown,may,27,1,0,unknown,no
51,management,married,tertiary,no,-971,yes,no,cellular,feb,495,1,0,unknown,yes
33,management,married,tertiary,no,1296,no,no,cellular,nov,131,1,5,failure,yes
41,retired,divorced,primary,no,-93,yes,no,unknown,may,1165,2,0,unknown,yes
43,blue-collar,divorced,primary,no,-21,yes,no,unknown,may,232,2,0,unknown,no
27,student,single,tertiary,no,3683,yes,no,telephone,feb,285,6,0,unknown,yes
25,blue-collar,married,secondary,no,652,yes,no,unknown,may,923,3,0,unknown,yes
38,blue-collar,married,primary,no,143,yes,no,cellular,apr,231,2,0,unknown,no
46,management,divorced,tertiary,no,890,no,yes,cellular,jul,705,1,0,unknown,yes
50,services,married,secondary,no,276,no,no,telephone,dec,316,3,4,success,yes
38,unemployed,divorced,secondary,no,271,yes,no,unknown,may,106,1,2,other,yes
58,admin.,married,unknown,no,1914,no,no,cellular,aug,632,1,2,failure,yes
26,student,single,secondary,no,2308,no,no,cellular,feb,212,7,0,unknown,yes
48,unemployed,married,secondary,no,978,yes,no,unknown,may,243,2,0,unknown,no
37,blue-collar,divorced,secondary,no,131,yes,no,unknown,may,634,2,0,unknown,yes
49,technician,married,primary,no,274,yes,no,unknown,may,82,1,0,unknown,no
35,housemaid,married,tertiary,no,3031,no,no,cellular,jan,30,1,0,unknown,no
44,technician,married,secondary,no,-625,yes,yes,cellular,jul,740,3,0,unknown,yes
27,blue-collar,single,secondary,no,-424,yes,no,cellular,sep,182,1,14,success,yes
31,blue-collar,married,secondary,no,1199,yes,yes,cellular,nov,192,1,5,failure,no
35,technician,married,secondary,no,665,no,no,cellular,jul,264,3,1,success,yes
52,blue-collar,married,secondary,no,625,no,no,cellular,may,456,1,0,unknown,no
25,student,single,secondary,no,1491,no,no,cellular,oct,176,1,2,success,yes
30,technician,single,tertiary,no,3241,yes,no,unknown,may,1215,3,0,unknown,yes
31,self-employed,single,tertiary,no,17875,yes,no,cellular,nov,607,3,0,unknown,no
37,technician,single,tertiary,no,-170,no,no,unknown,jul,1124,2,0,unknown,yes
36,self-employed,married,secondary,no,2310,no,no,cellular,aug,152,8,0,unknown,no
49,management,married,tertiary,yes,-6847,no,yes,cellular,jul,205,1,0,unknown,no
50,blue-collar,divorced,secondary,no,209,yes,yes,unknown,may,424,1,0,unknown,no
27,technician,single,secondary,no,5845,no,yes,cellular,jun,265,2,2,success,no
34,management,single,tertiary,no,1264,yes,no,cellular,apr,611,3,1,failure,yes
35,management,married,tertiary,no,943,yes,no,unknown,jun,209,3,0,unknown,yes
58,retired,married,secondary,no,25985,no,no,cellular,aug,286,2,0,unknown,no
35,management,married,tertiary,no,2916,yes,yes,cellular,aug,745,3,0,unknown,yes
34,services,single,secondary,no,215,yes,no,cellular,jul,645,3,0,unknown,no
57,blue-collar,single,primary,no,3503,no,yes,cellular,nov,375,3,0,unknown,no
58,retired,divorced,secondary,no,5797,no,no,cellular,may,1074,2,0,unknown,yes
41,technician,single,secondary,no,-179,yes,no,cellular,may,155,1,0,unknown,no
52,unemployed,married,secondary,no,5066,no,no,cellular,may,293,1,0,unknown,no
65,management,divorced,tertiary,no,-45,yes,no,cellular,apr,433,1,0,unknown,yes
36,technician,married,secondary,no,12,no,no,unknown,jun,445,1,0,unknown,no
40,services,married,secondary,no,73,yes,no,unknown,may,185,3,0,unknown,no
62,blue-collar,married,secondary,no,548,no,no,cellular,apr,384,2,0,unknown,yes
35,blue-collar,married,secondary,no,509,yes,no,cellular,apr,237,3,0,unknown,no
44,technician,married,tertiary,no,863,no,no,cellular,jul,152,2,0,unknown,no
52,management,married,tertiary,no,387,no,no,cellular,aug,104,4,0,unknown,no
72,retired,married,secondary,no,1000,no,yes,cellular,mar,239,3,1,failure,yes
27,admin.,married,tertiary,no,192,no,no,cellular,feb,170,1,0,unknown,yes
47,entrepreneur,married,secondary,no,144,no,no,cellular,aug,276,2,0,unknown,no
42,technician,single,secondary,no,1559,yes,no,unknown,may,1816,6,0,unknown,yes
70,retired,married,primary,no,2334,no,no,cellular,feb,678,1,5,failure,yes
59,management,divorced,tertiary,no,692,yes,no,cellular,apr,210,4,0,unknown,no
58,retired,married,primary,no,5134,no,no,unknown,jun,208,6,0,unknown,no
35,management,married,tertiary,no,909,yes,no,unknown,jun,241,3,0,unknown,yes
39,technician,single,tertiary,no,1217,no,no,cellular,apr,816,1,0,unknown,yes
33,management,married,tertiary,no,665,no,yes,cellular,jul,22,2,0,unknown,no
34,management,married,tertiary,no,-176,yes,yes,cellular,jul,73,4,0,unknown,no
34,management,single,tertiary,yes,582,no,no,cellular,aug,202,3,0,unknown,no
32,self-employed,single,tertiary,no,18164,yes,no,cellular,nov,621,3,0,unknown,no
52,technician,single,secondary,no,-129,yes,no,unknown,may,336,1,0,unknown,no
24,blue-collar,single,primary,no,-43,yes,no,telephone,may,61,2,0,unknown,no
47,blue-collar,married,secondary,no,2503,yes,no,cellular,may,569,1,1,other,no
56,services,divorced,secondary,no,329,no,no,unknown,jun,42,1,0,unknown,no
51,blue-collar,married,primary,no,1055,yes,no,cellular,aug,41,2,0,unknown,no
70,retired,married,tertiary,no,-200,no,no,cellular,sep,1090,2,2,other,yes
37,technician,single,secondary,yes,-293,yes,no,cellular,apr,1068,1,0,unknown,yes
49,self-employed,married,tertiary,no,-177,yes,yes,cellular,nov,229,1,0,unknown,no
33,technician,married,tertiary,no,1769,no,no,cellular,nov,175,2,1,success,yes
59,retired,divorced,primary,no,98,yes,no,unknown,may,134,1,0,unknown,no
36,technician,single,secondary,no,712,no,no,cellular,aug,298,3,0,unknown,no
44,housemaid,married,primary,yes,-937,yes,yes,unknown,may,112,2,0,unknown,no
56,management,married,tertiary,no,76,no,no,cellular,nov,832,2,0,unknown,no
34,unemployed,married,secondary,no,1963,no,no,unknown,jun,461,2,0,unknown,no
38,management,married,tertiary,no,4,yes,no,cellular,apr,542,1,2,other,yes
47,technician,divorced,secondary,no,51,no,no,cellular,aug,255,4,0,unknown,no
39,blue-collar,divorced,secondary,no,-160,yes,no,telephone,apr,133,1,5,success,yes
46,management,married,tertiary,no,1334,no,no,cellular,jun,642,1,1,failure,yes
51,admin.,divorced,secondary,no,285,no,yes,telephone,nov,185,1,0,unknown,yes
43,admin.,married,secondary,no,600,no,no,unknown,jun,400,1,0,unknown,no
34,self-employed,single,secondary,no,1314,yes,no,cellular,apr,176,2,0,unknown,no
36,admin.,married,unknown,no,885,no,no,cellular,jan,602,2,0,unknown,yes
31,technician,single,secondary,no,199,no,no,cellular,aug,578,4,0,unknown,yes
43,blue-collar,married,secondary,no,591,yes,yes,unknown,may,158,1,0,unknown,no
33,technician,divorced,secondary,no,746,no,no,cellular,aug,354,5,0,unknown,yes
54,housemaid,married,primary,no,12,no,no,cellular,aug,180,4,0,unknown,no
43,blue-collar,divorced,secondary,no,-413,yes,no,unknown,may,116,3,0,unknown,no
46,blue-collar,married,primary,no,-683,yes,no,cellular,jul,69,2,0,unknown,no
37,management,divorced,tertiary,no,1302,yes,yes,cellular,may,109,1,0,unknown,no
38,management,single,tertiary,no,119,yes,no,cellular,nov,249,1,1,failure,no
52,blue-collar,divorced,primary,no,193,yes,no,unknown,may,108,3,0,unknown,no
54,admin.,married,primary,no,1123,yes,no,unknown,jun,148,3,0,unknown,no
25,student,single,secondary,no,200,no,no,cellular,feb,208,1,2,success,yes
57,blue-collar,married,secondary,no,6153,yes,no,cellular,aug,168,6,0,unknown,no
55,self-employed,married,secondary,no,229,yes,no,telephone,jul,237,8,0,unknown,no
27,unemployed,single,tertiary,no,-88,no,no,cellular,apr,179,1,0,unknown,yes
30,management,single,tertiary,no,101,yes,no,cellular,aug,123,4,0,unknown,no
59,blue-collar,married,primary,no,244,yes,no,unknown,may,665,1,0,unknown,yes
36,admin.,single,secondary,no,2491,yes,no,cellular,apr,356,1,0,unknown,no
37,technician,single,tertiary,no,83,no,no,unknown,may,426,2,0,unknown,no
53,admin.,married,tertiary,no,98,yes,no,cellular,jul,267,1,0,unknown,no
32,services,single,secondary,no,2908,no,no,cellular,may,266,1,1,success,yes
73,retired,divorced,primary,no,2466,no,no,telephone,mar,121,2,0,unknown,yes
41,management,married,tertiary,no,-518,yes,no,cellular,jan,90,1,5,other,no
28,blue-collar,single,tertiary,no,518,no,no,cellular,nov,262,2,1,success,yes
22,technician,single,secondary,no,487,yes,no,cellular,sep,180,1,2,success,yes
53,management,divorced,tertiary,no,1816,no,no,cellular,jun,218,2,0,unknown,yes
35,admin.,married,secondary,no,778,no,yes,unknown,jul,96,4,0,unknown,no
43,management,single,tertiary,no,1874,yes,no,cellular,aug,230,1,3,failure,yes
31,blue-collar,single,secondary,no,561,no,yes,cellular,nov,250,2,0,unknown,no
36,entrepreneur,married,primary,no,129,yes,no,unknown,may,56,5,0,unknown,no
38,services,married,secondary,no,176,yes,no,cellular,apr,76,1,1,failure,no
55,technician,divorced,secondary,no,3628,no,no,cellular,feb,155,1,1,failure,yes
36,blue-collar,single,secondary,no,-35,yes,no,cellular,feb,224,3,1,other,no
59,admin.,married,unknown,no,725,no,no,cellular,jul,149,2,8,failure,yes
48,management,married,tertiary,no,652,no,no,cellular,jun,168,1,0,unknown,yes
40,management,single,secondary,no,10253,yes,no,cellular,nov,538,3,0,unknown,no
40,services,married,secondary,no,-37,yes,no,cellular,may,1063,2,0,unknown,yes
52,admin.,married,primary,no,685,no,yes,cellular,aug,107,2,0,unknown,no
49,blue-collar,divorced,primary,no,111,yes,yes,unknown,may,383,1,0,unknown,no
32,blue-collar,single,secondary,yes,-546,yes,no,unknown,jun,169,9,0,unknown,no
24,technician,single,secondary,no,-239,yes,no,cellular,may,775,1,0,unknown,yes
58,management,divorced,tertiary,no,102,yes,no,unknown,jun,122,4,0,unknown,no
34,management,single,tertiary,no,2689,yes,no,cellular,nov,655,6,0,unknown,yes
53,technician,married,secondary,no,6413,no,no,cellular,may,1141,2,0,unknown,yes
57,housemaid,divorced,primary,no,8232,no,no,cellular,nov,426,3,0,unknown,no
30,technician,single,tertiary,no,693,no,no,cellular,apr,203,1,2,success,yes
36,technician,married,secondary,no,418,yes,yes,unknown,may,1588,2,0,unknown,yes
21,student,single,secondary,no,360,no,no,cellular,apr,862,1,0,unknown,yes
34,technician,married,secondary,no,89,no,no,cellular,aug,138,6,0,unknown,no
40,services,married,secondary,no,1150,no,no,cellular,jul,261,1,0,unknown,no
34,admin.,married,secondary,no,462,no,no,cellular,feb,704,2,0,unknown,yes
39,blue-collar,single,secondary,no,480,yes,no,unknown,may,46,4,0,unknown,no
30,management,single,tertiary,no,13737,no,no,cellular,sep,387,1,0,unknown,no
35,unemployed,single,tertiary,no,422,no,no,cellular,feb,668,1,1,failure,yes
59,housemaid,married,primary,no,223,no,no,telephone,jul,202,3,0,unknown,no
39,blue-collar,married,primary,no,161,yes,no,unknown,may,208,3,0,unknown,no
35,management,single,tertiary,no,324,yes,no,cellular,apr,242,3,0,unknown,yes
48,housemaid,married,primary,no,82,no,no,telephone,jul,155,1,0,unknown,no
39,technician,single,tertiary,no,-8,yes,no,cellular,jun,259,2,0,unknown,yes
42,management,divorced,tertiary,no,3476,no,no,cellular,jun,102,2,3,failure,yes
32,management,married,tertiary,no,305,no,yes,cellular,aug,127,2,0,unknown,no
34,management,married,tertiary,no,101,no,yes,cellular,jul,1628,5,0,unknown,yes
40,unemployed,married,secondary,no,433,yes,no,unknown,may,355,1,0,unknown,no
39,services,single,secondary,no,378,yes,no,cellular,may,24,1,1,failure,no
29,management,single,tertiary,no,213,yes,no,cellular,apr,82,2,3,failure,yes
41,blue-collar,married,secondary,no,153,yes,no,unknown,may,330,2,0,unknown,no
47,technician,married,secondary,no,-21,yes,yes,cellular,may,655,3,0,unknown,yes
31,management,married,tertiary,no,43,no,no,cellular,jan,306,1,0,unknown,no
52,entrepreneur,single,tertiary,no,-69,no,no,cellular,jan,640,1,0,unknown,no
43,management,married,tertiary,no,-39,yes,no,cellular,may,243,3,5,failure,no
46,blue-collar,married,secondary,no,587,yes,no,cellular,sep,109,2,2,failure,yes
33,admin.,married,secondary,no,1922,yes,no,unknown,may,175,2,0,unknown,no
44,services,single,secondary,no,359,yes,no,unknown,may,186,1,0,unknown,no
30,services,married,secondary,no,172,yes,no,unknown,may,222,1,0,unknown,no
51,management,single,unknown,no,1274,no,no,cellular,feb,147,5,1,failure,no
28,blue-collar,married,secondary,no,626,yes,yes,unknown,jun,260,5,0,unknown,no
36,management,single,tertiary,no,1947,no,no,cellular,mar,136,1,0,unknown,yes
44,blue-collar,divorced,secondary,no,-494,yes,no,unknown,may,125,3,0,unknown,no
38,technician,single,secondary,no,88,yes,no,cellular,apr,519,1,0,unknown,yes
61,retired,married,secondary,no,1715,no,no,cellular,feb,288,1,0,unknown,yes
38,blue-collar,single,primary,no,9,yes,no,cellular,may,356,2,0,unknown,no
36,blue-collar,married,primary,no,1103,no,no,cellular,apr,357,1,4,success,yes
55,retired,married,primary,no,3997,no,no,cellular,nov,78,1,0,unknown,no
48,services,married,secondary,no,2698,yes,no,cellular,may,174,2,1,failure,no
27,technician,single,secondary,no,143,no,no,cellular,feb,161,1,0,unknown,no
44,admin.,married,tertiary,no,410,yes,yes,cellular,feb,198,2,0,unknown,yes
43,entrepreneur,married,tertiary,no,13304,yes,no,cellular,nov,468,1,0,unknown,no
36,blue-collar,married,secondary,no,763,no,no,cellular,apr,224,3,0,unknown,no
23,student,single,primary,no,3382,no,no,cellular,oct,295,1,3,failure,yes
43,services,divorced,secondary,no,1111,yes,no,unknown,may,564,3,0,unknown,yes
39,student,divorced,tertiary,no,3013,no,no,cellular,jun,620,3,0,unknown,yes
60,management,married,secondary,no,1305,no,no,unknown,jun,3881,3,0,unknown,yes
50,technician,single,secondary,no,9459,yes,no,cellular,aug,565,1,5,failure,yes
60,management,married,tertiary,no,3503,no,no,cellular,mar,474,2,6,other,yes
47,admin.,married,tertiary,no,2520,no,no,cellular,sep,273,1,8,success,yes
40,management,married,tertiary,no,-15,no,no,cellular,feb,115,3,0,unknown,no
49,self-employed,married,secondary,no,-245,yes,yes,cellular,jan,382,1,0,unknown,no
43,admin.,single,secondary,no,4291,yes,no,cellular,may,140,1,0,unknown,no
32,entrepreneur,married,secondary,no,84,yes,yes,cellular,jan,174,3,9,failure,no
33,admin.,married,secondary,no,23,yes,no,cellular,may,71,1,1,failure,no
36,management,single,tertiary,no,1172,no,no,cellular,nov,709,2,12,failure,yes
48,housemaid,married,secondary,no,-2,no,no,cellular,may,312,5,0,unknown,yes
48,services,married,unknown,no,4769,yes,no,unknown,may,152,5,0,unknown,no
31,management,married,tertiary,no,2111,yes,no,cellular,aug,239,6,0,unknown,no
42,technician,married,secondary,no,2053,no,no,cellular,sep,425,1,3,failure,yes
45,management,divorced,tertiary,no,2516,yes,no,cellular,may,29,1,0,unknown,no
49,housemaid,married,secondary,no,605,no,no,cellular,jun,139,2,2,success,no
41,services,married,secondary,no,2086,yes,no,unknown,may,115,4,0,unknown,no
52,blue-collar,divorced,primary,no,2675,no,no,unknown,jun,165,1,0,unknown,no
90,retired,divorced,secondary,no,204,no,no,cellular,feb,109,3,0,unknown,yes
29,unemployed,single,tertiary,no,110,yes,no,cellular,may,171,1,0,unknown,no
48,management,married,unknown,no,-73,yes,no,cellular,may,610,1,1,other,no
48,management,single,tertiary,no,343,no,no,cellular,jun,284,3,6,other,yes
51,entrepreneur,married,primary,no,1144,yes,no,cellular,aug,139,4,0,unknown,no
34,student,single,unknown,no,1016,no,no,cellular,jun,258,1,0,unknown,yes
52,unemployed,married,tertiary,no,2419,no,yes,cellular,jul,113,1,0,unknown,no
48,entrepreneur,married,tertiary,no,349,yes,no,cellular,nov,53,2,2,failure,no
45,management,divorced,tertiary,no,83,no,yes,cellular,aug,52,6,0,unknown,no
31,management,single,tertiary,no,-200,no,no,cellular,aug,123,6,0,unknown,no
31,management,single,tertiary,no,3217,no,no,cellular,feb,297,1,1,failure,yes
41,housemaid,married,secondary,no,874,no,no,cellular,aug,193,1,0,unknown,no
36,admin.,married,secondary,no,249,no,no,cellular,aug,121,1,2,success,yes
33,admin.,single,secondary,no,442,no,no,cellular,feb,115,2,0,unknown,yes
33,management,married,tertiary,no,1686,no,no,cellular,aug,458,1,2,failure,yes
51,management,married,tertiary,no,-214,yes,no,cellular,nov,69,2,0,unknown,no
31,unemployed,single,tertiary,no,1285,yes,no,cellular,feb,694,1,0,unknown,no
33,technician,single,secondary,no,658,yes,no,cellular,may,158,5,1,failure,no
32,technician,single,tertiary,no,722,no,no,cellular,nov,223,3,0,unknown,no
31,admin.,single,secondary,no,-190,no,no,cellular,jan,291,1,5,other,no
57,admin.,married,secondary,no,6354,yes,no,cellular,may,670,1,6,failure,yes
35,technician,single,tertiary,no,5138,no,no,cellular,nov,949,2,0,unknown,yes
32,technician,married,tertiary,no,1821,no,no,cellular,nov,224,2,1,success,yes
42,admin.,single,secondary,no,56707,no,no,unknown,may,251,1,0,unknown,no
35,unemployed,single,secondary,no,33,no,no,cellular,jan,412,1,0,unknown,yes
61,blue-collar,married,primary,no,205,no,no,cellular,jan,519,1,1,success,yes
32,admin.,married,secondary,no,227,yes,no,cellular,may,585,3,0,unknown,yes
63,entrepreneur,married,tertiary,no,2736,no,no,telephone,nov,52,4,0,unknown,no
39,management,married,unknown,no,3600,no,no,cellular,nov,392,2,1,success,yes
59,management,married,tertiary,no,1396,yes,no,cellular,mar,360,1,0,unknown,yes
34,management,married,tertiary,no,4898,yes,no,cellular,nov,290,1,2,failure,no
36,services,married,secondary,no,23,no,no,cellular,aug,341,1,0,unknown,yes
38,admin.,married,secondary,no,1827,no,no,unknown,may,74,2,0,unknown,no
53,management,married,secondary,no,112,yes,no,cellular,apr,98,1,0,unknown,no
33,blue-collar,single,secondary,no,931,yes,yes,unknown,may,66,2,0,unknown,no
54,blue-collar,divorced,unknown,no,-357,yes,no,cellular,may,233,1,2,failure,no
42,blue-collar,married,secondary,no,532,yes,no,cellular,may,355,1,1,failure,yes
39,management,married,tertiary,no,618,no,no,cellular,aug,99,14,0,unknown,no
40,services,married,secondary,no,-73,yes,no,cellular,nov,43,1,2,failure,no
32,entrepreneur,divorced,secondary,no,-821,yes,no,cellular,nov,48,1,0,unknown,no
32,student,single,secondary,no,1,no,no,cellular,aug,138,3,1,other,no
60,technician,single,primary,no,11536,no,no,cellular,aug,294,1,0,unknown,yes
57,technician,married,secondary,no,839,yes,no,cellular,jul,1275,1,0,unknown,no
55,technician,married,secondary,no,410,yes,no,unknown,oct,504,1,2,success,yes
40,services,married,secondary,no,262,yes,no,unknown,may,346,1,0,unknown,no
39,management,married,tertiary,no,577,no,no,cellular,sep,291,2,0,unknown,no
30,management,single,tertiary,no,945,yes,no,cellular,mar,225,1,2,success,yes
40,management,married,secondary,no,291,no,no,unknown,jun,666,2,0,unknown,yes
28,self-employed,married,secondary,no,213,no,yes,cellular,oct,255,1,3,success,yes
27,self-employed,single,tertiary,no,263,yes,no,unknown,may,477,2,0,unknown,no
29,management,single,tertiary,no,3167,yes,no,cellular,may,608,3,0,unknown,yes
26,management,single,tertiary,no,1549,no,no,cellular,apr,328,1,1,other,yes
52,technician,married,secondary,no,1503,no,yes,unknown,jun,417,4,0,unknown,no
44,management,married,tertiary,no,433,no,no,cellular,mar,2311,5,0,unknown,yes
43,admin.,single,secondary,no,56776,no,no,unknown,may,240,1,0,unknown,no
53,management,divorced,tertiary,no,452,no,yes,cellular,jun,424,2,0,unknown,yes
25,student,single,unknown,no,1,no,no,cellular,may,281,2,0,unknown,yes
31,admin.,single,secondary,no,427,yes,no,cellular,may,232,2,1,failure,no
48,admin.,married,secondary,no,546,no,no,cellular,may,411,1,6,success,yes
46,blue-collar,married,secondary,no,837,no,yes,cellular,aug,596,6,0,unknown,yes
28,unemployed,single,tertiary,no,225,yes,no,cellular,jul,1589,6,0,unknown,yes
32,blue-collar,married,primary,no,-41,yes,yes,unknown,may,51,4,0,unknown,no
30,admin.,married,tertiary,no,4531,no,no,cellular,jun,213,1,0,unknown,no
30,technician,married,tertiary,no,-817,no,yes,unknown,jun,119,4,0,unknown,no
26,services,single,unknown,no,2137,no,no,cellular,jul,311,8,12,other,yes
35,unemployed,married,secondary,no,841,no,no,cellular,nov,556,3,0,unknown,no
68,retired,married,tertiary,no,2879,no,no,cellular,aug,395,4,3,success,yes
35,services,divorced,secondary,no,-134,no,no,cellular,jul,231,1,0,unknown,no
74,retired,married,primary,no,273,no,no,cellular,apr,365,1,0,unknown,yes
32,blue-collar,married,secondary,yes,-481,yes,no,unknown,may,415,1,0,unknown,no
59,retired,divorced,tertiary,no,3180,no,no,telephone,oct,576,1,0,unknown,yes
33,blue-collar,single,secondary,no,60,no,no,unknown,jun,13,12,0,unknown,no
49,management,divorced,tertiary,no,-6,no,no,cellular,aug,168,2,0,unknown,no
51,management,single,tertiary,no,3839,no,no,unknown,oct,326,1,0,unknown,yes
39,management,single,tertiary,no,244,yes,yes,cellular,may,210,2,3,failure,no
24,blue-collar,single,secondary,no,411,yes,yes,cellular,may,497,1,0,unknown,yes
62,retired,married,tertiary,no,2655,yes,no,cellular,nov,425,1,8,success,yes
41,management,divorced,unknown,no,179,yes,no,cellular,jul,1498,1,0,unknown,yes
50,admin.,married,secondary,no,311,no,yes,cellular,jul,53,1,0,unknown,no
42,unemployed,divorced,secondary,no,322,yes,no,unknown,may,100,4,0,unknown,no
32,management,married,tertiary,no,473,no,no,cellular,apr,282,1,0,unknown,no
35,technician,single,primary,no,643,yes,no,cellular,apr,1092,1,0,unknown,no
45,management,single,tertiary,no,116,no,no,cellular,aug,693,2,0,unknown,yes
49,services,married,tertiary,no,561,no,no,telephone,may,11,6,0,unknown,no
45,blue-collar,married,secondary,no,6,yes,no,unknown,may,77,2,0,unknown,no
24,technician,single,secondary,no,-7,yes,yes,cellular,may,254,1,0,unknown,no
33,technician,married,secondary,no,287,yes,no,cellular,aug,113,7,0,unknown,no
46,self-employed,married,primary,no,3368,no,no,cellular,aug,88,8,0,unknown,no
42,services,married,primary,no,469,yes,no,unknown,may,355,2,0,unknown,no
50,entrepreneur,married,secondary,no,752,no,no,cellular,apr,189,1,0,unknown,no
37,technician,single,secondary,no,927,yes,no,cellular,aug,8,19,0,unknown,no
72,housemaid,divorced,primary,no,1437,no,no,cellular,nov,301,2,1,success,yes
35,technician,married,secondary,no,456,yes,no,cellular,jun,211,6,5,success,no
31,management,single,tertiary,no,720,no,no,cellular,feb,182,2,0,unknown,yes
39,management,single,tertiary,no,94,yes,no,unknown,may,497,9,0,unknown,no
29,technician,single,secondary,no,784,yes,no,unknown,nov,170,1,0,unknown,yes
29,management,single,tertiary,no,2659,no,no,cellular,aug,610,1,0,unknown,yes
39,management,married,tertiary,no,1444,no,yes,cellular,nov,149,1,0,unknown,no
43,blue-collar,married,primary,no,1705,yes,no,cellular,may,712,2,3,failure,yes
52,housemaid,married,primary,no,3407,no,no,unknown,jun,563,1,0,unknown,no
50,blue-collar,divorced,secondary,no,806,yes,yes,cellular,apr,161,1,0,unknown,no
46,services,married,secondary,no,506,no,no,telephone,jul,156,6,0,unknown,no
57,technician,married,secondary,no,-81,no,no,unknown,jun,558,3,0,unknown,no
55,technician,married,tertiary,no,138,no,no,cellular,aug,586,2,0,unknown,no
37,management,single,tertiary,no,-108,yes,no,cellular,mar,190,1,0,unknown,yes
48,services,married,primary,no,486,no,no,cellular,aug,610,2,0,unknown,no
40,unknown,single,unknown,no,186,no,no,telephone,jan,12,1,0,unknown,no
28,technician,single,secondary,no,-254,yes,no,cellular,mar,162,1,0,unknown,yes
54,retired,single,secondary,no,253,no,yes,cellular,jul,837,2,0,unknown,yes
55,management,married,tertiary,no,699,no,no,cellular,jul,167,6,0,unknown,no
34,blue-collar,single,secondary,no,201,no,no,cellular,jul,134,3,0,unknown,no
29,housemaid,single,tertiary,no,2219,no,no,cellular,aug,222,1,0,unknown,yes
36,management,single,tertiary,no,245,yes,no,cellular,jul,524,1,3,success,no
40,blue-collar,married,secondary,no,5214,no,no,unknown,nov,292,1,0,unknown,yes
37,student,single,secondary,no,125,no,no,cellular,apr,593,1,0,unknown,yes
39,management,married,tertiary,no,1088,no,no,cellular,apr,160,4,0,unknown,yes
25,admin.,single,secondary,no,-78,yes,no,unknown,may,156,2,0,unknown,no
38,unemployed,single,secondary,no,-319,yes,no,cellular,feb,339,1,0,unknown,yes
58,retired,married,secondary,no,5763,yes,no,unknown,may,119,1,0,unknown,no
27,management,single,tertiary,no,1789,no,no,cellular,jun,231,1,8,other,yes
41,unknown,married,unknown,no,751,no,no,cellular,jul,634,10,0,unknown,no
37,admin.,married,secondary,no,1993,no,no,cellular,may,241,1,1,success,yes
35,technician,single,secondary,no,1759,yes,no,unknown,may,130,1,0,unknown,no
37,admin.,married,primary,no,1416,no,no,unknown,jun,345,2,0,unknown,no
30,management,single,tertiary,no,750,no,no,cellular,dec,338,1,1,success,yes
52,management,married,tertiary,no,-2790,yes,yes,cellular,apr,265,1,0,unknown,no
35,management,single,tertiary,no,2475,yes,no,cellular,nov,693,6,0,unknown,yes
31,blue-collar,single,secondary,no,118,no,no,cellular,aug,729,1,4,other,yes
42,management,married,tertiary,no,-594,yes,yes,unknown,may,128,3,0,unknown,no
32,management,married,tertiary,no,1244,no,no,cellular,jul,267,1,0,unknown,yes
32,management,single,tertiary,no,12895,yes,no,telephone,may,496,4,2,success,yes
49,blue-collar,married,secondary,no,362,no,no,telephone,jul,253,2,0,unknown,no
26,technician,married,secondary,no,-74,yes,no,unknown,may,84,1,0,unknown,no
36,self-employed,single,tertiary,no,173,no,no,cellular,feb,348,1,1,success,yes
27,blue-collar,single,secondary,no,-229,yes,no,cellular,jul,996,4,0,unknown,yes
44,admin.,divorced,secondary,no,2971,yes,no,cellular,may,720,1,0,unknown,yes
31,technician,married,tertiary,no,277,yes,no,cellular,aug,114,2,0,unknown,no
34,management,divorced,tertiary,no,629,yes,no,cellular,aug,1343,2,0,unknown,yes
70,technician,married,secondary,no,8965,no,no,cellular,aug,714,1,0,unknown,yes
27,technician,single,tertiary,no,550,no,yes,telephone,jan,365,4,0,unknown,no
34,management,married,tertiary,no,1843,no,no,cellular,dec,282,3,0,unknown,yes
29,blue-collar,married,primary,no,6076,yes,yes,cellular,nov,424,1,1,failure,no
36,technician,married,secondary,no,103,yes,yes,unknown,jun,59,2,0,unknown,no
27,admin.,divorced,secondary,no,420,yes,no,cellular,jul,655,1,0,unknown,yes
34,management,married,tertiary,no,425,yes,no,cellular,nov,193,1,0,unknown,no
40,management,married,tertiary,no,61,yes,no,unknown,may,167,1,0,unknown,no
30,services,divorced,secondary,no,165,yes,no,cellular,may,1252,3,0,unknown,yes
74,retired,divorced,secondary,no,3964,no,no,cellular,oct,367,3,0,unknown,yes
32,blue-collar,married,secondary,no,1423,yes,no,unknown,may,606,3,0,unknown,yes
77,unknown,married,unknown,no,392,no,no,telephone,may,305,3,0,unknown,yes
56,management,married,tertiary,no,6721,yes,no,cellular,nov,252,1,0,unknown,no
50,entrepreneur,divorced,tertiary,no,678,no,no,cellular,nov,649,1,0,unknown,no
23,blue-collar,single,secondary,no,58,yes,no,cellular,may,327,1,0,unknown,no
38,blue-collar,married,primary,no,4326,yes,no,telephone,may,660,2,0,unknown,yes
89,retired,divorced,secondary,no,223,no,no,cellular,feb,145,3,0,unknown,yes
47,admin.,married,secondary,no,1086,yes,yes,cellular,nov,30,1,1,failure,no
47,management,married,tertiary,no,2363,no,no,cellular,jun,152,2,1,success,yes
35,admin.,divorced,secondary,no,197,yes,no,unknown,may,215,2,0,unknown,no
29,services,single,secondary,no,-89,yes,no,unknown,may,102,2,0,unknown,no
50,technician,married,secondary,no,557,yes,no,cellular,aug,695,4,0,unknown,no
26,management,single,tertiary,no,1232,no,no,cellular,mar,1111,2,0,unknown,yes
44,management,married,tertiary,no,70,no,no,cellular,apr,632,1,0,unknown,yes
35,admin.,divorced,secondary,no,697,yes,no,unknown,jun,897,1,0,unknown,yes
36,management,married,tertiary,no,8769,yes,no,unknown,may,129,1,0,unknown,no
46,blue-collar,married,secondary,no,221,no,no,unknown,jun,249,3,0,unknown,no
52,management,married,tertiary,no,1565,no,no,telephone,jul,252,21,0,unknown,no
38,management,married,tertiary,no,148,yes,no,cellular,apr,160,2,3,failure,no
71,retired,married,primary,no,2517,no,no,cellular,aug,256,1,0,unknown,yes
22,management,single,tertiary,no,1567,no,no,cellular,mar,158,4,0,unknown,yes
48,blue-collar,married,primary,no,418,no,no,unknown,jun,150,1,0,unknown,no
29,management,single,tertiary,no,685,yes,no,cellular,oct,181,5,0,unknown,no
30,blue-collar,single,primary,no,102,yes,no,unknown,jun,2632,3,0,unknown,yes
35,blue-collar,married,secondary,no,1227,yes,no,cellular,feb,230,2,2,failure,yes
30,blue-collar,single,secondary,no,989,yes,no,unknown,jun,1661,1,0,unknown,yes
43,management,divorced,unknown,no,7370,no,no,cellular,feb,158,2,0,unknown,yes
40,blue-collar,married,secondary,no,542,yes,yes,cellular,may,306,2,0,unknown,no
44,admin.,divorced,secondary,no,-290,yes,yes,cellular,apr,194,1,0,unknown,no
31,management,married,tertiary,no,1578,no,no,unknown,nov,270,1,0,unknown,yes
41,technician,single,tertiary,no,1117,no,no,unknown,jun,346,1,0,unknown,no
45,technician,married,tertiary,no,4884,no,no,cellular,apr,368,2,0,unknown,yes
46,management,divorced,tertiary,no,684,no,no,cellular,jul,339,1,0,unknown,yes
27,management,single,tertiary,no,607,no,no,cellular,jun,186,3,0,unknown,no
34,blue-collar,married,secondary,no,1586,yes,no,unknown,may,428,2,0,unknown,no
38,services,married,tertiary,no,609,yes,no,cellular,may,247,2,0,unknown,no
41,management,married,tertiary,no,-294,yes,no,cellular,nov,955,3,0,unknown,yes
42,technician,divorced,secondary,no,62,yes,no,unknown,oct,214,1,0,unknown,yes
41,blue-collar,married,primary,no,6588,yes,no,cellular,nov,81,1,0,unknown,no
44,management,married,tertiary,no,-5,yes,no,cellular,may,258,3,5,failure,no
32,blue-collar,married,secondary,no,422,yes,no,cellular,apr,225,4,2,other,no
25,technician,single,secondary,no,65,no,yes,cellular,jan,209,1,1,success,yes
46,admin.,single,secondary,no,306,no,no,cellular,jul,151,4,0,unknown,no
43,self-employed,married,tertiary,no,3015,no,no,cellular,apr,387,2,17,other,no
57,retired,divorced,tertiary,no,712,yes,yes,cellular,jan,169,1,0,unknown,no
30,unemployed,single,secondary,no,2528,no,no,cellular,nov,114,1,1,failure,yes
37,technician,married,tertiary,no,165,no,no,cellular,jun,236,2,3,other,yes
51,management,married,tertiary,no,167,no,no,cellular,apr,365,1,1,failure,yes
36,management,single,tertiary,no,3715,yes,no,cellular,aug,248,2,4,failure,yes
31,management,single,tertiary,no,429,no,no,cellular,jul,213,1,1,success,yes
26,blue-collar,single,secondary,no,22,yes,no,cellular,jul,978,4,0,unknown,yes
51,services,married,secondary,no,579,no,no,telephone,jul,408,2,2,failure,yes
66,retired,married,secondary,no,23154,no,no,cellular,feb,444,1,0,unknown,no
43,admin.,single,secondary,no,56694,no,no,unknown,may,249,1,0,unknown,no
77,management,married,unknown,no,1770,yes,no,cellular,apr,336,2,5,success,yes
56,technician,single,secondary,no,1452,no,yes,telephone,may,156,10,0,unknown,no
37,technician,married,secondary,no,425,yes,no,cellular,jul,391,3,55,failure,yes
33,technician,single,secondary,no,1041,yes,no,unknown,may,138,1,0,unknown,no
34,blue-collar,married,secondary,no,162,no,no,cellular,jan,390,1,0,unknown,no
50,management,single,tertiary,no,851,no,no,cellular,aug,292,5,0,unknown,no
52,services,married,secondary,no,859,yes,no,cellular,jan,367,1,2,success,yes
46,management,married,tertiary,no,-32,no,no,cellular,mar,308,13,0,unknown,yes
32,management,single,tertiary,no,-120,no,no,cellular,jun,340,2,2,success,yes
33,technician,married,tertiary,no,1854,no,no,cellular,jan,157,1,3,success,yes
24,blue-collar,single,secondary,no,1987,yes,no,cellular,oct,169,1,5,other,yes
24,student,single,primary,no,662,no,no,cellular,apr,545,1,0,unknown,yes
48,management,divorced,tertiary,no,17702,yes,no,cellular,may,189,2,3,other,yes
59,management,married,tertiary,no,624,yes,no,cellular,jul,1270,3,0,unknown,yes
59,retired,married,secondary,no,43,no,yes,cellular,jul,54,5,0,unknown,no
31,management,single,tertiary,no,2725,no,no,cellular,aug,132,4,0,unknown,no
30,management,married,tertiary,no,40,no,no,cellular,feb,387,2,0,unknown,yes
28,blue-collar,married,secondary,no,1025,yes,no,unknown,may,453,1,0,unknown,no
44,blue-collar,married,primary,no,-353,yes,no,cellular,may,713,1,4,failure,yes
66,retired,married,secondary,no,2259,no,yes,cellular,feb,248,1,1,success,yes
40,technician,married,secondary,no,103,yes,no,unknown,may,30,8,0,unknown,no
32,self-employed,married,secondary,no,1860,yes,no,unknown,may,66,9,0,unknown,no
27,technician,single,secondary,no,1742,yes,no,unknown,may,749,1,0,unknown,yes
28,unemployed,married,secondary,no,14,yes,yes,cellular,jul,126,4,0,unknown,no
46,technician,married,unknown,no,444,yes,no,cellular,apr,790,2,0,unknown,no
55,self-employed,divorced,primary,no,4619,yes,no,telephone,may,200,4,0,unknown,no
34,management,married,tertiary,no,244,yes,no,cellular,feb,280,1,4,success,yes
37,blue-collar,divorced,primary,no,-44,yes,no,cellular,may,561,2,0,unknown,yes
31,services,single,secondary,no,6741,no,no,cellular,aug,281,1,0,unknown,yes
36,blue-collar,single,secondary,no,117,yes,no,cellular,aug,292,3,4,success,yes
59,retired,divorced,secondary,no,-181,no,no,cellular,aug,338,1,0,unknown,yes
66,housemaid,married,primary,no,189,no,no,telephone,oct,312,2,0,unknown,yes
52,blue-collar,married,primary,no,2261,yes,no,cellular,may,48,7,0,unknown,no
24,student,single,secondary,no,1678,no,no,cellular,jul,590,1,0,unknown,yes
51,management,married,tertiary,no,2550,no,no,cellular,jan,856,2,1,other,yes
43,technician,married,tertiary,no,639,yes,no,cellular,aug,897,2,0,unknown,no
39,technician,married,secondary,no,1635,yes,no,cellular,jun,185,3,0,unknown,yes
30,blue-collar,married,secondary,no,477,yes,no,unknown,jun,161,1,0,unknown,no
26,blue-collar,single,secondary,yes,-350,no,yes,cellular,jul,822,2,0,unknown,yes
45,admin.,married,secondary,no,236,no,no,cellular,aug,189,1,3,success,yes
30,technician,single,tertiary,no,168,no,no,cellular,aug,1345,7,0,unknown,yes
34,blue-collar,single,secondary,no,206,no,no,cellular,feb,340,1,0,unknown,no
43,management,divorced,tertiary,no,-191,no,no,cellular,feb,59,1,1,failure,no
42,self-employed,single,unknown,no,3026,no,no,unknown,may,750,1,0,unknown,yes
48,entrepreneur,married,tertiary,yes,-351,no,no,cellular,jul,704,4,0,unknown,yes
36,management,married,tertiary,no,698,no,no,cellular,feb,294,1,0,unknown,yes
50,blue-collar,married,primary,no,-367,yes,yes,cellular,nov,232,2,0,unknown,no
43,housemaid,married,secondary,no,-212,yes,no,unknown,may,167,2,0,unknown,no
41,blue-collar,divorced,primary,no,14,no,no,cellular,jul,503,2,0,unknown,yes
37,blue-collar,single,tertiary,no,2746,yes,no,unknown,jun,1419,10,0,unknown,yes
53,management,divorced,tertiary,no,148,yes,no,cellular,may,711,1,3,failure,yes
35,management,single,tertiary,no,4462,yes,no,cellular,apr,1088,3,8,failure,no
40,technician,single,tertiary,no,1255,no,no,cellular,apr,195,1,0,unknown,yes
34,blue-collar,married,secondary,no,103,no,no,cellular,sep,74,2,1,success,yes
39,blue-collar,married,secondary,no,463,no,no,cellular,jun,365,2,0,unknown,yes
60,management,married,tertiary,no,3300,no,no,cellular,aug,609,2,0,unknown,no
32,blue-collar,married,secondary,no,-107,yes,no,unknown,may,128,1,0,unknown,no
47,housemaid,married,primary,no,148,yes,no,unknown,jun,213,4,0,unknown,no
30,blue-collar,single,secondary,no,169,yes,no,cellular,apr,2058,2,1,other,no
42,blue-collar,divorced,primary,no,141,yes,no,cellular,apr,1270,2,0,unknown,yes
62,retired,married,secondary,no,886,no,no,cellular,aug,190,3,0,unknown,yes
27,services,married,secondary,no,6833,yes,no,cellular,may,799,2,1,failure,yes
40,management,married,tertiary,no,257,no,no,cellular,aug,830,6,0,unknown,no
39,admin.,married,secondary,no,93,no,no,cellular,jan,401,1,10,failure,yes
45,management,divorced,tertiary,no,626,no,no,cellular,jul,326,1,0,unknown,yes
46,entrepreneur,married,primary,no,630,yes,no,telephone,jul,80,11,0,unknown,no
33,management,married,tertiary,no,38,yes,no,unknown,may,154,1,0,unknown,no
33,blue-collar,single,tertiary,no,894,no,no,cellular,apr,179,1,2,success,yes
47,services,married,secondary,no,-252,no,no,cellular,aug,37,4,0,unknown,no
57,technician,married,unknown,no,219,yes,no,unknown,may,61,2,0,unknown,no
32,student,married,secondary,no,1650,no,no,cellular,nov,245,1,2,success,yes
21,student,single,secondary,no,128,no,no,cellular,feb,243,6,0,unknown,yes
51,admin.,married,primary,no,381,yes,no,unknown,may,368,1,0,unknown,no
30,technician,single,tertiary,no,84,no,no,cellular,jul,692,3,0,unknown,yes
37,student,single,tertiary,no,-112,no,no,cellular,oct,175,1,0,unknown,yes
34,technician,single,secondary,no,231,no,no,cellular,aug,972,1,0,unknown,yes
57,blue-collar,married,primary,no,2066,no,no,cellular,aug,1098,2,0,unknown,yes
59,technician,divorced,secondary,no,-391,yes,yes,cellular,jul,100,1,0,unknown,no
29,blue-collar,single,secondary,no,14,yes,no,unknown,may,802,1,0,unknown,yes
31,services,single,secondary,no,6482,yes,no,unknown,may,922,2,0,unknown,no
22,student,single,secondary,no,2489,no,no,cellular,nov,467,2,10,other,yes
34,management,married,tertiary,no,36,no,no,cellular,aug,466,2,0,unknown,no
39,technician,married,secondary,no,7540,yes,no,cellular,nov,236,2,1,failure,no
46,entrepreneur,married,secondary,no,3520,no,no,cellular,nov,231,2,0,unknown,no
51,entrepreneur,single,tertiary,no,163,no,no,cellular,jan,669,1,0,unknown,no
34,blue-collar,married,unknown,no,652,yes,no,cellular,jul,280,1,0,unknown,no
29,admin.,married,secondary,no,163,yes,no,unknown,may,344,2,0,unknown,no
51,blue-collar,married,primary,no,189,yes,yes,cellular,jul,952,3,0,unknown,yes
62,housemaid,married,secondary,no,-97,no,no,cellular,nov,340,1,0,unknown,yes
33,admin.,single,secondary,no,69,no,no,telephone,may,344,3,2,failure,no
31,blue-collar,married,secondary,no,3312,yes,no,unknown,may,728,1,0,unknown,yes
29,blue-collar,single,secondary,no,912,no,no,unknown,jun,700,1,0,unknown,yes
44,management,married,tertiary,no,-269,no,no,unknown,may,25,1,0,unknown,no
32,technician,married,secondary,no,581,yes,no,cellular,nov,76,1,3,failure,no
56,blue-collar,married,secondary,no,402,yes,no,unknown,may,26,1,0,unknown,no
36,management,divorced,tertiary,no,759,yes,no,cellular,aug,1331,2,0,unknown,yes
41,technician,single,unknown,no,5285,yes,no,cellular,jan,261,3,0,unknown,yes
56,retired,divorced,secondary,no,-838,yes,no,cellular,may,208,1,2,failure,no
42,technician,married,secondary,no,176,no,no,cellular,aug,366,7,0,unknown,yes
34,admin.,single,tertiary,no,314,yes,yes,cellular,apr,357,1,0,unknown,yes
74,retired,married,secondary,no,2813,no,no,cellular,nov,260,1,8,failure,yes
47,blue-collar,married,primary,no,686,yes,yes,cellular,jan,109,2,7,other,no
30,services,single,secondary,no,199,yes,no,unknown,may,101,2,0,unknown,no
40,technician,married,secondary,no,-403,yes,yes,cellular,jul,104,2,1,failure,no
53,management,married,tertiary,no,9362,no,no,cellular,nov,118,2,0,unknown,no
36,management,single,unknown,no,205,no,no,cellular,jul,312,1,2,success,yes
53,unemployed,married,secondary,no,-17,no,no,cellular,feb,147,1,13,success,yes
59,self-employed,married,tertiary,no,159,no,no,cellular,feb,291,1,0,unknown,no
36,services,married,secondary,no,1554,yes,no,cellular,feb,137,2,0,unknown,yes
64,admin.,married,secondary,no,-318,yes,no,cellular,aug,220,5,0,unknown,yes
67,management,divorced,tertiary,no,251,no,no,cellular,oct,399,2,0,unknown,yes
45,entrepreneur,married,secondary,no,1013,no,yes,cellular,nov,651,2,2,failure,yes
36,technician,married,tertiary,no,151,no,no,cellular,jun,201,1,1,failure,no
42,management,married,tertiary,no,9686,yes,no,cellular,nov,306,1,0,unknown,no
35,housemaid,married,tertiary,no,-123,no,no,cellular,aug,156,1,2,failure,yes
47,management,divorced,tertiary,no,83,no,no,cellular,aug,292,2,0,unknown,no
42,management,married,secondary,no,517,no,no,cellular,aug,53,2,0,unknown,no
24,management,single,tertiary,no,4081,no,no,cellular,sep,862,1,0,unknown,yes
42,unemployed,divorced,secondary,no,1906,no,no,cellular,nov,126,2,1,success,no
27,technician,single,secondary,no,1951,yes,yes,cellular,may,708,2,1,failure,no
45,admin.,single,secondary,no,2043,yes,no,cellular,oct,612,2,4,other,yes
51,management,single,secondary,no,1662,yes,no,unknown,jun,1283,3,0,unknown,yes
50,technician,married,secondary,no,828,yes,no,unknown,may,366,1,0,unknown,no
47,services,divorced,secondary,no,286,yes,no,cellular,may,569,1,0,unknown,no
61,retired,married,secondary,no,127,no,no,cellular,aug,132,3,0,unknown,no
49,management,single,tertiary,no,1217,yes,yes,cellular,may,704,1,0,unknown,no
60,retired,married,secondary,no,-48,no,yes,cellular,jul,49,5,0,unknown,no
38,blue-collar,married,secondary,no,1010,yes,no,cellular,aug,811,3,10,failure,yes
28,student,single,secondary,no,285,no,no,cellular,dec,434,2,4,failure,yes
54,management,married,tertiary,no,8170,no,no,cellular,oct,886,2,1,success,yes
29,technician,married,secondary,no,771,yes,no,cellular,feb,270,1,0,unknown,no
25,student,single,unknown,no,-131,no,no,cellular,may,177,1,0,unknown,yes
32,blue-collar,single,primary,no,460,yes,no,unknown,may,561,3,0,unknown,yes
45,services,divorced,secondary,no,740,yes,yes,unknown,jun,33,30,0,unknown,no
30,management,married,tertiary,no,150,yes,no,cellular,aug,192,1,4,other,yes
37,technician,single,secondary,yes,-406,yes,no,cellular,apr,1083,1,0,unknown,yes
28,technician,single,secondary,no,5930,no,yes,cellular,mar,210,2,0,unknown,yes
59,entrepreneur,married,tertiary,no,2650,yes,no,unknown,jun,127,1,0,unknown,no
31,unemployed,single,tertiary,no,198,yes,no,telephone,may,17,2,0,unknown,no
23,blue-collar,single,secondary,no,-44,yes,no,cellular,may,294,1,0,unknown,no
55,self-employed,single,tertiary,no,337,no,yes,cellular,may,212,1,0,unknown,yes
68,retired,divorced,secondary,no,4206,no,no,telephone,jul,867,2,0,unknown,yes
39,technician,married,secondary,no,37,no,no,cellular,feb,385,1,5,failure,yes
42,retired,single,primary,no,2626,no,no,cellular,oct,226,1,0,unknown,no
22,admin.,single,tertiary,no,1387,yes,no,cellular,feb,158,4,0,unknown,yes
71,retired,married,primary,no,2309,no,no,telephone,may,501,4,0,unknown,yes
30,management,married,tertiary,no,-117,yes,no,cellular,may,700,2,0,unknown,yes
33,admin.,single,secondary,no,1025,yes,no,unknown,may,252,1,0,unknown,no
28,admin.,divorced,tertiary,yes,253,no,yes,cellular,jul,436,3,0,unknown,yes
33,blue-collar,married,secondary,no,510,yes,no,unknown,jun,158,2,0,unknown,no
33,management,single,tertiary,no,357,no,yes,cellular,aug,300,3,0,unknown,no
40,technician,divorced,tertiary,no,451,yes,no,unknown,oct,109,1,0,unknown,yes
46,technician,married,secondary,no,3352,yes,yes,unknown,jun,19,4,0,unknown,no
29,admin.,married,secondary,no,311,yes,no,cellular,may,1222,3,1,failure,no
44,admin.,married,secondary,no,417,no,no,cellular,nov,274,1,0,unknown,yes
60,self-employed,divorced,tertiary,no,52467,no,no,cellular,feb,376,3,1,success,yes
36,services,married,secondary,no,1687,yes,no,cellular,feb,113,2,0,unknown,yes
33,technician,married,secondary,no,80,no,no,cellular,aug,463,2,0,unknown,no
53,blue-collar,married,primary,no,482,no,no,cellular,jul,744,4,0,unknown,yes
47,technician,married,secondary,no,352,no,no,cellular,may,434,1,1,success,yes
52,technician,married,secondary,no,429,yes,no,cellular,may,232,1,4,failure,no
28,unknown,single,unknown,no,492,no,no,cellular,oct,424,1,1,success,yes
34,admin.,married,secondary,no,626,yes,yes,unknown,may,475,1,0,unknown,no
33,blue-collar,single,secondary,no,2418,no,no,cellular,sep,202,2,1,failure,yes
59,admin.,married,secondary,no,77,yes,no,cellular,jul,996,1,0,unknown,yes
29,student,single,secondary,no,-179,no,no,cellular,aug,336,3,2,other,yes
42,blue-collar,single,primary,no,-126,yes,yes,unknown,may,170,1,0,unknown,no
56,management,married,tertiary,no,160,no,yes,telephone,jul,589,2,0,unknown,no
37,management,married,tertiary,no,-301,yes,no,cellular,apr,277,4,2,other,yes
38,services,divorced,secondary,yes,121,yes,yes,telephone,may,31,6,0,unknown,no
28,blue-collar,single,tertiary,no,459,no,no,telephone,may,240,2,1,success,yes
29,technician,single,secondary,no,-92,no,no,telephone,may,32,8,6,failure,no
45,technician,divorced,secondary,no,-614,yes,yes,cellular,may,619,1,2,failure,yes
29,admin.,single,secondary,no,778,yes,no,cellular,may,255,1,0,unknown,yes
42,blue-collar,single,secondary,no,194,yes,no,unknown,jun,744,2,0,unknown,yes
61,management,married,tertiary,no,5806,yes,no,cellular,may,408,3,0,unknown,yes
40,blue-collar,married,primary,no,-41,yes,no,unknown,may,171,2,0,unknown,no
31,management,single,tertiary,no,559,no,no,cellular,jun,148,2,3,success,yes
45,self-employed,married,tertiary,no,-680,yes,yes,cellular,may,214,1,1,failure,no
26,admin.,single,secondary,no,913,no,no,cellular,jan,101,2,13,other,no
33,blue-collar,single,secondary,no,602,yes,no,cellular,apr,316,1,1,failure,no
66,housemaid,married,secondary,no,1798,no,no,cellular,feb,165,1,0,unknown,no
41,services,divorced,secondary,no,-40,no,yes,cellular,jul,174,1,0,unknown,no
51,blue-collar,married,primary,no,4766,no,no,cellular,aug,71,3,0,unknown,no
50,management,single,secondary,no,1404,yes,no,unknown,jun,1248,3,0,unknown,yes
28,admin.,single,tertiary,no,287,no,no,cellular,mar,117,19,0,unknown,no
36,management,married,tertiary,no,1145,no,no,cellular,feb,107,9,1,other,no
49,technician,married,secondary,no,3082,no,no,cellular,jul,348,2,0,unknown,no
20,student,single,tertiary,no,2863,yes,no,unknown,may,132,2,0,unknown,no
43,technician,married,primary,no,4743,yes,no,cellular,nov,422,1,0,unknown,no
60,retired,divorced,tertiary,no,2200,no,no,unknown,jun,35,9,0,unknown,no
59,self-employed,married,tertiary,no,512,no,no,cellular,feb,289,1,0,unknown,no
57,management,married,tertiary,no,10701,no,no,cellular,sep,380,3,3,success,yes
52,management,married,tertiary,no,-135,no,no,unknown,jun,324,1,0,unknown,yes
39,services,married,secondary,no,579,yes,no,cellular,apr,291,1,1,failure,no
37,management,single,tertiary,no,1617,no,no,cellular,mar,184,1,0,unknown,yes
42,technician,divorced,secondary,no,1282,no,yes,cellular,aug,87,1,0,unknown,no
35,admin.,married,tertiary,no,-24,no,no,cellular,aug,575,1,0,unknown,yes
43,admin.,married,secondary,no,340,no,no,cellular,mar,204,1,0,unknown,yes
35,management,married,tertiary,no,7918,no,no,cellular,may,336,1,3,success,yes
34,admin.,married,secondary,no,93,no,yes,unknown,may,11,1,0,unknown,no
38,admin.,single,secondary,no,2382,no,no,telephone,oct,211,1,0,unknown,yes
62,management,single,tertiary,no,16,no,no,cellular,aug,137,1,3,failure,yes
40,technician,single,unknown,no,5255,yes,no,cellular,jan,264,3,0,unknown,yes
45,admin.,married,secondary,no,695,yes,no,telephone,jul,1127,11,0,unknown,yes
68,retired,married,tertiary,no,1628,no,no,cellular,feb,741,1,0,unknown,yes
24,management,single,tertiary,no,1345,no,no,cellular,jun,464,1,0,unknown,yes
32,management,single,tertiary,no,520,no,yes,cellular,jul,496,4,0,unknown,yes
41,technician,married,unknown,no,1569,no,no,cellular,apr,406,1,0,unknown,yes
46,management,divorced,tertiary,no,540,no,no,cellular,mar,409,1,1,other,yes
40,admin.,single,tertiary,no,1032,yes,no,cellular,jul,439,1,0,unknown,no
59,housemaid,divorced,secondary,no,499,yes,no,unknown,jun,240,1,0,unknown,no
59,admin.,single,secondary,no,-632,yes,yes,cellular,apr,63,1,0,unknown,no
25,technician,single,tertiary,no,647,yes,no,unknown,may,170,4,0,unknown,no
31,blue-collar,married,primary,no,137,yes,no,unknown,may,210,2,0,unknown,no
57,management,married,secondary,no,76,no,no,cellular,feb,160,2,0,unknown,no
46,management,married,tertiary,no,202,yes,no,cellular,may,588,6,6,success,yes
60,blue-collar,divorced,secondary,no,-43,no,yes,cellular,jul,249,4,0,unknown,no
31,services,divorced,tertiary,no,173,yes,no,unknown,may,107,2,0,unknown,no
46,self-employed,married,secondary,no,55,no,no,cellular,nov,666,1,0,unknown,yes
50,blue-collar,married,primary,no,-357,yes,no,cellular,may,870,3,0,unknown,yes
49,unknown,married,primary,no,133,yes,yes,unknown,may,515,2,0,unknown,yes
36,management,single,tertiary,no,1815,yes,no,cellular,aug,149,4,0,unknown,no
24,technician,married,secondary,no,787,yes,no,cellular,feb,242,1,4,success,yes
36,admin.,single,secondary,no,221,yes,no,cellular,may,1374,4,2,failure,yes
28,student,single,tertiary,no,-6,no,no,cellular,aug,253,1,0,unknown,yes
34,management,married,tertiary,no,93,no,no,cellular,aug,166,1,0,unknown,no
29,services,divorced,secondary,no,216,yes,no,cellular,nov,482,1,0,unknown,yes
49,admin.,married,secondary,no,1123,yes,no,cellular,apr,613,1,5,failure,no
35,services,single,tertiary,no,634,no,no,unknown,may,81,1,0,unknown,no
28,admin.,single,secondary,no,426,yes,no,cellular,jun,44,1,0,unknown,no
39,housemaid,married,primary,no,106,yes,no,cellular,jul,385,3,0,unknown,no
37,blue-collar,married,secondary,no,-41,yes,no,unknown,may,557,7,0,unknown,no
55,management,married,tertiary,no,7997,no,no,cellular,jan,446,1,0,unknown,yes
68,retired,single,tertiary,no,2230,no,no,cellular,jan,733,1,3,success,yes
33,blue-collar,married,primary,no,1023,yes,no,unknown,may,209,4,0,unknown,no
29,self-employed,married,secondary,no,413,no,yes,cellular,oct,229,1,3,success,yes
56,blue-collar,married,primary,no,459,no,no,cellular,aug,1188,2,0,unknown,yes
59,admin.,divorced,secondary,no,4420,no,no,cellular,feb,147,1,0,unknown,no
47,blue-collar,married,secondary,no,344,yes,no,telephone,jul,38,1,0,unknown,yes
31,management,single,tertiary,no,269,no,no,unknown,may,810,2,0,unknown,yes
44,management,single,secondary,no,448,no,yes,cellular,aug,318,1,0,unknown,no
33,blue-collar,single,primary,no,1001,no,no,cellular,jul,268,1,0,unknown,no
56,blue-collar,married,primary,no,7855,no,no,cellular,aug,1202,4,0,unknown,yes
34,entrepreneur,divorced,tertiary,no,370,no,no,cellular,nov,373,1,0,unknown,no
53,services,married,secondary,no,432,yes,yes,cellular,jan,144,1,2,failure,no
86,retired,divorced,unknown,no,208,no,no,telephone,sep,150,1,0,unknown,no
39,admin.,married,secondary,no,61,no,no,cellular,nov,167,1,0,unknown,no
37,admin.,single,tertiary,no,995,no,no,cellular,aug,191,2,3,success,no
91,retired,divorced,secondary,no,-14,no,no,cellular,feb,149,3,0,unknown,yes
77,retired,married,tertiary,no,3122,no,no,cellular,oct,354,1,1,success,yes
30,entrepreneur,single,unknown,no,160,yes,no,cellular,feb,367,1,0,unknown,no
32,admin.,single,secondary,no,215,yes,no,cellular,jun,531,1,2,success,yes
41,technician,single,secondary,no,-24,no,no,cellular,feb,11,10,0,unknown,no
34,admin.,single,secondary,no,478,no,no,cellular,sep,180,2,10,other,yes
32,management,married,tertiary,no,1119,yes,no,cellular,may,545,1,0,unknown,yes
46,admin.,single,secondary,no,437,yes,no,unknown,jun,531,2,0,unknown,yes
29,management,single,tertiary,no,3120,no,no,cellular,jun,259,1,1,failure,yes
60,technician,divorced,secondary,no,181,no,no,cellular,aug,443,12,0,unknown,no
30,admin.,single,secondary,no,191,no,no,cellular,nov,233,2,3,success,yes
36,self-employed,married,secondary,no,3350,no,no,cellular,aug,88,6,0,unknown,no
29,management,single,tertiary,no,2586,no,no,cellular,apr,187,2,0,unknown,yes
39,management,married,tertiary,no,-72,no,no,cellular,aug,93,25,0,unknown,no
29,blue-collar,single,secondary,no,5726,yes,no,cellular,may,439,2,0,unknown,yes
54,management,married,tertiary,no,1177,yes,no,cellular,nov,1202,2,1,other,no
43,management,divorced,tertiary,no,4976,no,no,cellular,apr,197,9,5,other,yes
28,admin.,married,secondary,no,376,yes,no,unknown,may,315,2,0,unknown,no
48,technician,married,secondary,no,874,no,no,cellular,jul,162,2,0,unknown,no
24,services,single,secondary,no,1021,yes,no,cellular,may,1088,1,0,unknown,yes
65,retired,married,secondary,no,3075,no,no,cellular,jul,300,1,2,success,yes
51,technician,married,secondary,no,-120,yes,yes,cellular,feb,66,1,3,failure,no
42,entrepreneur,single,primary,no,151,yes,no,unknown,may,163,5,0,unknown,no
57,admin.,married,secondary,no,449,no,no,cellular,may,335,3,5,success,yes
28,services,single,secondary,no,244,yes,no,cellular,feb,392,3,0,unknown,no
58,housemaid,married,primary,no,2854,no,no,cellular,aug,581,4,0,unknown,yes
32,management,married,tertiary,no,745,yes,no,cellular,aug,273,5,0,unknown,no
34,blue-collar,married,secondary,no,550,no,no,unknown,may,348,1,0,unknown,no
43,management,married,unknown,no,5197,yes,no,unknown,may,57,3,0,unknown,no
58,services,divorced,primary,no,2115,yes,no,cellular,may,2,4,0,unknown,no
32,technician,married,tertiary,no,2793,no,no,cellular,aug,302,2,0,unknown,no
50,blue-collar,married,primary,no,21711,no,no,cellular,aug,69,20,0,unknown,no
57,blue-collar,married,primary,no,8398,no,no,unknown,jun,15,11,0,unknown,no
34,blue-collar,married,secondary,no,10432,yes,no,cellular,may,322,4,1,failure,yes
55,technician,married,secondary,no,638,no,no,cellular,aug,99,6,0,unknown,no
39,management,married,tertiary,no,114,no,no,unknown,may,181,8,0,unknown,no
40,admin.,married,secondary,no,1463,yes,no,unknown,may,719,1,0,unknown,yes
30,technician,single,secondary,no,-331,no,yes,cellular,aug,135,2,0,unknown,no
48,blue-collar,married,primary,no,240,yes,no,unknown,jun,15,18,0,unknown,no
44,management,married,secondary,no,404,no,yes,cellular,jan,131,2,11,failure,no
71,retired,divorced,primary,no,243,no,no,cellular,jun,309,1,1,success,yes
59,admin.,married,secondary,no,1417,no,no,unknown,jun,326,1,0,unknown,no
42,services,divorced,secondary,no,412,yes,no,cellular,may,934,2,0,unknown,yes
41,housemaid,divorced,primary,no,-215,yes,no,cellular,nov,243,3,4,other,no
61,housemaid,married,secondary,no,-94,no,no,cellular,nov,325,1,0,unknown,yes
57,housemaid,married,primary,no,-73,no,no,cellular,aug,176,2,0,unknown,no
40,blue-collar,married,secondary,no,660,yes,no,cellular,apr,643,2,1,failure,no
30,management,married,tertiary,no,-54,no,no,cellular,aug,95,2,0,unknown,no
29,management,single,tertiary,no,850,yes,no,cellular,oct,122,1,0,unknown,no
59,technician,divorced,secondary,no,128,no,no,cellular,aug,438,12,0,unknown,no
43,management,married,tertiary,no,2349,no,no,cellular,jul,559,2,0,unknown,yes
44,admin.,married,unknown,no,1995,no,no,cellular,may,57,4,0,unknown,no
30,self-employed,single,tertiary,no,109,yes,no,unknown,may,676,1,0,unknown,yes
37,management,single,tertiary,no,-33,yes,no,cellular,may,399,1,2,failure,yes
41,management,married,secondary,no,490,yes,no,cellular,jun,75,1,2,success,no
34,management,married,tertiary,no,154,yes,yes,cellular,jul,120,1,0,unknown,no
38,management,divorced,tertiary,no,461,yes,no,unknown,may,127,4,0,unknown,no
38,blue-collar,divorced,secondary,no,-190,yes,no,cellular,oct,589,1,4,success,yes
30,technician,married,secondary,no,269,yes,no,cellular,aug,1180,4,0,unknown,yes
82,retired,married,primary,no,8707,no,no,cellular,jul,398,1,0,unknown,yes
77,retired,divorced,primary,no,485,no,no,telephone,apr,113,7,0,unknown,no
33,services,married,secondary,no,-43,yes,yes,unknown,may,56,1,0,unknown,no
34,blue-collar,married,secondary,no,431,yes,no,cellular,aug,347,1,2,failure,yes
53,self-employed,married,tertiary,no,145,yes,no,cellular,aug,234,2,0,unknown,no
28,blue-collar,single,primary,no,-4,yes,no,cellular,may,520,1,1,other,yes
73,retired,married,primary,no,-4,no,no,cellular,jan,399,3,0,unknown,yes
33,blue-collar,married,primary,no,540,no,no,cellular,nov,872,3,0,unknown,no
28,unemployed,single,primary,no,1211,no,no,cellular,apr,182,4,0,unknown,yes
47,technician,single,secondary,no,6088,no,no,cellular,jun,107,1,0,unknown,yes
38,technician,single,tertiary,no,223,no,no,unknown,jul,1135,2,0,unknown,yes
25,management,single,tertiary,no,2725,no,no,cellular,mar,411,1,0,unknown,yes
40,technician,married,secondary,no,-121,yes,yes,unknown,may,280,2,0,unknown,no
59,retired,single,secondary,no,462,yes,no,unknown,may,1098,5,0,unknown,yes
38,blue-collar,married,primary,no,2230,yes,no,unknown,jun,751,3,0,unknown,yes
67,retired,married,secondary,no,2457,yes,no,telephone,jul,547,2,0,unknown,yes
46,management,married,tertiary,no,3893,no,no,cellular,aug,69,2,0,unknown,no
30,technician,divorced,secondary,no,504,yes,yes,cellular,may,65,1,1,failure,no
35,technician,divorced,secondary,no,408,yes,yes,cellular,may,965,1,0,unknown,yes
36,services,married,secondary,no,2789,no,no,cellular,mar,132,1,0,unknown,yes
42,self-employed,married,primary,no,-109,yes,no,unknown,may,167,5,0,unknown,no
32,management,single,tertiary,no,83,no,no,cellular,aug,685,2,0,unknown,yes
30,admin.,married,secondary,no,1091,yes,yes,unknown,may,444,2,0,unknown,yes
34,entrepreneur,married,tertiary,no,104,no,yes,cellular,jul,55,3,0,unknown,no
43,services,single,secondary,no,3544,yes,no,cellular,nov,682,2,2,success,yes
26,student,single,secondary,no,2061,yes,no,cellular,may,263,1,4,failure,no
28,admin.,married,tertiary,no,424,no,no,cellular,may,325,2,1,failure,yes
53,services,married,primary,no,8851,yes,no,telephone,jul,167,2,0,unknown,no
42,entrepreneur,married,unknown,no,421,yes,no,cellular,jul,694,2,0,unknown,yes
28,technician,single,secondary,no,39,no,no,cellular,jul,574,1,0,unknown,yes
53,retired,married,tertiary,no,2170,no,no,unknown,jun,1232,1,0,unknown,yes
58,services,married,secondary,no,-123,yes,no,unknown,may,747,3,0,unknown,yes
43,blue-collar,married,secondary,no,482,yes,yes,unknown,may,150,1,0,unknown,no
27,student,single,tertiary,no,10047,no,no,cellular,apr,109,2,0,unknown,yes
27,management,single,tertiary,no,584,no,no,cellular,jun,225,1,0,unknown,yes
34,management,married,tertiary,no,631,yes,no,cellular,may,539,1,0,unknown,yes
33,unemployed,single,tertiary,no,4959,no,no,telephone,feb,365,2,0,unknown,no
38,self-employed,single,secondary,no,789,yes,no,cellular,may,114,2,0,unknown,no
34,technician,single,tertiary,no,242,yes,no,cellular,jun,333,1,14,other,yes
29,admin.,divorced,secondary,no,13,yes,no,cellular,may,422,2,0,unknown,yes
47,management,single,tertiary,no,115,yes,no,cellular,jun,625,3,9,success,yes
34,management,married,tertiary,no,59,yes,no,cellular,jul,387,1,0,unknown,no
43,retired,married,secondary,no,613,no,no,telephone,oct,119,1,0,unknown,yes
36,unemployed,married,tertiary,no,-38,no,no,cellular,aug,544,7,0,unknown,yes
32,technician,married,secondary,no,176,no,no,cellular,mar,317,2,0,unknown,yes
53,technician,married,secondary,no,498,no,no,unknown,jun,645,2,0,unknown,yes
46,technician,married,secondary,no,-16,yes,yes,cellular,may,642,3,0,unknown,yes
32,technician,married,tertiary,no,-1124,yes,no,cellular,jul,340,3,0,unknown,no
59,technician,married,secondary,no,158,no,no,cellular,oct,573,1,5,success,yes
33,admin.,divorced,tertiary,no,1209,no,no,cellular,may,380,2,0,unknown,yes
35,technician,married,secondary,no,533,no,no,unknown,may,74,4,0,unknown,no
29,student,single,secondary,no,-274,no,no,cellular,aug,324,3,2,other,yes
29,management,single,tertiary,no,5458,no,no,cellular,aug,130,1,2,success,yes
36,blue-collar,married,secondary,no,218,yes,no,cellular,may,723,5,0,unknown,yes
35,admin.,divorced,secondary,no,915,no,no,cellular,jun,214,1,7,success,yes
34,technician,single,secondary,yes,70,yes,yes,cellular,jul,140,1,0,unknown,no
29,blue-collar,married,secondary,no,-171,no,no,cellular,jun,150,1,0,unknown,no
39,housemaid,married,primary,no,13464,no,no,cellular,aug,94,4,0,unknown,no
30,student,single,tertiary,no,7585,no,no,cellular,oct,324,1,0,unknown,yes
41,entrepreneur,single,secondary,no,430,no,no,cellular,jul,1224,1,0,unknown,yes
40,management,married,tertiary,no,-435,yes,no,cellular,nov,225,1,0,unknown,no
61,blue-collar,married,unknown,no,2095,yes,no,cellular,may,939,2,0,unknown,yes
43,services,divorced,secondary,no,-105,yes,no,cellular,apr,576,4,0,unknown,no
30,blue-collar,single,secondary,no,367,no,no,unknown,may,192,3,0,unknown,no
45,technician,single,tertiary,no,86,no,no,cellular,aug,83,4,0,unknown,no
42,self-employed,married,tertiary,no,3042,no,no,cellular,apr,382,2,17,other,no
46,services,divorced,secondary,no,307,yes,no,cellular,may,143,2,8,other,no
34,entrepreneur,married,tertiary,no,-75,yes,no,cellular,may,621,1,1,failure,yes
50,admin.,married,secondary,no,4046,yes,no,cellular,may,209,8,4,success,yes
34,management,single,tertiary,no,1221,no,no,cellular,apr,145,1,0,unknown,yes
27,blue-collar,single,tertiary,no,554,no,no,cellular,nov,218,2,1,success,yes
55,technician,single,tertiary,no,333,yes,no,cellular,jul,649,3,0,unknown,yes
30,management,married,tertiary,no,-430,yes,no,unknown,jun,2,6,0,unknown,no
54,blue-collar,divorced,unknown,no,-394,yes,no,cellular,may,225,1,2,failure,no
35,management,married,secondary,no,1252,yes,no,unknown,may,57,3,0,unknown,no
33,blue-collar,married,secondary,no,932,yes,no,cellular,jun,1037,2,3,other,yes
58,housemaid,divorced,secondary,no,-187,no,no,cellular,jul,461,2,0,unknown,yes
42,admin.,married,secondary,no,-52,yes,yes,cellular,jul,234,1,0,unknown,no
32,self-employed,single,tertiary,no,1490,yes,yes,cellular,jan,899,1,0,unknown,yes
27,self-employed,single,tertiary,no,264,no,no,cellular,jun,455,3,3,other,yes
40,entrepreneur,divorced,tertiary,no,122,no,no,unknown,jun,601,1,0,unknown,no
31,blue-collar,married,secondary,no,316,yes,no,cellular,may,575,2,0,unknown,yes
46,admin.,married,secondary,no,246,yes,no,unknown,may,901,3,0,unknown,yes
67,retired,married,primary,no,424,no,no,cellular,feb,467,1,0,unknown,yes
31,unemployed,single,secondary,no,2766,no,no,cellular,nov,112,1,1,failure,yes
33,management,married,tertiary,no,450,yes,no,cellular,aug,769,2,0,unknown,yes
43,admin.,single,secondary,no,-35,no,no,telephone,nov,200,1,0,unknown,no
60,entrepreneur,married,primary,no,63,no,no,unknown,jun,224,1,0,unknown,no
28,management,single,tertiary,no,6564,no,no,cellular,aug,135,2,26,other,yes
45,blue-collar,married,primary,no,198,yes,no,unknown,jun,58,1,0,unknown,no
31,management,single,tertiary,no,1512,no,no,cellular,sep,177,1,0,unknown,no
30,blue-collar,single,secondary,no,2438,no,no,unknown,may,423,1,0,unknown,no
50,admin.,married,secondary,no,568,no,no,cellular,aug,1091,1,0,unknown,yes
39,blue-collar,married,secondary,no,-93,yes,no,unknown,may,270,1,0,unknown,no
46,blue-collar,married,primary,no,1357,no,no,cellular,aug,185,1,0,unknown,no
32,self-employed,married,tertiary,no,306,no,no,cellular,aug,165,5,0,unknown,no
48,blue-collar,married,secondary,no,2921,no,no,unknown,may,282,1,0,unknown,no
54,management,married,tertiary,no,-47,no,no,cellular,nov,81,1,0,unknown,no
40,management,married,tertiary,no,-55,no,yes,cellular,jul,184,1,0,unknown,no
56,blue-collar,married,primary,no,8213,no,no,unknown,jun,23,11,0,unknown,no
34,housemaid,married,tertiary,no,868,no,no,cellular,feb,34,2,0,unknown,no
59,retired,married,primary,no,5407,yes,yes,unknown,may,95,1,0,unknown,no
37,admin.,single,secondary,no,1146,no,no,cellular,jul,55,9,0,unknown,no
42,management,married,tertiary,no,3151,no,no,cellular,jun,119,1,3,failure,yes
35,admin.,married,secondary,no,6,no,no,cellular,jul,66,11,0,unknown,no
35,management,single,tertiary,no,1215,no,no,cellular,nov,687,2,12,failure,yes
41,self-employed,single,tertiary,no,54,yes,no,cellular,feb,1151,1,1,failure,yes
38,self-employed,divorced,secondary,no,-125,yes,no,cellular,apr,94,1,0,unknown,no
36,unemployed,single,tertiary,no,1182,yes,no,cellular,mar,329,2,3,failure,yes
37,blue-collar,married,secondary,no,13747,yes,no,unknown,may,241,5,0,unknown,no
28,student,single,secondary,no,115,no,no,telephone,nov,242,1,0,unknown,yes
25,technician,single,secondary,no,105,no,yes,cellular,oct,119,1,0,unknown,yes
28,management,married,tertiary,yes,127,no,yes,cellular,jul,41,21,0,unknown,no
48,self-employed,married,secondary,no,-285,yes,yes,cellular,jan,382,1,0,unknown,no
23,technician,single,secondary,no,161,yes,no,cellular,sep,173,1,2,success,yes
53,management,married,secondary,no,343,no,no,cellular,aug,92,2,0,unknown,no
31,services,married,secondary,no,-71,yes,no,unknown,may,109,1,0,unknown,no
47,blue-collar,married,primary,no,592,yes,no,cellular,may,1046,2,1,success,yes
29,management,single,tertiary,no,865,no,no,cellular,jul,993,1,5,failure,yes
56,housemaid,divorced,primary,no,8272,no,no,cellular,nov,388,3,0,unknown,no
46,admin.,divorced,secondary,no,47,yes,no,cellular,nov,107,1,0,unknown,no
34,admin.,single,secondary,no,231,no,no,cellular,nov,76,1,4,failure,no
38,blue-collar,married,secondary,no,386,yes,no,cellular,apr,70,3,0,unknown,no
55,management,married,unknown,no,334,no,no,unknown,jun,89,1,0,unknown,no
42,blue-collar,married,secondary,no,-1075,yes,no,unknown,may,141,1,0,unknown,no
79,retired,married,primary,no,8409,no,no,telephone,jan,330,2,2,success,yes
38,management,married,tertiary,no,251,no,no,cellular,sep,262,12,6,failure,no
26,student,single,secondary,no,2616,yes,no,cellular,may,632,1,0,unknown,no
24,services,single,secondary,no,475,yes,no,unknown,may,1167,1,0,unknown,yes
45,technician,married,secondary,no,2564,no,no,unknown,jun,152,2,0,unknown,no
52,blue-collar,married,secondary,no,789,no,no,cellular,nov,983,2,0,unknown,yes
36,entrepreneur,single,tertiary,no,483,yes,no,unknown,jun,69,3,0,unknown,no
28,admin.,single,secondary,no,129,no,no,cellular,jun,347,1,0,unknown,yes
46,admin.,married,secondary,no,5001,no,no,cellular,jul,992,1,1,success,yes
29,management,married,tertiary,no,521,no,no,unknown,may,940,2,0,unknown,yes
56,retired,married,secondary,no,138,no,yes,cellular,jul,166,1,2,failure,yes
28,blue-collar,single,secondary,no,172,yes,no,unknown,may,69,1,0,unknown,no
31,unemployed,single,tertiary,no,966,no,no,telephone,jun,308,1,0,unknown,yes
67,retired,married,secondary,no,242,no,no,cellular,jan,361,1,1,success,yes
30,management,single,tertiary,no,4939,no,no,cellular,aug,541,2,0,unknown,yes
60,retired,married,secondary,no,128,yes,no,cellular,may,488,2,0,unknown,no
55,entrepreneur,married,secondary,no,915,no,yes,cellular,jul,68,12,0,unknown,no
29,self-employed,married,secondary,no,388,yes,no,unknown,jun,569,15,0,unknown,yes
35,management,married,tertiary,no,2850,no,no,cellular,aug,407,6,0,unknown,yes
41,management,married,tertiary,no,-4,yes,no,cellular,nov,925,3,0,unknown,yes
38,management,married,tertiary,no,88,no,no,cellular,sep,240,12,6,failure,no
53,management,married,tertiary,no,191,yes,no,cellular,jul,81,3,0,unknown,no
26,services,single,tertiary,no,1494,yes,no,cellular,feb,972,2,0,unknown,yes
79,retired,married,primary,no,493,no,no,telephone,jul,1014,2,0,unknown,yes
32,technician,single,tertiary,no,677,yes,no,cellular,may,414,2,4,failure,yes
44,management,married,unknown,no,67,no,no,cellular,oct,298,3,0,unknown,yes
39,housemaid,married,secondary,no,1501,no,no,cellular,nov,117,1,8,success,no
53,admin.,married,secondary,no,-146,no,no,cellular,jan,544,1,0,unknown,yes
48,management,married,tertiary,no,1315,yes,yes,cellular,jun,207,6,8,failure,yes
37,blue-collar,divorced,secondary,no,781,yes,no,cellular,may,114,1,1,failure,no
52,technician,married,secondary,no,23004,yes,no,unknown,may,78,2,0,unknown,no
41,management,married,tertiary,no,-445,yes,yes,unknown,may,143,3,0,unknown,no
30,admin.,divorced,secondary,no,331,yes,no,unknown,may,158,1,0,unknown,no
32,management,married,tertiary,no,765,yes,no,unknown,jun,1045,5,0,unknown,yes
38,services,divorced,primary,no,514,yes,no,unknown,may,176,2,0,unknown,no
32,admin.,married,secondary,no,-40,yes,no,cellular,apr,611,1,1,failure,no
58,retired,divorced,secondary,no,2,no,no,unknown,jun,431,5,0,unknown,no
34,admin.,married,secondary,no,1561,yes,no,cellular,apr,178,1,2,failure,no
25,blue-collar,single,primary,no,536,yes,no,cellular,jul,552,2,0,unknown,yes
46,services,divorced,secondary,no,-95,yes,yes,cellular,may,261,1,0,unknown,no
48,management,single,tertiary,no,591,no,yes,cellular,aug,121,1,0,unknown,no
47,admin.,married,secondary,no,3356,no,no,cellular,apr,463,1,0,unknown,yes
60,retired,married,secondary,no,207,no,no,cellular,oct,1380,1,0,unknown,no
28,technician,single,secondary,no,281,yes,no,cellular,jan,237,2,2,failure,no
50,admin.,divorced,secondary,yes,2436,yes,no,cellular,may,103,1,8,failure,no
30,technician,married,secondary,no,947,no,no,cellular,jan,142,2,0,unknown,no
35,management,married,tertiary,no,1184,no,no,cellular,sep,192,1,0,unknown,yes
40,management,married,unknown,no,-4,no,no,cellular,mar,245,1,0,unknown,yes
48,self-employed,married,secondary,no,322,no,no,cellular,aug,156,8,0,unknown,no
39,technician,married,secondary,no,7262,yes,no,cellular,nov,247,2,1,failure,no
56,management,married,tertiary,no,862,no,no,cellular,nov,586,3,0,unknown,yes
31,management,single,tertiary,no,103,yes,no,cellular,may,435,1,1,other,no
41,services,single,secondary,no,116,no,no,cellular,nov,316,1,0,unknown,yes
41,blue-collar,married,primary,no,242,yes,no,unknown,jun,203,2,0,unknown,no
36,technician,married,secondary,no,75,yes,no,unknown,may,74,1,0,unknown,no
35,admin.,married,tertiary,no,-211,no,no,cellular,jan,160,2,0,unknown,yes
44,admin.,married,secondary,no,1672,no,no,unknown,jun,149,3,0,unknown,no
28,management,single,tertiary,no,607,yes,no,cellular,jul,161,2,0,unknown,no
36,services,married,secondary,no,5191,no,no,unknown,may,138,1,0,unknown,no
76,retired,married,primary,no,-55,no,no,cellular,feb,400,11,0,unknown,yes
52,admin.,divorced,secondary,no,635,yes,no,unknown,may,172,1,0,unknown,no
37,management,married,tertiary,no,4245,yes,no,cellular,may,71,2,2,failure,no
57,blue-collar,married,secondary,no,435,no,no,unknown,jun,106,1,0,unknown,no
42,blue-collar,single,primary,no,163,yes,no,telephone,may,7,4,5,failure,no
35,technician,single,tertiary,no,310,no,no,unknown,may,100,5,0,unknown,no
46,management,single,tertiary,no,1754,no,no,telephone,feb,47,1,0,unknown,no
25,entrepreneur,married,tertiary,yes,-134,no,yes,cellular,jul,731,1,0,unknown,no
34,blue-collar,married,secondary,no,-234,no,no,unknown,may,311,1,0,unknown,no
35,management,married,tertiary,no,193,no,no,cellular,feb,477,2,2,failure,yes
45,management,married,tertiary,no,1416,yes,yes,cellular,aug,1275,1,0,unknown,yes
59,technician,divorced,secondary,no,2716,yes,no,cellular,aug,400,2,0,unknown,no
33,technician,single,tertiary,no,6918,no,no,cellular,aug,528,2,0,unknown,yes
36,management,single,tertiary,no,379,yes,no,cellular,nov,567,1,7,failure,yes
58,management,married,tertiary,no,1617,yes,no,cellular,jul,185,1,0,unknown,no
31,services,single,secondary,no,147,no,no,cellular,jan,137,1,0,unknown,no
43,admin.,single,secondary,no,-387,yes,yes,cellular,feb,755,2,4,failure,yes
44,services,married,unknown,no,8622,no,no,cellular,jun,82,2,0,unknown,no
39,management,married,tertiary,no,129,yes,yes,cellular,aug,905,1,0,unknown,yes
31,blue-collar,single,secondary,no,48,yes,no,cellular,may,566,1,7,failure,yes
66,retired,married,secondary,no,3576,no,no,cellular,apr,436,2,0,unknown,no
64,retired,married,primary,no,2092,no,no,cellular,mar,878,3,2,failure,yes
48,management,married,tertiary,no,1759,yes,no,cellular,feb,266,1,0,unknown,yes
36,technician,married,tertiary,no,650,no,no,cellular,mar,256,1,0,unknown,yes
50,services,married,secondary,no,1035,no,no,unknown,jun,44,2,0,unknown,no
46,technician,divorced,secondary,no,-38,no,no,cellular,aug,94,2,0,unknown,no
34,entrepreneur,married,tertiary,no,-152,yes,no,cellular,may,591,1,1,failure,yes
34,services,married,secondary,no,-136,yes,no,unknown,may,352,1,0,unknown,no
30,technician,single,secondary,no,421,no,no,cellular,oct,175,1,0,unknown,yes
53,blue-collar,married,secondary,no,50,no,no,cellular,aug,538,2,0,unknown,yes
26,unknown,single,secondary,no,3227,no,no,telephone,feb,357,3,0,unknown,no
72,retired,married,secondary,no,3048,no,no,cellular,feb,159,1,0,unknown,yes
37,admin.,single,secondary,no,4133,no,no,unknown,jun,344,2,0,unknown,no
25,services,single,secondary,no,2501,no,yes,cellular,jul,1094,2,0,unknown,yes
50,management,divorced,primary,no,79,yes,no,unknown,may,94,2,0,unknown,no
38,blue-collar,married,secondary,no,-257,yes,no,unknown,may,23,1,0,unknown,no
42,management,married,tertiary,no,-45,yes,no,cellular,may,764,1,0,unknown,yes
27,technician,divorced,secondary,no,470,yes,no,cellular,may,344,1,1,failure,no
31,services,married,secondary,no,435,yes,no,unknown,may,220,1,0,unknown,no
46,housemaid,married,primary,no,363,no,no,cellular,aug,149,1,0,unknown,no
40,admin.,married,tertiary,no,854,yes,no,unknown,nov,79,1,0,unknown,yes
59,housemaid,married,secondary,no,-169,no,no,telephone,aug,700,2,5,failure,yes
52,blue-collar,married,primary,no,4887,yes,no,unknown,jun,173,2,0,unknown,no
44,services,married,secondary,no,-182,yes,yes,cellular,jul,38,2,0,unknown,no
34,blue-collar,married,primary,no,4556,yes,no,unknown,may,192,3,0,unknown,no
38,technician,married,secondary,no,1556,yes,no,cellular,jun,165,3,0,unknown,yes
33,management,married,tertiary,no,386,no,no,cellular,mar,372,6,0,unknown,yes
30,admin.,married,secondary,no,430,yes,no,cellular,may,403,5,3,other,no
32,technician,single,tertiary,no,5497,no,no,telephone,oct,187,1,0,unknown,yes
34,blue-collar,divorced,secondary,no,281,yes,no,unknown,may,2236,1,0,unknown,yes
60,admin.,married,secondary,no,3924,no,no,cellular,dec,192,1,9,success,yes
33,management,single,tertiary,no,5330,no,no,cellular,oct,197,1,3,failure,yes
65,retired,married,tertiary,no,1484,no,no,telephone,mar,339,4,4,success,yes
33,technician,married,tertiary,no,-970,yes,no,cellular,jul,357,3,0,unknown,no
41,blue-collar,divorced,secondary,no,-32,yes,no,cellular,jul,229,4,0,unknown,no
44,technician,single,secondary,no,173,yes,no,cellular,may,377,3,0,unknown,no
26,admin.,married,secondary,no,408,yes,yes,unknown,jun,1264,2,0,unknown,yes
31,management,married,tertiary,no,25,yes,no,cellular,may,110,2,1,failure,no
34,self-employed,single,tertiary,no,5026,no,no,cellular,apr,429,1,0,unknown,yes
39,blue-collar,married,primary,no,273,no,no,unknown,jun,125,6,0,unknown,no
49,admin.,single,secondary,no,7168,no,no,telephone,nov,79,2,0,unknown,no
77,retired,divorced,primary,no,519,no,no,telephone,apr,128,7,0,unknown,no
27,services,single,tertiary,no,1656,yes,no,cellular,jul,179,1,0,unknown,no
37,technician,married,secondary,no,280,no,no,cellular,feb,412,1,5,failure,yes
52,management,married,tertiary,no,1004,no,no,cellular,aug,55,4,0,unknown,no
60,blue-collar,married,primary,no,28996,no,no,telephone,jun,92,2,0,unknown,no
59,retired,married,primary,no,1075,no,no,cellular,aug,179,2,0,unknown,yes
22,student,single,secondary,no,492,no,no,cellular,jul,147,1,0,unknown,yes
30,admin.,married,secondary,no,-46,yes,no,cellular,may,381,3,2,failure,yes
52,admin.,single,secondary,no,734,yes,no,cellular,may,712,1,9,failure,yes
33,management,married,tertiary,no,613,no,no,cellular,aug,921,5,0,unknown,no
38,admin.,divorced,secondary,no,768,yes,no,cellular,may,51,1,0,unknown,no
54,self-employed,married,secondary,no,581,yes,no,cellular,jul,110,4,0,unknown,no
56,management,married,tertiary,no,277,no,yes,telephone,jul,603,2,0,unknown,no
36,management,married,tertiary,no,4116,no,no,cellular,nov,142,1,0,unknown,no
40,admin.,married,tertiary,no,860,yes,no,unknown,nov,84,1,0,unknown,yes
41,blue-collar,married,secondary,no,-465,no,yes,cellular,jul,786,3,0,unknown,yes
38,management,married,tertiary,no,2593,no,no,cellular,jul,224,2,0,unknown,no
27,admin.,single,tertiary,no,743,no,no,cellular,apr,354,1,0,unknown,no
50,unemployed,married,primary,no,549,no,no,unknown,jun,550,1,0,unknown,yes
68,retired,married,tertiary,no,2969,no,no,cellular,feb,290,2,1,failure,yes
32,technician,single,secondary,no,1522,yes,no,cellular,aug,307,8,0,unknown,yes
51,management,married,secondary,no,1682,no,no,cellular,aug,83,18,0,unknown,no
29,admin.,single,tertiary,no,399,no,no,cellular,mar,136,19,0,unknown,no
49,management,divorced,tertiary,no,492,no,no,cellular,jul,289,1,0,unknown,yes
35,management,married,tertiary,no,862,no,no,cellular,nov,176,1,0,unknown,no
56,technician,married,secondary,no,348,yes,no,unknown,oct,549,1,2,success,yes
49,technician,divorced,tertiary,no,1765,yes,no,cellular,jun,230,1,1,success,no
58,housemaid,married,primary,no,173,no,no,cellular,aug,1132,1,0,unknown,yes
59,unknown,married,unknown,no,2720,no,no,unknown,jun,14,8,0,unknown,no
40,technician,divorced,secondary,no,1516,no,yes,cellular,aug,177,2,0,unknown,no
31,technician,single,tertiary,no,38,no,no,cellular,jun,87,3,0,unknown,yes
32,services,married,secondary,no,1033,yes,yes,unknown,may,259,1,0,unknown,no
39,housemaid,single,primary,no,76,yes,no,cellular,may,1238,1,1,failure,yes
50,blue-collar,married,secondary,no,-163,yes,no,unknown,may,125,1,0,unknown,no
57,services,divorced,primary,no,2269,yes,no,cellular,may,2,4,0,unknown,no
47,admin.,divorced,secondary,no,625,yes,yes,telephone,oct,464,1,0,unknown,yes
29,technician,married,secondary,no,181,no,yes,cellular,feb,159,3,0,unknown,yes
23,student,single,unknown,no,2503,no,no,cellular,may,404,1,0,unknown,yes
58,services,divorced,secondary,no,578,no,no,cellular,aug,326,1,0,unknown,yes
59,housemaid,married,tertiary,no,193,no,no,telephone,nov,522,1,0,unknown,yes
48,admin.,married,secondary,no,1208,yes,no,cellular,apr,79,2,3,failure,no
61,management,married,tertiary,no,-167,no,no,cellular,sep,817,1,3,success,yes
46,technician,married,tertiary,no,-24,no,no,cellular,nov,504,1,1,failure,yes
37,admin.,married,secondary,no,2018,yes,yes,cellular,jun,476,1,3,failure,yes
28,blue-collar,single,secondary,no,-254,yes,no,cellular,jun,168,2,12,success,yes
25,student,single,unknown,no,476,no,no,cellular,sep,106,1,0,unknown,yes
39,technician,single,tertiary,no,982,no,no,unknown,jun,44,5,0,unknown,no
45,housemaid,married,secondary,no,224,yes,no,unknown,may,609,1,0,unknown,no
36,management,single,tertiary,no,2083,no,no,cellular,jun,304,1,0,unknown,no
35,management,married,tertiary,no,26,no,no,cellular,aug,401,4,0,unknown,yes
35,management,single,tertiary,no,1164,yes,no,cellular,may,461,2,0,unknown,yes
29,management,single,tertiary,no,1760,no,no,cellular,sep,234,1,4,success,yes
31,management,married,tertiary,no,227,yes,no,cellular,jul,1154,2,0,unknown,yes
40,admin.,single,secondary,no,166,yes,no,cellular,may,90,2,4,failure,no
43,self-employed,married,secondary,no,5729,yes,no,cellular,aug,151,2,0,unknown,no
41,blue-collar,married,secondary,no,2071,no,no,cellular,nov,39,1,2,success,no
40,blue-collar,single,primary,no,1397,yes,no,cellular,apr,7,3,1,failure,no
37,student,divorced,tertiary,no,192,no,no,telephone,jul,118,6,0,unknown,no
49,management,married,tertiary,no,915,yes,no,unknown,may,45,3,0,unknown,no
40,technician,single,tertiary,no,483,no,no,cellular,jan,438,1,0,unknown,no
39,technician,married,secondary,no,565,yes,no,cellular,nov,1563,4,0,unknown,yes
42,admin.,married,secondary,no,6626,yes,no,unknown,jun,2,8,0,unknown,no
82,housemaid,divorced,primary,no,1537,no,no,cellular,jul,847,5,4,failure,yes
28,unemployed,single,primary,no,1584,no,no,cellular,nov,320,3,4,success,yes
61,retired,divorced,secondary,no,4205,no,no,cellular,apr,329,1,2,success,yes
56,blue-collar,married,primary,no,608,no,no,unknown,may,17,1,0,unknown,no
25,management,single,tertiary,no,807,no,no,cellular,jun,634,2,0,unknown,yes
52,blue-collar,married,secondary,no,108,no,no,cellular,jan,342,2,0,unknown,no
46,management,married,secondary,no,48,yes,no,cellular,may,295,1,0,unknown,no
61,blue-collar,married,primary,no,-7,yes,yes,cellular,may,781,4,3,failure,no
34,blue-collar,married,secondary,no,710,yes,no,cellular,may,181,2,2,failure,no
26,management,single,tertiary,no,3932,yes,no,cellular,may,986,2,0,unknown,yes
48,blue-collar,married,secondary,no,1311,yes,no,telephone,nov,358,1,0,unknown,yes
53,blue-collar,divorced,primary,no,121,no,no,cellular,nov,34,1,0,unknown,no
29,blue-collar,single,primary,no,21,yes,no,cellular,jul,105,5,0,unknown,no
40,admin.,married,secondary,no,1136,no,yes,cellular,nov,65,1,0,unknown,no
46,entrepreneur,divorced,secondary,no,437,yes,yes,cellular,nov,125,1,0,unknown,no
29,admin.,single,secondary,no,60,yes,no,cellular,jul,104,5,0,unknown,no
53,retired,divorced,tertiary,no,-184,no,no,unknown,may,606,1,0,unknown,yes
49,technician,married,secondary,yes,89,yes,no,cellular,nov,115,1,0,unknown,no
33,self-employed,married,secondary,no,302,yes,no,cellular,jul,542,12,0,unknown,no
30,self-employed,married,tertiary,no,255,no,no,cellular,jan,178,1,0,unknown,no
40,management,married,tertiary,no,107,yes,yes,cellular,may,463,1,1,success,yes
40,blue-collar,married,primary,no,409,yes,no,unknown,may,100,3,0,unknown,no
53,technician,married,secondary,no,5357,yes,no,unknown,oct,129,1,0,unknown,yes
32,blue-collar,married,secondary,yes,-173,yes,no,cellular,apr,619,1,1,other,yes
78,retired,married,primary,no,2629,no,no,telephone,aug,354,1,20,failure,yes
53,services,divorced,primary,no,3116,no,no,unknown,jun,146,1,0,unknown,no
27,blue-collar,single,secondary,no,456,yes,no,cellular,apr,294,2,0,unknown,no
31,admin.,single,secondary,no,-1,no,no,cellular,apr,517,1,0,unknown,yes
33,technician,single,tertiary,no,-162,no,no,cellular,aug,108,2,0,unknown,no
41,entrepreneur,married,primary,no,477,no,no,unknown,jun,275,1,0,unknown,no
34,management,single,tertiary,no,-83,no,no,cellular,aug,65,6,0,unknown,no
28,admin.,single,secondary,no,235,yes,yes,cellular,jan,234,3,6,success,yes
31,blue-collar,married,primary,no,651,yes,no,unknown,may,316,10,0,unknown,no
41,blue-collar,divorced,secondary,no,-202,yes,no,unknown,may,23,3,0,unknown,no
60,management,married,tertiary,no,2028,no,no,telephone,aug,245,3,0,unknown,yes
24,admin.,single,tertiary,no,-72,no,no,cellular,mar,79,4,0,unknown,yes
33,technician,married,tertiary,no,6706,no,no,cellular,nov,766,1,10,other,yes
36,blue-collar,married,primary,no,1201,yes,no,cellular,nov,22,8,1,other,no
40,housemaid,divorced,secondary,no,219,no,no,unknown,may,97,1,0,unknown,no
66,self-employed,married,tertiary,no,53,no,no,telephone,jan,372,1,0,unknown,yes
59,retired,married,tertiary,no,1658,no,no,cellular,aug,855,11,0,unknown,no
51,services,married,secondary,no,931,yes,no,cellular,oct,408,1,1,failure,yes
26,technician,single,tertiary,no,423,no,no,cellular,jul,432,1,0,unknown,no
32,technician,married,tertiary,no,4243,no,no,cellular,apr,417,1,0,unknown,yes
39,services,married,secondary,no,21014,no,no,cellular,may,1178,1,1,other,no
40,blue-collar,married,secondary,no,1897,yes,no,cellular,may,244,1,0,unknown,no
54,management,married,tertiary,no,1228,no,yes,cellular,jul,133,3,0,unknown,no
50,management,divorced,tertiary,no,480,no,no,cellular,apr,97,6,0,unknown,no
31,admin.,married,secondary,no,879,yes,no,cellular,may,614,3,0,unknown,yes
31,admin.,married,secondary,no,104,no,no,cellular,aug,321,7,0,unknown,no
45,admin.,divorced,secondary,no,174,yes,no,cellular,jul,869,8,0,unknown,yes
48,unknown,married,unknown,no,521,no,no,cellular,aug,435,6,0,unknown,no
35,technician,single,secondary,no,270,no,no,cellular,aug,524,16,0,unknown,yes
40,management,married,secondary,no,8555,no,no,unknown,may,273,3,0,unknown,no
73,retired,single,secondary,no,877,no,no,cellular,mar,537,3,2,failure,yes
55,blue-collar,married,unknown,no,1098,no,no,cellular,aug,1302,2,0,unknown,yes
37,admin.,single,secondary,no,-63,yes,no,cellular,may,1389,4,2,failure,yes
60,retired,married,secondary,no,350,no,yes,cellular,jul,46,5,0,unknown,no
59,retired,married,secondary,no,7241,no,no,telephone,nov,1037,2,0,unknown,yes
26,technician,single,tertiary,no,11634,no,no,cellular,feb,118,1,0,unknown,yes
63,entrepreneur,married,secondary,no,3947,no,no,telephone,nov,355,1,4,success,yes
55,housemaid,married,primary,no,1404,no,no,unknown,jun,356,1,0,unknown,no
59,blue-collar,married,secondary,no,2540,no,no,cellular,jan,87,2,0,unknown,no
33,technician,married,tertiary,no,4401,no,no,cellular,apr,422,1,0,unknown,yes
37,blue-collar,single,secondary,no,325,no,no,unknown,sep,14,1,0,unknown,no
41,blue-collar,single,secondary,no,988,yes,yes,cellular,may,963,3,4,failure,yes
48,services,divorced,unknown,no,1046,no,no,cellular,oct,348,1,2,success,yes
59,blue-collar,married,secondary,no,-118,yes,no,unknown,may,232,1,0,unknown,no
39,management,married,tertiary,no,-55,yes,no,unknown,jun,507,1,0,unknown,no
39,management,married,unknown,no,153,no,no,cellular,mar,268,1,0,unknown,yes
40,management,married,tertiary,no,1371,yes,yes,cellular,may,1074,4,3,failure,yes
29,technician,single,tertiary,no,140,yes,no,cellular,may,245,1,2,failure,yes
41,management,divorced,secondary,no,93,no,no,cellular,aug,449,2,0,unknown,no
30,student,single,tertiary,no,3183,no,no,cellular,jul,267,1,1,failure,yes
35,admin.,married,secondary,no,1114,no,no,cellular,jun,296,4,0,unknown,yes
38,management,married,secondary,no,487,no,no,cellular,apr,445,1,1,success,yes
52,admin.,married,secondary,no,1052,no,yes,cellular,jul,87,1,0,unknown,no
39,unemployed,single,tertiary,no,373,no,no,cellular,oct,604,1,1,failure,yes
49,blue-collar,married,tertiary,no,1990,no,no,unknown,jun,757,1,0,unknown,no
40,services,married,secondary,no,293,yes,no,cellular,jul,401,4,0,unknown,yes
34,management,married,tertiary,no,-346,yes,no,telephone,sep,299,1,1,other,yes
63,retired,married,unknown,no,2374,no,no,telephone,apr,1340,4,0,unknown,yes
33,technician,single,tertiary,no,-93,yes,no,cellular,nov,664,1,0,unknown,yes
34,management,single,tertiary,no,131,no,no,cellular,sep,401,2,4,success,yes
46,self-employed,married,tertiary,no,171,yes,yes,unknown,may,230,1,0,unknown,no
36,entrepreneur,married,secondary,no,3013,no,no,cellular,nov,223,1,8,failure,yes
48,blue-collar,married,primary,no,480,no,no,cellular,jul,469,1,0,unknown,no
52,services,married,primary,no,832,no,no,unknown,jun,35,2,0,unknown,no
88,retired,married,secondary,no,312,no,no,telephone,sep,159,1,1,failure,no
35,blue-collar,single,secondary,no,214,no,no,unknown,jun,224,1,0,unknown,no
47,admin.,married,secondary,no,3030,no,no,cellular,aug,672,4,0,unknown,yes
36,student,married,primary,no,3581,no,no,unknown,jun,23,1,0,unknown,no
34,blue-collar,married,primary,no,-709,yes,no,cellular,may,77,1,1,failure,no
51,management,married,tertiary,no,6902,no,no,unknown,jun,77,3,0,unknown,no
37,blue-collar,married,primary,no,2114,yes,no,cellular,may,698,3,4,failure,yes
35,blue-collar,married,primary,no,220,yes,no,unknown,may,384,2,0,unknown,no
27,blue-collar,married,unknown,no,391,yes,no,cellular,may,508,1,0,unknown,yes
44,entrepreneur,married,secondary,no,793,yes,yes,cellular,may,103,2,5,failure,no
32,management,married,tertiary,no,1178,yes,no,telephone,may,347,4,0,unknown,no
34,management,married,tertiary,no,390,yes,yes,cellular,jul,113,1,0,unknown,no
35,technician,married,secondary,no,5383,yes,no,cellular,apr,366,3,7,failure,no
89,retired,divorced,primary,no,596,no,no,telephone,mar,542,1,0,unknown,yes
39,entrepreneur,married,primary,no,400,yes,no,unknown,oct,180,1,0,unknown,yes
44,services,married,tertiary,no,4421,no,no,cellular,dec,122,2,2,success,yes
28,management,single,tertiary,no,7001,no,no,cellular,aug,184,2,26,other,yes
57,management,divorced,tertiary,no,9019,yes,no,cellular,aug,839,2,0,unknown,yes
77,retired,married,unknown,no,4918,no,no,telephone,oct,997,4,0,unknown,yes
29,management,single,tertiary,no,184,yes,no,unknown,may,583,12,0,unknown,yes
56,services,married,primary,no,229,yes,no,unknown,jun,432,1,0,unknown,no
36,unemployed,married,secondary,no,1628,no,no,unknown,jun,590,2,0,unknown,yes
28,management,married,secondary,no,130,yes,no,cellular,sep,101,2,2,other,no
72,retired,married,primary,no,541,no,no,cellular,apr,376,2,0,unknown,yes
39,management,single,tertiary,no,-146,no,no,cellular,aug,1237,3,0,unknown,no
54,management,married,tertiary,no,3990,no,no,cellular,apr,339,1,2,failure,yes
76,retired,married,secondary,no,771,no,no,telephone,apr,304,4,0,unknown,yes
38,blue-collar,married,secondary,no,278,yes,no,unknown,may,277,2,0,unknown,no
42,self-employed,married,secondary,no,192,yes,no,cellular,feb,182,1,16,other,no
34,technician,single,tertiary,no,2377,no,no,cellular,aug,128,9,0,unknown,no
35,management,single,tertiary,no,768,no,no,cellular,jun,269,2,0,unknown,yes
27,admin.,single,tertiary,no,1549,yes,no,cellular,jul,72,7,0,unknown,no
52,technician,married,tertiary,no,2563,no,no,cellular,jul,89,4,7,success,no
37,blue-collar,married,secondary,no,566,yes,no,unknown,may,107,2,0,unknown,no
20,blue-collar,single,secondary,no,648,no,no,cellular,mar,257,1,0,unknown,yes
48,management,married,tertiary,no,1587,yes,yes,telephone,nov,36,1,0,unknown,no
32,management,single,tertiary,no,308,no,no,cellular,jan,105,1,3,success,no
38,technician,married,tertiary,no,3298,no,no,cellular,nov,596,2,0,unknown,yes
32,unemployed,single,tertiary,no,4799,no,no,telephone,feb,362,2,0,unknown,no
29,management,single,tertiary,no,191,no,no,cellular,may,296,2,0,unknown,yes
51,blue-collar,married,primary,no,89,no,no,unknown,jun,165,2,0,unknown,no
34,services,divorced,secondary,no,-377,no,no,cellular,jul,225,1,0,unknown,no
44,services,married,primary,no,2486,yes,no,telephone,apr,177,2,3,failure,yes
39,management,married,tertiary,no,4355,no,no,cellular,jul,292,3,1,failure,yes
31,student,single,tertiary,no,22,yes,no,cellular,may,26,1,0,unknown,no
44,management,single,tertiary,no,600,yes,no,cellular,nov,61,1,0,unknown,no
48,blue-collar,divorced,primary,no,34,yes,no,unknown,jun,2453,2,0,unknown,yes
40,management,married,tertiary,no,4770,no,no,cellular,jul,234,3,1,failure,yes
35,blue-collar,married,secondary,no,1205,yes,no,unknown,may,29,17,0,unknown,no
49,technician,married,secondary,no,2542,yes,no,cellular,nov,32,1,1,failure,no
36,technician,single,secondary,no,-250,no,no,cellular,jan,730,1,0,unknown,yes
48,blue-collar,married,secondary,no,422,yes,no,telephone,feb,698,8,0,unknown,no
29,management,single,tertiary,no,508,no,no,cellular,apr,386,2,3,other,no
36,services,married,unknown,no,556,no,no,cellular,jul,403,1,2,success,yes
46,management,divorced,tertiary,no,1220,no,no,cellular,jul,238,2,0,unknown,yes
71,retired,married,secondary,no,5,no,no,cellular,aug,1172,3,1,other,no
36,admin.,single,secondary,no,255,yes,no,unknown,jun,139,3,0,unknown,no
49,technician,single,unknown,no,505,no,no,cellular,jan,83,3,0,unknown,no
42,entrepreneur,single,primary,no,7387,no,yes,unknown,jul,122,3,0,unknown,no
60,retired,married,tertiary,no,9745,no,no,telephone,mar,222,2,0,unknown,yes
44,blue-collar,married,primary,no,3979,yes,no,cellular,may,950,4,0,unknown,yes
40,technician,married,secondary,no,641,no,yes,cellular,apr,184,1,0,unknown,yes
30,blue-collar,married,secondary,no,684,yes,yes,cellular,nov,1019,1,1,failure,yes
61,technician,married,secondary,no,1178,yes,no,cellular,aug,282,1,8,success,yes
54,blue-collar,married,secondary,no,443,yes,no,cellular,nov,184,2,2,failure,no
31,technician,single,secondary,no,317,no,no,cellular,may,128,1,2,other,yes
31,admin.,single,secondary,no,654,no,yes,cellular,mar,73,1,0,unknown,yes
38,technician,single,secondary,no,1098,yes,no,cellular,may,234,1,0,unknown,no
42,admin.,married,secondary,no,6332,yes,no,unknown,jun,31,8,0,unknown,no
56,blue-collar,married,unknown,no,5933,no,no,cellular,aug,142,2,0,unknown,no
28,student,single,tertiary,no,274,no,no,cellular,aug,265,1,0,unknown,yes
38,management,married,tertiary,no,-384,no,yes,unknown,jun,927,8,0,unknown,yes
29,admin.,divorced,secondary,no,612,yes,no,cellular,may,200,1,0,unknown,no
32,admin.,single,secondary,no,4307,no,no,cellular,nov,248,1,0,unknown,yes
70,retired,married,primary,no,2199,no,no,cellular,feb,398,2,0,unknown,yes
52,admin.,married,secondary,no,1796,yes,no,cellular,nov,169,3,0,unknown,no
24,student,single,tertiary,no,25,no,no,cellular,nov,276,1,0,unknown,yes
33,management,single,tertiary,no,-111,no,no,cellular,aug,216,3,0,unknown,no
36,management,married,tertiary,no,374,no,no,cellular,jul,750,4,0,unknown,yes
31,self-employed,single,tertiary,no,2280,no,no,cellular,nov,627,1,0,unknown,yes
39,services,married,secondary,no,-428,yes,no,unknown,may,164,3,0,unknown,no
40,management,married,tertiary,no,1880,yes,yes,cellular,may,1105,4,3,failure,yes
26,technician,single,tertiary,no,15721,no,no,cellular,feb,288,1,0,unknown,yes
52,management,married,tertiary,no,4691,no,no,cellular,apr,127,1,0,unknown,yes
52,self-employed,married,secondary,no,-37,yes,no,cellular,jul,1307,4,0,unknown,yes
50,technician,divorced,secondary,no,40,yes,yes,cellular,may,686,2,1,failure,yes
20,student,single,secondary,no,95,no,no,telephone,may,72,3,0,unknown,no
21,unemployed,single,secondary,no,1412,no,no,cellular,feb,108,1,0,unknown,no
45,management,married,tertiary,no,577,no,no,cellular,apr,554,1,0,unknown,yes
42,technician,married,secondary,no,1105,yes,no,cellular,may,370,5,0,unknown,no
62,housemaid,married,unknown,no,1883,no,no,telephone,feb,323,1,0,unknown,yes
42,management,single,tertiary,no,11683,no,no,cellular,apr,165,1,0,unknown,yes
36,technician,married,tertiary,no,656,no,no,cellular,apr,175,1,0,unknown,no
30,self-employed,married,tertiary,no,3036,no,no,cellular,feb,456,1,0,unknown,yes
31,services,married,secondary,no,489,yes,yes,cellular,jul,227,1,0,unknown,no
36,admin.,divorced,secondary,no,844,no,no,cellular,feb,191,6,12,other,yes
57,technician,married,primary,no,3442,yes,no,telephone,jun,407,2,0,unknown,yes
52,services,married,primary,no,73,no,no,unknown,may,130,1,0,unknown,no
41,services,married,unknown,no,16,yes,no,cellular,may,102,1,2,failure,no
65,retired,married,primary,no,227,no,no,cellular,sep,167,3,1,success,yes
53,management,married,tertiary,no,368,no,no,cellular,aug,203,2,0,unknown,no
56,retired,married,secondary,no,450,no,no,cellular,aug,165,2,0,unknown,no
43,services,married,secondary,no,-222,yes,no,cellular,jul,749,7,0,unknown,yes
54,management,divorced,tertiary,no,2032,no,no,cellular,nov,166,2,1,failure,yes
39,blue-collar,single,secondary,no,-23,no,no,cellular,may,30,1,2,other,no
32,blue-collar,single,secondary,no,737,yes,no,cellular,may,275,2,4,other,no
43,technician,married,secondary,no,130,no,no,cellular,jul,360,2,0,unknown,no
36,blue-collar,married,secondary,no,215,yes,no,cellular,apr,487,3,1,other,yes
64,retired,married,secondary,no,1775,no,no,cellular,apr,50,6,0,unknown,no
40,self-employed,single,tertiary,no,1035,no,no,cellular,may,199,3,0,unknown,yes
43,management,single,tertiary,no,1483,no,no,cellular,aug,515,2,0,unknown,yes
31,admin.,single,secondary,no,112,yes,no,cellular,nov,1973,1,0,unknown,yes
70,retired,married,primary,no,3024,no,no,cellular,jul,475,1,2,success,yes
33,student,single,unknown,no,5698,no,no,cellular,nov,103,2,0,unknown,no
44,services,divorced,unknown,no,2352,yes,no,cellular,nov,219,1,0,unknown,no
26,student,single,unknown,no,402,no,no,cellular,feb,162,1,0,unknown,no
45,management,married,tertiary,no,-5,no,no,cellular,feb,317,2,1,failure,yes
47,technician,married,secondary,no,339,no,no,cellular,jun,218,1,1,success,yes
36,student,single,tertiary,no,211,no,no,cellular,jan,957,1,1,success,yes
35,blue-collar,married,primary,no,153,yes,no,cellular,may,376,1,3,failure,no
24,self-employed,single,secondary,no,1108,yes,no,unknown,may,636,2,0,unknown,yes
28,blue-collar,single,secondary,no,178,no,no,cellular,jan,139,2,0,unknown,no
46,self-employed,married,secondary,no,989,no,no,cellular,may,588,1,3,failure,yes
56,technician,married,secondary,no,125,no,no,cellular,nov,875,3,0,unknown,yes
32,technician,single,secondary,no,-208,no,no,cellular,aug,606,4,0,unknown,yes
35,management,married,tertiary,no,611,no,no,cellular,jan,258,2,0,unknown,yes
28,blue-collar,single,secondary,no,122,no,no,unknown,jun,5,1,0,unknown,no
34,technician,married,tertiary,no,189,yes,no,cellular,nov,77,1,0,unknown,no
47,blue-collar,married,secondary,no,546,yes,no,cellular,may,280,1,5,success,yes
50,management,married,unknown,no,8504,no,no,cellular,feb,211,1,1,failure,yes
39,management,divorced,tertiary,no,2054,yes,yes,unknown,jun,558,3,0,unknown,no
33,services,married,secondary,no,846,no,no,cellular,nov,153,2,0,unknown,no
56,technician,divorced,tertiary,no,-47,no,no,cellular,nov,122,2,1,success,yes
53,blue-collar,married,secondary,no,611,yes,no,cellular,may,310,2,0,unknown,no
38,technician,married,tertiary,no,4381,no,no,cellular,feb,1368,4,0,unknown,yes
30,blue-collar,single,secondary,no,2300,no,no,cellular,jul,96,1,0,unknown,no
58,admin.,married,secondary,no,2115,yes,yes,cellular,may,1089,1,0,unknown,yes
76,retired,married,unknown,no,3271,no,no,telephone,may,358,3,0,unknown,yes
66,retired,married,secondary,no,3587,no,no,cellular,apr,415,2,0,unknown,no
44,management,married,tertiary,no,1509,no,no,cellular,jul,152,3,0,unknown,no
52,technician,married,tertiary,no,572,no,no,cellular,may,647,3,0,unknown,yes
58,blue-collar,married,secondary,no,1230,yes,no,unknown,may,526,4,0,unknown,no
47,housemaid,divorced,primary,no,1430,no,no,unknown,jun,129,1,0,unknown,no
35,student,single,secondary,no,278,yes,no,cellular,may,878,1,8,success,yes
40,technician,married,secondary,no,7060,no,no,cellular,aug,284,4,0,unknown,yes
30,admin.,single,secondary,no,-160,no,no,cellular,sep,335,3,0,unknown,yes
59,management,single,tertiary,no,7596,no,no,cellular,aug,120,1,0,unknown,no
38,technician,married,primary,no,193,yes,no,unknown,jun,513,6,0,unknown,yes
18,student,single,unknown,no,-330,no,no,cellular,aug,115,2,0,unknown,yes
34,student,single,unknown,no,2204,no,no,cellular,apr,686,2,2,failure,no
42,blue-collar,single,primary,no,128,yes,no,telephone,may,13,4,5,failure,no
25,services,divorced,secondary,no,1784,no,no,cellular,jul,163,2,0,unknown,no
23,student,single,secondary,no,1909,no,no,cellular,aug,1363,1,0,unknown,yes
35,management,single,tertiary,no,776,no,no,cellular,apr,150,1,0,unknown,yes
56,technician,married,tertiary,no,1114,no,no,cellular,jan,182,1,1,failure,yes
56,services,divorced,secondary,no,141,no,no,cellular,jul,325,3,0,unknown,no
72,retired,married,tertiary,no,3486,no,no,telephone,sep,506,3,7,success,yes
32,management,married,tertiary,no,1461,no,no,cellular,aug,243,3,0,unknown,yes
27,management,single,tertiary,no,1720,no,no,cellular,apr,504,4,5,success,yes
28,services,single,secondary,no,624,no,no,cellular,apr,127,2,0,unknown,yes
45,management,married,secondary,no,365,no,no,cellular,aug,306,3,0,unknown,yes
32,management,single,tertiary,no,698,yes,no,unknown,may,509,2,0,unknown,yes
36,admin.,married,secondary,no,794,yes,no,cellular,nov,560,3,0,unknown,no
49,admin.,married,secondary,no,3885,no,no,cellular,nov,535,1,0,unknown,yes
35,technician,married,tertiary,no,1340,no,no,cellular,jul,648,4,0,unknown,yes
38,admin.,single,secondary,no,187,yes,no,cellular,may,26,2,5,failure,no
36,services,married,secondary,no,41,yes,no,unknown,may,352,3,0,unknown,no
42,services,married,secondary,no,140,yes,yes,cellular,apr,158,1,2,failure,no
45,admin.,married,secondary,no,5233,yes,yes,unknown,oct,183,1,0,unknown,yes
35,blue-collar,married,primary,no,564,yes,no,unknown,jun,923,1,0,unknown,yes
25,technician,married,secondary,no,215,yes,no,cellular,nov,363,2,2,success,yes
35,student,single,secondary,no,152,yes,no,cellular,may,873,1,8,success,yes
57,entrepreneur,married,secondary,no,970,no,no,cellular,aug,175,2,0,unknown,no
27,services,single,secondary,no,1935,yes,no,cellular,jul,1026,1,0,unknown,yes
46,admin.,single,secondary,no,633,yes,no,cellular,apr,164,3,0,unknown,no
39,admin.,single,secondary,no,1056,no,no,unknown,jun,191,3,0,unknown,no
46,entrepreneur,divorced,secondary,no,1253,no,yes,cellular,nov,143,1,0,unknown,no
38,services,married,secondary,no,10,no,no,cellular,jul,243,2,0,unknown,no
29,unemployed,single,tertiary,no,54,no,no,cellular,may,41,1,1,failure,no
33,blue-collar,married,secondary,no,5955,yes,no,unknown,may,66,2,0,unknown,no
31,admin.,married,secondary,no,68,no,no,cellular,aug,351,2,1,success,yes
23,technician,single,secondary,no,4476,no,no,cellular,jun,197,1,0,unknown,no
50,services,single,primary,no,-111,yes,no,unknown,may,108,2,0,unknown,no
30,management,single,tertiary,no,655,no,no,cellular,nov,209,1,0,unknown,yes
59,technician,married,secondary,no,40,no,no,cellular,apr,153,2,3,failure,yes
40,admin.,married,secondary,no,-490,no,no,unknown,jun,250,2,0,unknown,no
31,management,single,tertiary,no,57,yes,no,cellular,sep,69,1,0,unknown,no
42,blue-collar,married,secondary,no,433,yes,no,cellular,feb,455,2,2,success,yes
60,management,married,tertiary,no,143,no,no,cellular,oct,103,2,0,unknown,yes
33,admin.,married,secondary,no,-386,yes,no,cellular,may,91,1,1,failure,no
49,services,married,secondary,no,6968,yes,no,cellular,jun,280,1,3,failure,yes
57,retired,married,primary,no,2040,no,no,cellular,jun,272,2,0,unknown,yes
26,student,single,secondary,no,82,no,no,cellular,may,226,2,0,unknown,yes
29,management,single,tertiary,no,336,yes,no,cellular,jul,164,2,0,unknown,no
60,admin.,divorced,secondary,no,749,no,no,cellular,nov,506,1,0,unknown,no
57,retired,married,tertiary,no,4225,no,yes,cellular,jul,254,5,0,unknown,no
34,services,married,secondary,no,1289,no,no,cellular,apr,421,1,0,unknown,yes
35,technician,divorced,secondary,no,11,no,no,cellular,aug,1216,3,0,unknown,yes
50,unemployed,married,secondary,no,3787,yes,no,unknown,may,903,3,0,unknown,yes
51,blue-collar,married,primary,no,1646,no,no,cellular,aug,186,2,0,unknown,no
40,entrepreneur,married,tertiary,no,385,yes,no,cellular,may,412,1,0,unknown,yes
37,self-employed,married,secondary,no,3265,no,no,cellular,aug,75,6,0,unknown,no
33,technician,married,secondary,no,842,no,no,cellular,nov,389,2,0,unknown,no
36,technician,married,secondary,no,767,no,no,cellular,oct,213,1,0,unknown,yes
29,blue-collar,married,secondary,no,-615,yes,no,unknown,jun,174,3,0,unknown,no
57,technician,married,tertiary,no,-148,no,no,cellular,aug,661,4,0,unknown,yes
53,retired,married,tertiary,no,2211,no,no,cellular,nov,1049,2,1,success,yes
25,technician,single,tertiary,no,-406,yes,no,cellular,may,656,1,0,unknown,yes
33,services,married,secondary,no,831,no,no,cellular,nov,175,2,0,unknown,no
38,admin.,single,secondary,no,2502,yes,no,cellular,nov,55,1,0,unknown,no
33,technician,single,tertiary,no,1037,no,no,cellular,jun,542,1,0,unknown,yes
50,management,married,tertiary,no,195,no,no,cellular,aug,251,6,0,unknown,no
32,management,married,tertiary,no,3492,no,no,unknown,may,334,3,0,unknown,no
32,blue-collar,married,secondary,no,235,yes,no,cellular,nov,1711,3,0,unknown,yes
41,admin.,single,secondary,no,646,no,yes,unknown,jun,608,4,0,unknown,yes
21,blue-collar,single,secondary,no,382,yes,no,cellular,may,647,2,0,unknown,yes
29,unemployed,single,tertiary,no,19,yes,no,cellular,may,176,1,0,unknown,no
38,management,married,tertiary,no,7053,no,no,cellular,sep,385,1,1,success,yes
74,retired,divorced,secondary,no,3924,no,no,cellular,oct,372,3,0,unknown,yes
27,entrepreneur,single,secondary,no,416,yes,no,cellular,feb,793,1,1,failure,yes
32,management,married,tertiary,no,345,no,no,cellular,aug,19,14,0,unknown,no
58,technician,married,secondary,no,643,yes,no,unknown,may,177,3,0,unknown,no
40,services,married,secondary,no,2608,no,no,unknown,jun,193,3,0,unknown,no
43,admin.,married,secondary,no,399,yes,no,unknown,may,143,2,0,unknown,no
27,technician,single,secondary,no,414,no,no,unknown,jul,22,1,0,unknown,yes
44,management,single,tertiary,no,2302,yes,no,unknown,may,730,1,0,unknown,yes
62,retired,divorced,primary,no,187,no,no,cellular,nov,434,2,0,unknown,yes
53,admin.,divorced,secondary,no,-362,yes,no,unknown,may,113,1,0,unknown,no
35,management,married,tertiary,no,14,no,no,cellular,feb,462,2,2,failure,yes
51,services,married,unknown,no,3427,no,no,cellular,aug,151,7,0,unknown,no
37,student,single,unknown,no,213,no,no,cellular,aug,780,1,0,unknown,no
46,admin.,married,secondary,no,3112,yes,no,telephone,nov,198,9,0,unknown,no
39,management,married,tertiary,no,132,no,no,cellular,feb,568,2,10,success,yes
25,blue-collar,single,secondary,no,-455,yes,no,cellular,jul,75,2,0,unknown,no
35,admin.,married,secondary,no,86,yes,no,cellular,may,1812,2,3,other,yes
57,blue-collar,married,primary,no,4884,yes,no,cellular,aug,612,6,0,unknown,yes
45,housemaid,married,secondary,no,154,no,no,cellular,nov,552,1,0,unknown,yes
52,management,divorced,tertiary,no,2719,no,no,cellular,nov,293,3,0,unknown,yes
51,self-employed,married,secondary,no,9,yes,yes,telephone,jul,82,1,0,unknown,no
55,technician,married,secondary,no,378,no,no,cellular,aug,118,2,0,unknown,no
39,technician,single,secondary,no,1051,yes,yes,cellular,apr,191,2,0,unknown,no
47,blue-collar,married,primary,no,4262,no,no,unknown,jun,85,3,0,unknown,no
30,technician,single,secondary,no,1280,yes,no,unknown,jun,117,2,0,unknown,no
60,retired,married,unknown,no,1074,no,no,unknown,jun,1186,1,0,unknown,yes
64,management,married,tertiary,no,3727,no,no,cellular,jan,131,1,1,success,yes
54,self-employed,single,tertiary,no,443,no,yes,cellular,may,203,1,0,unknown,yes
54,self-employed,single,tertiary,no,301,no,yes,cellular,may,192,1,0,unknown,yes
59,housemaid,divorced,tertiary,no,-112,no,no,cellular,apr,374,1,2,other,no
35,technician,married,tertiary,no,-403,yes,yes,cellular,may,336,4,0,unknown,no
42,admin.,married,secondary,no,164,no,yes,cellular,jul,507,1,0,unknown,no
47,admin.,single,secondary,no,3467,yes,no,cellular,jul,39,6,0,unknown,no
29,technician,single,tertiary,no,2272,yes,no,cellular,apr,38,1,1,failure,no
38,technician,single,tertiary,no,-110,yes,no,cellular,jun,254,2,0,unknown,yes
38,admin.,divorced,secondary,no,516,yes,yes,cellular,aug,94,1,0,unknown,no
36,self-employed,single,tertiary,no,4796,no,no,unknown,jun,1076,3,0,unknown,yes
32,services,married,secondary,no,560,yes,no,cellular,apr,313,2,2,failure,no
60,retired,married,tertiary,no,2603,yes,no,cellular,aug,155,3,1,success,yes
45,technician,married,secondary,no,3331,no,yes,cellular,jun,160,2,1,success,yes
77,retired,married,primary,no,2210,no,no,telephone,aug,366,2,1,success,no
29,management,single,tertiary,no,1228,no,no,cellular,jan,256,2,0,unknown,no
44,management,married,tertiary,no,455,no,no,cellular,apr,583,1,0,unknown,yes
39,technician,married,secondary,no,-7,yes,no,unknown,may,205,1,0,unknown,no
37,admin.,married,secondary,no,-128,no,yes,cellular,jul,111,8,0,unknown,no
52,unemployed,married,primary,no,1429,no,no,cellular,jan,82,1,0,unknown,no
37,entrepreneur,married,tertiary,no,154,yes,no,unknown,jun,222,1,0,unknown,no
53,management,married,secondary,no,2618,no,no,cellular,nov,135,1,0,unknown,no
33,management,single,tertiary,no,501,no,no,telephone,aug,584,6,0,unknown,yes
57,blue-collar,married,primary,no,2879,no,no,cellular,jun,299,1,4,success,yes
33,services,single,secondary,no,38,yes,no,cellular,may,2,8,7,other,no
39,management,single,tertiary,no,3830,yes,no,cellular,aug,341,2,0,unknown,yes
34,blue-collar,married,primary,no,321,yes,no,cellular,apr,951,1,1,failure,yes
41,management,married,tertiary,no,134,yes,yes,unknown,may,143,3,0,unknown,no
38,blue-collar,married,secondary,no,-9,yes,no,unknown,jun,247,1,0,unknown,no
53,services,divorced,primary,no,-503,yes,yes,unknown,may,617,1,0,unknown,yes
28,services,married,secondary,no,340,yes,no,unknown,may,107,23,0,unknown,no
30,admin.,single,secondary,no,-113,no,no,cellular,jan,35,2,0,unknown,no
35,services,married,secondary,no,3084,no,yes,cellular,jun,254,1,2,success,yes
40,management,single,secondary,no,10241,yes,no,cellular,nov,523,3,0,unknown,no
40,blue-collar,single,primary,no,1626,no,yes,unknown,jun,110,1,0,unknown,no
75,retired,divorced,primary,no,2561,no,no,cellular,oct,109,2,0,unknown,yes
53,management,married,tertiary,no,-49,no,no,cellular,aug,881,2,0,unknown,yes
33,technician,married,secondary,no,646,yes,no,cellular,may,263,2,1,success,no
27,blue-collar,married,primary,no,-353,no,yes,unknown,jun,432,6,0,unknown,yes
43,admin.,married,secondary,no,258,no,no,cellular,may,190,2,1,success,yes
32,management,married,tertiary,no,1005,no,no,cellular,jul,320,1,0,unknown,yes
24,services,single,secondary,yes,19,yes,no,unknown,may,1013,1,0,unknown,yes
60,retired,married,secondary,no,556,no,no,cellular,aug,212,3,0,unknown,yes
41,admin.,divorced,secondary,no,-368,yes,no,cellular,jul,147,3,0,unknown,no
33,management,married,tertiary,no,450,no,no,cellular,jul,84,2,0,unknown,no
34,management,single,tertiary,no,760,no,no,cellular,feb,736,1,2,success,yes
31,services,single,secondary,no,202,yes,no,cellular,may,116,2,0,unknown,no
33,technician,married,secondary,no,865,no,no,cellular,may,394,1,0,unknown,yes
30,management,single,tertiary,no,-14,no,no,cellular,mar,267,1,0,unknown,no
31,admin.,married,secondary,no,1120,yes,yes,unknown,may,395,2,0,unknown,yes
33,services,single,secondary,no,3,yes,no,unknown,may,174,1,0,unknown,no
38,technician,single,secondary,no,-193,yes,no,cellular,aug,1132,6,0,unknown,yes
72,retired,married,secondary,no,5933,no,no,cellular,may,1102,1,2,success,yes
29,blue-collar,married,secondary,no,495,yes,no,cellular,may,888,4,0,unknown,yes
47,management,divorced,tertiary,no,255,no,no,cellular,dec,354,2,0,unknown,yes
67,retired,married,tertiary,no,2895,no,no,cellular,aug,673,1,7,success,yes
25,management,single,tertiary,no,530,no,no,cellular,sep,1288,1,0,unknown,yes
42,blue-collar,married,primary,no,418,yes,yes,telephone,jul,99,10,0,unknown,no
48,technician,married,secondary,no,23310,no,no,cellular,aug,58,8,0,unknown,no
30,admin.,married,secondary,no,498,no,no,cellular,apr,101,1,0,unknown,no
26,student,single,secondary,no,5217,no,no,cellular,mar,226,1,1,failure,yes
39,services,married,secondary,no,113,yes,no,unknown,jun,122,1,0,unknown,no
28,blue-collar,single,secondary,no,488,no,no,cellular,aug,261,3,4,success,yes
74,retired,married,primary,no,311,no,no,telephone,aug,578,2,0,unknown,yes
51,blue-collar,married,primary,no,21231,no,no,cellular,aug,43,20,0,unknown,no
74,retired,married,secondary,no,3630,no,no,telephone,apr,166,1,0,unknown,no
55,self-employed,married,tertiary,no,956,no,no,cellular,jun,246,2,0,unknown,yes
24,student,single,secondary,no,1235,no,no,cellular,jul,584,1,0,unknown,yes
35,management,single,tertiary,no,48,no,no,cellular,aug,387,2,0,unknown,yes
41,blue-collar,married,primary,no,69,yes,yes,unknown,may,230,1,0,unknown,no
37,services,married,secondary,no,1124,no,no,cellular,jul,638,2,1,success,yes
35,blue-collar,married,primary,no,907,yes,no,unknown,may,1376,8,0,unknown,yes
37,management,married,tertiary,no,-13,no,no,cellular,aug,329,2,1,other,no
31,technician,married,tertiary,no,48,no,no,cellular,may,224,1,1,failure,no
42,technician,divorced,secondary,no,-42,yes,yes,cellular,jul,11,23,0,unknown,no
32,management,married,tertiary,no,4173,yes,no,cellular,nov,330,3,9,other,yes
32,management,single,tertiary,no,-209,yes,yes,cellular,may,389,1,0,unknown,no
25,admin.,single,secondary,no,397,no,yes,cellular,apr,134,2,0,unknown,yes
34,blue-collar,married,primary,no,242,yes,no,cellular,may,1050,6,1,other,yes
47,admin.,married,tertiary,no,2436,no,no,cellular,sep,240,1,8,success,yes
35,management,divorced,tertiary,no,192,no,no,cellular,aug,707,2,0,unknown,yes
32,management,single,tertiary,no,2597,yes,no,cellular,nov,285,1,0,unknown,no
32,services,married,secondary,no,25,yes,yes,cellular,nov,1464,1,0,unknown,yes
33,admin.,single,secondary,no,478,yes,no,cellular,sep,328,1,0,unknown,yes
28,admin.,single,tertiary,no,319,yes,no,cellular,feb,142,1,0,unknown,no
51,management,single,tertiary,no,1105,yes,no,cellular,nov,97,1,0,unknown,no
33,blue-collar,married,secondary,no,-407,yes,no,cellular,apr,1010,3,0,unknown,yes
49,blue-collar,married,primary,no,-330,yes,no,cellular,may,874,3,0,unknown,yes
38,technician,married,secondary,no,2822,yes,no,cellular,nov,727,2,0,unknown,no
29,blue-collar,single,secondary,no,787,yes,no,unknown,jun,1673,1,0,unknown,yes
26,management,single,tertiary,no,105,yes,no,cellular,may,469,1,0,unknown,yes
41,blue-collar,married,secondary,no,59,yes,no,unknown,may,502,1,0,unknown,no
52,services,married,unknown,no,606,yes,yes,cellular,jul,82,7,0,unknown,no
34,management,married,tertiary,no,192,yes,no,cellular,aug,240,1,2,success,yes
35,admin.,single,secondary,no,-1,yes,no,unknown,jun,121,1,0,unknown,no
30,technician,single,secondary,no,172,yes,no,cellular,may,268,1,0,unknown,no
26,student,single,unknown,no,2645,no,no,cellular,apr,118,1,2,failure,no
48,technician,single,secondary,no,-368,yes,yes,cellular,nov,441,1,0,unknown,yes
51,services,divorced,secondary,no,193,no,yes,cellular,jul,884,1,0,unknown,yes
49,services,married,tertiary,no,343,no,no,telephone,may,2,6,0,unknown,no
31,technician,single,secondary,no,226,no,no,cellular,aug,355,5,0,unknown,no
40,management,married,tertiary,no,37,yes,no,cellular,feb,275,1,0,unknown,no
61,retired,married,tertiary,no,2440,yes,no,cellular,nov,403,1,8,success,yes
23,student,single,secondary,no,9184,no,no,cellular,jun,489,2,0,unknown,no
42,blue-collar,married,primary,no,1060,yes,no,unknown,may,162,1,0,unknown,no
59,retired,married,primary,no,198,yes,no,unknown,may,49,2,0,unknown,no
71,retired,married,primary,no,2281,no,no,cellular,feb,710,1,5,failure,yes
34,admin.,married,secondary,no,152,yes,no,unknown,may,577,1,0,unknown,yes
52,blue-collar,married,secondary,no,5818,yes,no,telephone,may,269,2,0,unknown,no
22,student,single,secondary,no,2455,no,no,cellular,oct,171,1,0,unknown,yes
36,services,married,secondary,no,-169,yes,no,cellular,jul,332,4,0,unknown,no
56,admin.,married,unknown,no,2345,no,no,cellular,apr,416,1,0,unknown,yes
53,unemployed,single,secondary,no,3503,yes,no,cellular,feb,92,1,0,unknown,no
28,blue-collar,married,secondary,no,776,yes,no,unknown,may,260,1,0,unknown,no
53,admin.,married,secondary,no,190,no,no,telephone,jun,268,1,0,unknown,yes
48,management,single,tertiary,no,-141,no,no,cellular,feb,314,1,0,unknown,no
32,blue-collar,single,tertiary,no,514,no,no,telephone,nov,540,2,0,unknown,yes
42,management,married,tertiary,no,34,yes,no,cellular,apr,133,2,3,failure,no
32,management,single,tertiary,no,1780,no,no,cellular,oct,599,2,1,success,yes
75,retired,married,tertiary,no,6298,no,no,cellular,may,792,1,4,success,yes
38,self-employed,single,tertiary,no,1142,no,no,cellular,jun,306,1,0,unknown,yes
34,blue-collar,married,secondary,yes,-891,yes,yes,cellular,jul,121,2,0,unknown,no
27,student,single,secondary,no,235,no,no,cellular,mar,362,1,0,unknown,yes
27,management,single,tertiary,no,-548,yes,no,unknown,jun,309,2,0,unknown,no
58,management,divorced,tertiary,no,5695,no,no,cellular,apr,358,1,1,success,yes
51,blue-collar,married,primary,no,848,yes,no,unknown,may,195,3,0,unknown,no
36,admin.,married,tertiary,no,3318,no,no,cellular,may,364,11,0,unknown,yes
40,management,married,tertiary,no,159,no,no,cellular,aug,47,4,0,unknown,no
39,management,single,tertiary,no,-214,yes,no,cellular,feb,247,3,0,unknown,yes
37,services,married,secondary,no,4040,yes,yes,cellular,jul,541,4,0,unknown,yes
30,management,single,tertiary,no,-234,yes,no,cellular,aug,118,4,0,unknown,no
55,blue-collar,married,primary,no,-27,no,no,unknown,jun,146,2,0,unknown,no
26,blue-collar,married,secondary,no,337,yes,no,unknown,may,1152,3,0,unknown,yes
35,management,single,tertiary,no,1060,no,no,cellular,apr,580,2,8,success,yes
32,entrepreneur,married,secondary,no,-615,yes,yes,cellular,jul,734,1,0,unknown,yes
38,technician,married,secondary,no,58,no,yes,cellular,nov,322,2,2,failure,no
36,blue-collar,married,primary,no,791,yes,no,unknown,may,1304,8,0,unknown,yes
59,retired,married,secondary,no,557,no,no,cellular,mar,309,2,2,failure,yes
41,technician,married,secondary,no,2328,yes,no,unknown,may,114,2,0,unknown,no
47,admin.,single,secondary,no,3968,no,no,cellular,jan,751,4,0,unknown,yes
38,admin.,married,secondary,no,55,no,no,cellular,aug,47,2,0,unknown,no
29,management,single,tertiary,no,1439,no,no,cellular,apr,335,2,2,success,yes
42,admin.,single,secondary,no,1304,yes,no,cellular,sep,383,3,5,other,yes
54,management,married,primary,no,2496,no,no,cellular,jun,252,2,0,unknown,yes
29,blue-collar,married,secondary,no,120,yes,no,cellular,jul,241,1,0,unknown,yes
37,blue-collar,married,secondary,no,1080,yes,no,telephone,oct,167,1,0,unknown,yes
28,student,single,secondary,no,-124,no,no,cellular,jan,221,2,0,unknown,no
55,entrepreneur,married,secondary,no,728,no,yes,cellular,jul,59,12,0,unknown,no
45,blue-collar,married,secondary,no,-182,yes,no,unknown,may,771,4,0,unknown,yes
39,technician,married,secondary,no,-12,no,no,cellular,aug,1842,2,0,unknown,yes
22,admin.,single,secondary,no,540,no,no,cellular,may,211,1,0,unknown,yes
36,management,divorced,tertiary,no,117,no,no,cellular,apr,92,2,0,unknown,yes
37,admin.,divorced,tertiary,no,-116,no,no,cellular,jul,228,1,0,unknown,no
38,management,single,secondary,no,2450,no,no,cellular,aug,187,7,0,unknown,no
31,management,single,tertiary,no,7181,yes,no,cellular,may,390,1,0,unknown,yes
36,services,single,secondary,no,-47,yes,no,cellular,may,996,4,0,unknown,yes
44,retired,divorced,secondary,no,1804,no,yes,unknown,jun,302,1,0,unknown,no
26,services,single,secondary,no,525,yes,no,cellular,jul,300,2,0,unknown,no
34,technician,single,tertiary,no,741,no,no,cellular,apr,257,4,2,success,yes
52,technician,married,secondary,no,-15,no,no,cellular,aug,207,4,0,unknown,no
50,housemaid,married,primary,no,5101,no,no,cellular,nov,60,7,0,unknown,no
55,retired,married,primary,no,147,yes,no,cellular,apr,342,1,2,failure,no
64,retired,divorced,primary,no,55,no,no,cellular,jun,703,1,2,success,yes
63,technician,married,secondary,no,900,no,no,cellular,feb,342,1,1,success,yes
21,student,single,secondary,no,811,no,no,cellular,feb,164,3,2,success,yes
32,technician,married,tertiary,no,470,yes,no,cellular,aug,407,1,4,success,yes
65,self-employed,married,tertiary,no,22,no,no,telephone,jan,427,1,0,unknown,yes
48,blue-collar,married,secondary,no,140,yes,yes,cellular,jun,123,2,1,success,no
33,services,single,secondary,no,2996,no,no,cellular,may,268,1,1,success,yes
33,technician,married,secondary,no,1305,no,no,telephone,nov,47,1,0,unknown,no
35,management,married,tertiary,no,35,no,no,cellular,aug,522,4,0,unknown,yes
26,services,married,secondary,no,-281,yes,no,cellular,may,620,1,4,failure,yes
44,services,married,secondary,no,635,no,yes,cellular,jul,209,5,0,unknown,no
36,management,married,tertiary,no,2652,no,no,cellular,jul,289,1,0,unknown,no
27,technician,single,tertiary,no,1063,no,no,cellular,apr,191,1,0,unknown,yes
54,management,divorced,tertiary,no,375,yes,no,unknown,may,813,4,0,unknown,yes
32,admin.,married,secondary,no,19662,no,no,cellular,apr,225,1,0,unknown,no
36,management,single,tertiary,no,881,no,no,unknown,sep,5,1,2,success,no
48,management,married,tertiary,no,1082,no,no,cellular,aug,401,1,2,success,yes
31,housemaid,single,tertiary,no,579,no,no,telephone,jan,35,1,0,unknown,no
35,admin.,single,secondary,no,660,no,no,cellular,jul,153,1,3,other,yes
42,technician,married,secondary,no,211,no,no,cellular,jul,336,2,0,unknown,no
27,blue-collar,single,secondary,no,151,yes,no,cellular,may,163,4,0,unknown,no
37,blue-collar,married,primary,no,3551,yes,no,unknown,may,449,1,0,unknown,no
42,technician,single,tertiary,no,1722,yes,no,cellular,aug,191,3,8,success,yes
31,management,divorced,tertiary,no,188,no,yes,cellular,aug,128,6,0,unknown,no
31,unemployed,married,secondary,no,379,yes,no,cellular,nov,1361,3,7,failure,yes
37,admin.,single,secondary,no,719,yes,no,cellular,apr,372,1,1,failure,no
30,unemployed,married,tertiary,no,1,yes,no,cellular,nov,750,1,0,unknown,no
23,student,single,secondary,no,549,no,no,cellular,feb,732,2,1,failure,yes
25,student,single,secondary,no,3052,no,no,cellular,jan,147,2,0,unknown,yes
59,entrepreneur,married,primary,no,-292,no,no,unknown,jun,249,1,0,unknown,no
37,management,single,tertiary,no,204,yes,no,cellular,may,612,3,0,unknown,yes
76,retired,married,secondary,no,3878,no,no,telephone,jan,1629,1,2,success,yes
51,entrepreneur,divorced,tertiary,no,300,no,no,cellular,jul,271,5,0,unknown,no
45,services,divorced,secondary,no,-269,no,no,unknown,jun,1021,3,0,unknown,yes
32,blue-collar,single,secondary,no,951,yes,no,cellular,apr,459,1,2,other,no
57,retired,married,secondary,no,5131,no,no,cellular,dec,289,2,1,success,yes
56,housemaid,single,tertiary,no,2072,no,no,unknown,mar,119,1,0,unknown,yes
40,self-employed,single,tertiary,no,1172,no,no,cellular,may,248,3,0,unknown,yes
37,technician,married,secondary,no,3864,yes,no,cellular,jan,550,1,0,unknown,no
49,unknown,single,unknown,no,1675,no,no,cellular,sep,1414,1,1,failure,yes
28,management,married,tertiary,no,244,no,yes,cellular,apr,83,1,0,unknown,no
32,management,single,tertiary,no,753,yes,no,cellular,apr,122,2,0,unknown,yes
43,blue-collar,married,secondary,no,-152,no,no,cellular,jul,670,2,0,unknown,yes
46,blue-collar,divorced,primary,no,-546,yes,no,unknown,may,1046,1,0,unknown,yes
37,admin.,single,secondary,no,81,yes,no,cellular,may,34,2,5,failure,no
41,technician,divorced,secondary,no,148,yes,no,unknown,may,458,2,0,unknown,no
37,management,married,secondary,no,430,no,no,cellular,aug,180,1,3,failure,yes
35,services,single,primary,no,-53,no,no,unknown,jun,319,4,0,unknown,no
30,management,married,tertiary,no,1543,no,no,cellular,aug,200,4,0,unknown,no
42,technician,married,secondary,no,1134,yes,no,cellular,may,386,5,0,unknown,no
35,management,single,tertiary,no,903,yes,no,cellular,mar,115,1,0,unknown,yes
33,blue-collar,married,secondary,no,-221,yes,no,unknown,may,146,1,0,unknown,no
39,blue-collar,married,secondary,no,934,yes,yes,cellular,may,172,1,0,unknown,no
24,services,single,secondary,no,1645,yes,yes,cellular,may,94,2,0,unknown,no
36,management,divorced,tertiary,yes,-175,no,no,cellular,aug,833,4,0,unknown,yes
25,unemployed,single,secondary,no,827,no,no,cellular,feb,188,1,0,unknown,yes
52,management,single,tertiary,no,155,yes,no,cellular,may,453,4,1,failure,yes
45,technician,married,secondary,no,5251,no,no,cellular,aug,61,2,0,unknown,no
36,blue-collar,married,primary,no,195,no,no,cellular,feb,184,2,0,unknown,no
31,services,married,secondary,no,803,no,no,cellular,jul,770,3,0,unknown,no
38,blue-collar,married,primary,no,74,yes,no,cellular,may,807,2,0,unknown,no
31,blue-collar,divorced,primary,no,-76,yes,no,unknown,may,145,1,0,unknown,no
35,blue-collar,single,secondary,no,427,no,no,cellular,mar,317,3,0,unknown,yes
27,services,single,secondary,no,1624,yes,no,cellular,jul,1055,1,0,unknown,yes
39,management,married,tertiary,no,3450,no,no,cellular,nov,678,4,0,unknown,yes
66,retired,married,tertiary,no,-189,no,no,cellular,aug,601,1,0,unknown,yes
36,services,married,secondary,no,7,yes,yes,cellular,jul,201,4,0,unknown,no
39,management,married,tertiary,no,289,yes,no,unknown,may,975,3,0,unknown,no
64,retired,married,secondary,no,20946,no,no,telephone,apr,515,2,0,unknown,yes
38,management,married,secondary,no,3725,yes,yes,cellular,nov,62,1,0,unknown,no
34,technician,married,tertiary,no,23,no,no,cellular,jun,119,1,0,unknown,yes
40,blue-collar,single,primary,no,1668,no,yes,unknown,jun,111,1,0,unknown,no
32,technician,single,secondary,no,166,no,no,cellular,aug,581,4,0,unknown,yes
53,management,single,tertiary,no,1229,yes,no,unknown,may,530,2,0,unknown,no
74,retired,married,tertiary,no,2875,no,no,cellular,apr,231,1,0,unknown,yes
32,services,divorced,tertiary,no,501,yes,no,unknown,may,90,2,0,unknown,no
51,self-employed,single,secondary,no,-45,no,no,cellular,oct,1708,2,0,unknown,yes
44,self-employed,married,secondary,no,14395,yes,no,cellular,nov,528,1,0,unknown,yes
39,retired,single,secondary,no,1911,yes,no,unknown,jun,95,4,0,unknown,no
52,management,married,tertiary,no,7141,no,no,unknown,jun,78,3,0,unknown,no
38,technician,married,secondary,no,-94,no,no,cellular,jul,634,1,0,unknown,yes
51,technician,married,secondary,no,69,no,no,cellular,aug,106,2,0,unknown,no
49,management,divorced,tertiary,no,17892,yes,no,cellular,sep,130,1,5,success,yes
49,blue-collar,married,secondary,no,702,yes,no,cellular,may,225,6,0,unknown,no
31,services,married,secondary,no,201,yes,no,unknown,jun,115,2,0,unknown,no
37,services,married,secondary,no,4,yes,no,cellular,jul,316,4,0,unknown,no
41,technician,married,tertiary,no,151,no,no,cellular,aug,35,3,0,unknown,no
29,services,married,secondary,no,140,yes,no,cellular,jul,327,6,0,unknown,no
47,blue-collar,married,secondary,no,1086,yes,no,telephone,may,442,5,2,success,yes
31,management,married,tertiary,no,165,no,no,cellular,jan,299,1,0,unknown,no
54,self-employed,married,primary,no,1306,no,no,unknown,jun,52,1,0,unknown,no
41,admin.,divorced,secondary,no,259,yes,no,cellular,may,206,2,0,unknown,no
28,student,single,secondary,no,294,yes,no,cellular,may,55,1,0,unknown,no
30,services,married,secondary,no,492,yes,no,unknown,may,354,1,0,unknown,no
38,technician,married,secondary,no,-291,no,no,cellular,feb,159,1,0,unknown,no
42,blue-collar,married,secondary,no,2250,no,no,cellular,jun,154,1,0,unknown,yes
46,management,married,secondary,no,-309,no,no,unknown,jun,162,1,0,unknown,no
23,student,single,secondary,no,299,no,no,telephone,may,304,8,0,unknown,yes
41,services,married,secondary,no,1836,yes,no,cellular,may,737,2,0,unknown,yes
27,management,single,tertiary,no,-243,yes,no,cellular,may,475,1,0,unknown,yes
43,blue-collar,married,primary,no,67,yes,no,cellular,jul,91,2,0,unknown,no
27,services,single,secondary,no,2364,yes,no,unknown,may,99,4,0,unknown,no
36,blue-collar,married,primary,no,222,no,yes,telephone,jul,338,4,0,unknown,no
39,unemployed,married,primary,no,6970,yes,no,cellular,jan,682,1,2,success,yes
25,student,single,unknown,no,481,no,no,cellular,sep,151,1,0,unknown,yes
53,services,married,secondary,no,1001,yes,no,cellular,jan,349,1,2,success,yes
35,admin.,married,secondary,no,2152,yes,yes,telephone,jul,83,1,0,unknown,no
39,technician,divorced,secondary,no,1390,yes,no,unknown,may,244,4,0,unknown,no
33,admin.,single,secondary,no,431,yes,no,cellular,jan,75,1,2,failure,no
35,unemployed,single,tertiary,no,307,no,no,cellular,may,172,2,2,success,yes
58,technician,married,secondary,no,1325,yes,no,cellular,aug,107,3,0,unknown,no
56,management,divorced,tertiary,no,455,yes,no,cellular,may,161,2,0,unknown,no
28,blue-collar,single,secondary,no,4066,yes,no,cellular,may,123,2,0,unknown,no
37,self-employed,married,primary,no,7,no,no,unknown,may,117,4,0,unknown,no
63,management,married,secondary,no,957,no,no,cellular,sep,214,1,3,other,yes
37,admin.,married,secondary,no,1195,yes,no,telephone,jul,848,11,0,unknown,yes
62,management,married,secondary,no,4509,yes,no,cellular,mar,194,1,0,unknown,yes
33,technician,married,secondary,no,-107,no,no,cellular,aug,570,1,3,failure,yes
25,blue-collar,single,secondary,no,1861,yes,no,cellular,apr,245,4,6,success,yes
54,self-employed,married,secondary,no,96,yes,no,telephone,jul,255,8,0,unknown,no
57,unemployed,married,secondary,no,847,no,no,cellular,feb,353,4,0,unknown,no
30,technician,single,secondary,no,239,yes,no,unknown,may,163,2,0,unknown,no
36,admin.,married,tertiary,no,377,yes,yes,cellular,oct,159,1,0,unknown,no
39,management,married,tertiary,no,-378,yes,yes,cellular,aug,96,2,0,unknown,no
52,admin.,married,secondary,no,-699,yes,no,cellular,feb,155,5,0,unknown,no
32,management,single,tertiary,no,3708,no,no,cellular,mar,251,3,3,success,yes
34,technician,married,secondary,no,1247,no,no,cellular,may,333,1,2,other,yes
52,management,married,tertiary,no,465,no,no,cellular,apr,370,1,1,failure,yes
45,technician,married,secondary,no,225,yes,no,cellular,dec,341,1,0,unknown,yes
47,technician,divorced,secondary,no,917,no,no,cellular,jun,66,3,0,unknown,no
48,admin.,divorced,secondary,no,1661,no,yes,cellular,aug,209,1,0,unknown,yes
50,technician,divorced,unknown,no,2872,no,no,cellular,aug,1313,2,0,unknown,yes
51,technician,married,secondary,no,197,yes,no,cellular,may,257,1,4,failure,no
